tf,site,n_paired,primary_mean,metastasis_mean,delta,pvalue
AEBP1,Brain,8,2.030894756799463,2.074949980061824,0.04405522326236064,0.84375
AEBP1,Chest,5,1.8979967513878453,2.2171825454563865,0.3191857940685409,0.1875
AEBP1,Liver,12,1.7366629147452617,2.041427821370423,0.3047649066251615,0.02099609375
AEBP1,Lung,6,1.737647797203665,1.9295132739466319,0.1918654767429672,0.0625
AEBP1,Lymph node,7,1.81495138884212,1.9894684171429315,0.17451702830081148,0.21875
AEBP1,Skin,3,1.9793855515869436,1.8919494766275964,-0.08743607495934709,1.0
AEBP1,Soft tissue,3,2.044370188942887,1.8890391103142117,-0.155331078628675,0.75
ASXL1,Brain,8,1.998896909641791,1.4976633409462126,-0.5012335686955784,0.015625
ASXL1,Chest,5,1.8160577998364378,1.5686477408985262,-0.2474100589379115,0.3125
ASXL1,Liver,12,1.680099378512938,1.5915428353224608,-0.08855654319047733,1.0
ASXL1,Lung,6,1.91974235555326,1.8898389228604004,-0.029903432692859666,0.84375
ASXL1,Lymph node,7,1.895095136685395,2.1534773680807744,0.25838223139537964,0.21875
ASXL1,Skin,3,1.585139794170938,2.2654503805865893,0.6803105864156511,0.5
ASXL1,Soft tissue,3,1.5573142474899264,1.7521812535393257,0.19486700604939933,1.0
BCOR,Brain,8,1.2992067180933962,1.458828640352136,0.15962192225873992,0.3828125
BCOR,Chest,5,1.1417844269077788,0.9169097992077846,-0.22487462769999428,0.0625
BCOR,Liver,12,1.034358928370646,1.498472540491367,0.464113612120721,0.01611328125
BCOR,Lung,6,1.1693382068215843,1.0695494690011225,-0.09978873782046181,0.84375
BCOR,Lymph node,7,1.2166243900678277,1.1112478777478627,-0.10537651231996505,0.578125
BCOR,Skin,3,1.0742973903148958,1.2005708605460903,0.12627347023119465,1.0
BCOR,Soft tissue,3,1.021354543923256,0.938372804573722,-0.08298173934953419,0.75
CREB3L1,Brain,8,0.535887202530762,1.038450485751373,0.502563283220611,0.0234375
CREB3L1,Chest,5,0.32740077002258355,0.6328814521513035,0.30548068212872,0.1875
CREB3L1,Liver,12,0.34276632275829094,0.8009826269859607,0.45821630422766974,0.00341796875
CREB3L1,Lung,6,0.28942063935019696,0.5786196150539135,0.2891989757037165,0.15625
CREB3L1,Lymph node,7,0.1698184330732204,0.6573684245622265,0.4875499914890062,0.078125
CREB3L1,Skin,3,3.595954156398092e-05,0.33215654522959365,0.33212058568802966,0.5
CREB3L1,Soft tissue,3,0.07341839930075733,0.6820247397552524,0.6086063404544951,0.25
HIVEP1,Brain,8,1.2376476815914765,1.1434837003968372,-0.09416398119463942,0.640625
HIVEP1,Chest,5,1.1132518722446494,1.0996618989988138,-0.01358997324583544,0.8125
HIVEP1,Liver,12,1.016252285304953,1.6443360726751841,0.6280837873702315,0.02099609375
HIVEP1,Lung,6,1.176455383120671,1.2745437296258741,0.09808834650520319,0.84375
HIVEP1,Lymph node,7,0.9213584652360953,1.0420037566747493,0.12064529143865386,0.578125
HIVEP1,Skin,3,0.929242561758057,0.8578947856919513,-0.07134777606610565,1.0
HIVEP1,Soft tissue,3,0.8334434534510266,0.6991042102094651,-0.1343392432415615,0.5
IRX1,Brain,8,0.5761637405797541,0.11168033189365013,-0.46448340868610394,0.0390625
IRX1,Chest,5,0.5416412327696051,0.5966002840011956,0.05495905123159043,0.8125
IRX1,Liver,12,0.40052613282400656,0.5675691266057693,0.16704299378176268,0.38037109375
IRX1,Lung,6,0.5216571697872209,0.5238577182930871,0.0022005485058662435,1.0
IRX1,Lymph node,7,0.7091030908927386,0.6225303499425185,-0.08657274095022012,0.8125
IRX1,Skin,3,0.48540423492748097,0.7217160880394151,0.23631185311193406,0.5
IRX1,Soft tissue,3,0.4130582602897986,0.6704298694507441,0.25737160916094554,0.25
KLF8,Brain,8,3.650285847419779,3.002608757248979,-0.6476770901708002,0.0078125
KLF8,Chest,5,3.4598276710301286,3.2692745904645557,-0.19055308056557302,0.1875
KLF8,Liver,12,3.3925252963066885,3.1301266812000623,-0.2623986151066267,0.01611328125
KLF8,Lung,6,3.3895466947457886,3.136877419865789,-0.2526692748799994,0.0625
KLF8,Lymph node,7,3.3836622880315863,3.3395876493061243,-0.04407463872546228,0.8125
KLF8,Skin,3,3.4879848009097447,3.4659954688297403,-0.02198933208000516,0.75
KLF8,Soft tissue,3,3.598145986523289,3.3398221864420723,-0.2583238000812165,0.75
MZF1,Brain,8,3.3309969901188268,3.4946022535337846,0.16360526341495774,0.3125
MZF1,Chest,5,3.040679180889888,3.0006577664315337,-0.04002141445835372,0.8125
MZF1,Liver,12,3.069898221982566,3.271575334877852,0.20167711289528534,0.0771484375
MZF1,Lung,6,3.110782763869248,3.111537112348568,0.0007543484793199143,1.0
MZF1,Lymph node,7,3.0696290866569815,3.2309420289892805,0.16131294233229956,0.375
MZF1,Skin,3,2.948966426480478,3.1612007784356906,0.21223435195521256,0.5
MZF1,Soft tissue,3,3.120326784581407,2.949433652500499,-0.1708931320809075,0.75
REL,Brain,8,9.24347152124274,7.684938726034423,-1.5585327952083161,0.0390625
REL,Chest,5,9.253538769997474,8.943103039581008,-0.3104357304164667,0.8125
REL,Liver,12,8.374907409461622,8.250296453972174,-0.12461095548944678,0.85009765625
REL,Lung,6,8.633717059772872,8.863600700410935,0.22988364063806235,0.5625
REL,Lymph node,7,8.903284030864546,9.048605049598567,0.14532101873402148,0.46875
REL,Skin,3,8.662581989197959,9.356392962384275,0.693810973186315,0.75
REL,Soft tissue,3,8.829270121752579,9.098444001087207,0.26917387933462766,0.75
SPDEF,Brain,8,1.911176560838145,2.54465320076139,0.6334766399232452,0.0078125
SPDEF,Chest,5,1.6737757969935145,1.4172384620069678,-0.25653733498654696,0.125
SPDEF,Liver,12,1.6643901924711528,2.662537439332882,0.9981472468617293,0.00146484375
SPDEF,Lung,6,1.456361868955528,1.752924582291432,0.296562713335904,0.5625
SPDEF,Lymph node,7,1.5888420232652563,1.9183062867470626,0.3294642634818062,0.296875
SPDEF,Skin,3,1.953524719672277,1.5850386453445136,-0.36848607432776315,0.25
SPDEF,Soft tissue,3,1.8418547185792387,1.469538913930421,-0.3723158046488178,0.5
