drug,pvalue,padj
vindesine,1.7342557765166776e-08,2.5094681086196326e-05
vinblastine,2.0111692259136195e-07,0.00011740604305147683
terconazole,2.4341266700375296e-07,0.00011740604305147683
cpp,5.081456101360231e-07,0.00018382167446670636
riluzole,1.1268443728211038e-06,0.000280097312583783
sid-7969543,1.1614263134089137e-06,0.000280097312583783
afatinib,1.4970381462482015e-06,0.0003094591710887354
phenelzine,1.960502808087815e-06,0.00035460594541288353
tame,3.212692519296863e-06,0.00051652956393584
digoxin,4.218926455179098e-06,0.0006104786580644154
podophyllotoxin,5.0307330279200044e-06,0.0006617700628545678
gw-842166,5.515524320667262e-06,0.0006650803076671273
m-344,6.658764408275322e-06,0.0007411716999057224
indibulin,1.0707888409757201e-05,0.0010706309461150753
iproniazid,1.1098454866431326e-05,0.0010706309461150753
sulfabenzamide,1.3858907367610144e-05,0.00121854466500263
riociguat,1.4316005048406849e-05,0.00121854466500263
temazepam,1.751191053646581e-05,0.0014077630303481127
flubendazole,2.2323145586110316e-05,0.001584886469703593
lestaurtinib,2.247182266259798e-05,0.001584886469703593
bephenium-hydroxynaphthoate,2.3001116699222845e-05,0.001584886469703593
bis(maltolato)oxovanadium(iv),3.118346360983289e-05,0.002051021447428554
bms-387032,3.968250105700529e-05,0.002496546914325507
sch-58261,4.848889025806785e-05,0.002886293777856533
azd6482,4.9866858636083844e-05,0.002886293777856533
aphidicolin,6.42459362137608e-05,0.003575533450050457
trequinsin,7.662499395030718e-05,0.0041065320831886855
lapatinib,8.931837984715085e-05,0.00461584627281526
zardaverine,0.00010493899551942136,0.005236094017813887
parbendazole,0.00011971369257750592,0.005653340918936273
eptifibatide,0.00012111511298343086,0.005653340918936273
dapivirine,0.0001444087936678899,0.006529985138669896
bnc105,0.00015101213235547801,0.006621653197526567
clobutinol,0.0001556257150785105,0.006623247344664845
bms-599626,0.00016973572135024794,0.0070173596798231075
erlotinib,0.0001865896701452104,0.0072581690368646225
bi-d1870,0.00018805113611924666,0.0072581690368646225
alectinib,0.00019510577985907757,0.0072581690368646225
ixabepilone,0.00019562445918294423,0.0072581690368646225
sdz-wag-994,0.00022219459085218252,0.007868017903091122
nvp-tae226,0.00023300437533516533,0.007868017903091122
4-methylhistamine,0.0002335699365436523,0.007868017903091122
dienogest,0.00023381117472903818,0.007868017903091122
chlorpyrifos,0.0002573117654150497,0.008144265970732305
colchicine,0.00026414130839297394,0.008144265970732305
sb-239063,0.00026447879103500883,0.008144265970732305
cgp-37849,0.00026948012774384073,0.008144265970732305
tyloxapol,0.0002769093287864807,0.008144265970732305
tipifarnib,0.0002784311424845537,0.008144265970732305
salvianolic-acid-b,0.00028141900382627175,0.008144265970732305
ver-49009,0.0003255727556933598,0.00923732897035866
equol,0.000360836997643228,0.00992048252288345
phenylbutazone,0.0003655240934842243,0.00992048252288345
pyroxamide,0.0003745003400027218,0.00992048252288345
bisacodyl,0.00037707431842335157,0.00992048252288345
linifanib,0.0003972322739477107,0.01026419822147031
brivaracetam,0.0004168107658480762,0.01058114347688011
naftifine,0.00042621807757096616,0.010633406176641172
istradefylline,0.0004417926363043884,0.010835151605634747
4-iodo-6-phenylpyrimidine,0.0004494315260777233,0.010838790303907761
nizofenone,0.000468629288734652,0.010950653951536753
famotidine,0.0004692056288840903,0.010950653951536753
parthenolide-(-),0.0004833002834627726,0.011072871429093434
thiocolchicoside,0.0004897469049495369,0.011072871429093434
vatalanib,0.0005075595913940196,0.011299057365340712
mk-8745,0.0005309794665595911,0.011502446310742365
le-135,0.0005325942659431503,0.011502446310742365
dabrafenib,0.0005531999542011126,0.011771769613661913
dioscin,0.0005710866597545232,0.011875066684512828
hesperadin,0.0005761775015619118,0.011875066684512828
1-naphthyl-pp1,0.0005826743155496965,0.011875066684512828
bix-02188,0.0005973149252114916,0.012004370788625393
sclareol,0.0006163033190159427,0.01219274984345373
levocarnitine,0.000629040407916013,0.01219274984345373
gsk2830371,0.0006366015311061245,0.01219274984345373
cyclovalone,0.0006403932191447709,0.01219274984345373
mepivacaine,0.0006817682660220863,0.012811930921220247
omeprazole,0.0006996596409225188,0.012955889856720373
xl888,0.0007081780057900289,0.012955889856720373
piperazine,0.0007231889435159433,0.012955889856720373
bx-912,0.0007252433160983762,0.012955889856720373
dorzolamide,0.000751779765478973,0.013265925737655981
piroxicam,0.0007609342337425339,0.013265925737655981
serdemetan,0.0007827189939754107,0.013432646925190504
cabazitaxel,0.0007926964001277844,0.013432646925190504
tyrphostin-ag-1296,0.0007983466728171273,0.013432646925190504
litronesib,0.0008132566341572347,0.013505340338066527
chloramphenicol-palmitate,0.000821333759329547,0.013505340338066527
tacalcitol,0.0008383053585851982,0.013566781921671444
verubulin,0.0008438219578095576,0.013566781921671444
ym-976,0.0008540424115924149,0.013580212852464005
tg-101209,0.0008796609344956701,0.01383553665451342
dcebio,0.0008969049765769435,0.013955069904374593
prt062607,0.000981153557977952,0.014782091687484409
combretastatin-a-4,0.0009912404753932796,0.014782091687484409
homosalate,0.0009916780488609964,0.014782091687484409
gsk923295,0.0009976465143316888,0.014782091687484409
smi-4a,0.00100113682472251,0.014782091687484409
oxonic-acid,0.0010404141694397718,0.015056353249695504
hyodeoxycholic-acid,0.0010405219937591917,0.015056353249695504
chicago-sky-blue-6b,0.00109133040526194,0.01563519897439631
nexturastat-a,0.001164767652781667,0.016523713662500706
pelitinib,0.0011791963741059005,0.016565991779914933
ebastine,0.001216078920885414,0.0168681739176237
ulipristal,0.001224020913165507,0.0168681739176237
2-methoxyestradiol,0.0012867595856787056,0.017407672314217023
pfi-1,0.0012872293971121088,0.017407672314217023
albendazole,0.0013025434337093909,0.017451669894236008
zk-93426,0.0013567854881070948,0.01801163854395382
xl-647,0.0014287369831590393,0.018794385587555727
fr-139317,0.001509766352311235,0.019681368574723936
zln005,0.0015395472836302005,0.01989040106618661
trametinib,0.0016079338416109066,0.02059009087443347
ftorafur,0.0016617367735727786,0.02109239571368255
raclopride,0.0016934931892968958,0.021308562129674854
sb-2343,0.001720507266987714,0.021461844959751914
chromocarb,0.0017753217236445656,0.021507452329967425
quinethazone,0.0017797733322941,0.021507452329967425
eprinomectin,0.0017933375655002288,0.021507452329967425
5-fluorouracil,0.0017955476491742133,0.021507452329967425
doxorubicin,0.0017984808099005243,0.021507452329967425
zaldaride,0.0018348652986145094,0.02176270563192783
wp1066,0.0019740291292108477,0.02322292804852111
acetophenazine,0.002033114890666784,0.023725139087055137
thioproperazine,0.0020848777498007195,0.024134544831693132
tg-101348,0.0021066427528327178,0.024139072886980792
bms-265246,0.0021186332112277544,0.024139072886980792
pd-173074,0.002146100590945652,0.02421523562073921
spiradoline,0.0021731230889742727,0.02421523562073921
at-9283,0.0021781308048561543,0.02421523562073921
nan-190,0.002192256991234856,0.02421523562073921
daunorubicin,0.002257613942676687,0.024301286232278795
vemurafenib,0.002258813316357372,0.024301286232278795
vinflunine,0.0022680286060865105,0.024301286232278795
poziotinib,0.0022782268551105474,0.024301286232278795
busulfan,0.00228401860925357,0.024301286232278795
uracil,0.002371710234803224,0.025050107370512886
triamcinolone,0.0024067319143884986,0.02523580492840694
ly2608204,0.0024908242488909877,0.02592965962694431
ast-1306,0.0025702546566935876,0.02656541777311158
tivozanib,0.0027310832230947853,0.02802749945970322
methocarbamol,0.00280406038316938,0.02857377024257812
sonidegib,0.002868607005655396,0.029027093267016486
sb-590885,0.0028994640196811396,0.029135586364434782
ly2606368,0.0029205548909232468,0.02914512363562716
sodium-glucoheptonate,0.0030981299045617027,0.030526526309463238
azd3463,0.0031011744073884562,0.030526526309463238
lomefloxacin,0.003141950343041735,0.030527519693412806
pomalidomide,0.0031474756839019917,0.030527519693412806
pentostatin,0.0031751803593320967,0.030527519693412806
tipranavir,0.0032014492346901305,0.030527519693412806
gs-39783,0.0032600088130558132,0.030527519693412806
bw-180c,0.003261584930490292,0.030527519693412806
tedizolid,0.0032652797730775376,0.030527519693412806
temoporfin,0.0032700522131852003,0.030527519693412806
hypericin,0.0032959890799057435,0.03057241152963853
eprobemide,0.0033416188483057657,0.03079823231527671
vu0361737,0.003401891980017363,0.030986212882715452
volasertib,0.003404843018902389,0.030986212882715452
fexinidazole,0.003460643951554982,0.031297198736875365
rigosertib,0.0035037168573592552,0.03148992728322263
etomoxir,0.0035943062209955064,0.03210469815913887
nvp-bvu972,0.0037820200293814336,0.03357412872708549
fenaclon,0.0038518049309120483,0.03398016070909843
bms-986020,0.0038747246143754255,0.03398016070909843
gw-583340,0.003962328319263122,0.034539090831167095
bms-690514,0.004086504697331877,0.03540821734754027
ifosfamide,0.004247794679237306,0.03639693242208256
dolastatin-10,0.004250920234507224,0.03639693242208256
pha-665752,0.004347496756787709,0.036750132558628655
methscopolamine,0.004359402929134373,0.036750132558628655
gsk1904529a,0.00436836406363796,0.036750132558628655
cp-724714,0.004521822974552052,0.03782125921489491
yo-01027,0.00455305021758864,0.03786358428075151
homoquinolinic-acid,0.00461505237863075,0.038159890239306826
am-580,0.004698970097915209,0.0386330098391097
jk-184,0.004838980281812114,0.03934814693778736
letrozole,0.004840338738718832,0.03934814693778736
fenofibrate,0.004870979118113705,0.03937103648671638
atenolol-(-),0.004897571919563889,0.03937103648671638
primaquine,0.004946751307365482,0.0395466803412036
demecarium,0.005039703335172608,0.04006841058238881
gdc-0879,0.00518059657880145,0.040907112206557794
bgt226,0.005201733687634163,0.040907112206557794
5-hydroxymethyl-tolterodine,0.005252059589723411,0.04101150171295158
gdc-0349,0.00527169268735936,0.04101150171295158
gimeracil,0.005693969479033478,0.04405975313455317
avanafil,0.005783430763478909,0.044231943697768596
ki-16425,0.0057952341994033894,0.044231943697768596
exemestane,0.005807926263010389,0.044231943697768596
petcm,0.005908013542015288,0.04470203640372963
tetrahydropapaverine,0.005931438140646917,0.04470203640372963
practolol,0.006021299495657954,0.04514414699594331
gidazepam,0.006077260676067912,0.045328846382836435
lenvatinib,0.006126698191803395,0.04546324247968981
dacarbazine,0.006241730517274363,0.046019648396796044
ski-ii,0.006265287307649497,0.046019648396796044
sb-218795,0.0063195290791978245,0.046062345017398136
aee788,0.006334766177237201,0.046062345017398136
golvatinib,0.006380425434425534,0.04616237801806874
mechlorethamine,0.0067200640181382006,0.048141066609460964
brigatinib,0.0067297034377194085,0.048141066609460964
isometheptene-mucate,0.006753722544381877,0.048141066609460964
metoprolol,0.0069925647670455995,0.04893174010925888
leucovorin,0.007008735188294242,0.04893174010925888
acetylcysteine,0.00704244868665596,0.04893174010925888
carfilzomib,0.007049767335178422,0.04893174010925888
buphenine,0.00705076620018548,0.04893174010925888
plinabulin,0.007075562917143983,0.04893174010925888
daclatasvir,0.007101358274322298,0.04893174010925888
az3146,0.00718448607099509,0.04926991158639761
hexaminolevulinate,0.007264937802345953,0.049576276818188846
oxiracetam,0.007297682765911697,0.049576276818188846
midostaurin,0.007375863318227172,0.04987324402558279
triamterene,0.0074519927738677235,0.04998533424187794
etofylline-clofibrate,0.007461528815650058,0.04998533424187794
ibrutinib,0.007512341304973614,0.05009381506127566
almorexant,0.007558676520597136,0.0501715822261654
belinostat,0.007598874536481632,0.050208088832369505
mexeneone,0.00783522938439857,0.05141046459096676
parthenolide,0.007851909242988012,0.05141046459096676
pentamidine,0.007985722487030169,0.05205108305735429
epinephrine,0.00812148895221291,0.05269863010696001
emetine,0.008189423609762544,0.05288999682247855
zolantidine,0.008234600044004803,0.05288999682247855
epothilone-b,0.008260635301921322,0.05288999682247855
teprenone,0.008310501320830046,0.05297486965304439
sarafloxacin,0.00859728488162447,0.05418853574360401
flumatinib,0.008605773048215087,0.05418853574360401
ggti-298,0.008628233647328332,0.05418853574360401
tremorine,0.008650692299082602,0.05418853574360401
clotrimazole,0.008853050017071765,0.054998953352773945
kw-2478,0.008856085785208244,0.054998953352773945
gdc-0152,0.008931815835947801,0.05522338145170401
rs-67506,0.008968551928922213,0.05522338145170401
evodiamine,0.009060676170553726,0.05555423058809848
mk-5108,0.009294381882272806,0.05674671132341245
pardoprunox,0.009540640973670321,0.05800549365084434
mln0128,0.009716252717873354,0.05882601540904914
ciclopirox,0.010185512564525948,0.06141015283695436
tamoxifen,0.010473882044296537,0.06288675235724933
carmustine,0.010631278694427673,0.06356801764808612
azd8931,0.010864656363602574,0.06441345519067825
pf-03758309,0.010867275002474778,0.06441345519067825
navitoclax,0.010906217361241307,0.06441345519067825
sb-216641,0.010958785845552979,0.06446082568502097
sb-743921,0.011527627484953964,0.06753229542805014
cyc116,0.011596249128951196,0.06766037294190476
a-803467,0.011786322409020576,0.06849320693113564
tiludronate,0.01189829119243032,0.06878331778762851
dihydroergocristine,0.011965436502831822,0.06878331778762851
rociletinib,0.01197885009155659,0.06878331778762851
mifepristone,0.012286421294393177,0.0698444166205217
ag-14361,0.01230049885691258,0.0698444166205217
adarotene,0.012308449369891521,0.0698444166205217
ramifenazone,0.012391171191855198,0.07003915904146278
pitavastatin,0.01254568167259538,0.0706365812460915
kx2-391,0.012607145064701853,0.0707075151497038
josamycin,0.01267425211493423,0.07080943170003795
imiloxan,0.012858493580726967,0.07147511357279483
ky02111,0.012927645757556025,0.07147511357279483
tc1,0.012941589326933135,0.07147511357279483
cebranopadol,0.013014479431703155,0.0716043792307014
canertinib,0.01346715633955379,0.07369055831495806
sta-5326,0.013495506533147123,0.07369055831495806
ubenimex,0.013601573296930106,0.07384285509103256
pha-680632,0.01362546116745383,0.07384285509103256
ponatinib,0.014185318669119859,0.07641511698181278
cinnarazine,0.014205712832140732,0.07641511698181278
racecadotril,0.014476113963273005,0.0775812477957631
latrepirdine,0.014543318993139659,0.07765381026964238
cromakalim,0.0147219143644998,0.0783184194317324
cl-218872,0.014817659061530023,0.07853902074005108
torin-1,0.014962183739399497,0.07899507082046803
dacomitinib,0.015054641828984302,0.07899507082046803
ap26113,0.015067477226295214,0.07899507082046803
digitoxin,0.015175234297156627,0.0792727943248579
abiraterone-acetate,0.015257785581111256,0.07928034927429202
melengestrol-acetate,0.015286259466155819,0.07928034927429202
atipamezole,0.015416474705246853,0.07967013892318642
ornithine,0.015634882591310035,0.0805112993225111
cct129202,0.015738161022260992,0.08075574113195623
ferb-033,0.015918612010035763,0.08139304444707332
florfenicol,0.016207862139350635,0.08258019899873369
remoxipride,0.01644860077678276,0.08351272043510405
pf-477736,0.016564963540213116,0.08380944840100832
mesoridazine,0.017128925933252468,0.08616749202587175
rs-17053,0.0171981471821631,0.08616749202587175
tideglusib,0.017231055804168272,0.08616749202587175
dirithromycin,0.017269227842089015,0.08616749202587175
pd-153035,0.017398982189338483,0.0865165884122776
niraparib,0.01827606604725033,0.09051506466485708
ro-10-5824,0.018328205906567464,0.09051506466485708
peruvoside,0.018871847953618775,0.09237196027582975
resiquimod,0.018979936424531503,0.09237196027582975
galeterone,0.019011279409507423,0.09237196027582975
4-(4-fluorobenzoyl)-1-(4-phenylbutyl)-piperidine,0.019020690906616036,0.09237196027582975
jte-607,0.01907666571261094,0.09237196027582975
12-o-tetradecanoylphorbol-13-acetate,0.01911425844105906,0.09237196027582975
mg-132,0.019151062945921855,0.09237196027582975
azd8055,0.01935735811504562,0.09305680130389041
gsk2126458,0.019703210656731366,0.09381968782530402
azilsartan,0.019817273326826652,0.09381968782530402
regorafenib,0.019852611728986006,0.09381968782530402
candesartan,0.019941930591962743,0.09381968782530402
chlorpropamide,0.020019828819999988,0.09381968782530402
cinalukast,0.02014444908418146,0.09381968782530402
icg-001,0.020145255237196444,0.09381968782530402
selinexor,0.02015638542726691,0.09381968782530402
acetylsalicylsalicylic-acid,0.020170316249988388,0.09381968782530402
enzalutamide,0.020182593476464252,0.09381968782530402
d-64131,0.020229262336900384,0.09381968782530402
cefditoren-pivoxil,0.020497678562742004,0.09476083348334723
vinorelbine,0.02061386502808241,0.09499446718355174
cyt-997,0.0207533613118643,0.0951624080645012
erdafitinib,0.02078183894152203,0.0951624080645012
ribitol,0.02090050755802543,0.09517237366206661
saracatinib,0.020915559657593077,0.09517237366206661
desoxycortone,0.02105817083257621,0.09546487139857476
arcyriaflavin-a,0.02111178911371384,0.09546487139857476
tacedinaline,0.021703124431067533,0.09747648624300413
enmd-2076,0.02170503635402353,0.09747648624300413
cudc-907,0.021808805962092732,0.09747648624300413
sirolimus,0.021826110257590424,0.09747648624300413
bntx,0.022042711136697164,0.09814093235323322
acesulfame-potassium,0.02222692115147436,0.09843921421896364
mrs-1220,0.022245765756462414,0.09843921421896364
capecitabine,0.022593419888271748,0.09967280054368663
pf-4981517,0.022695636310974623,0.09981940955009204
cediranib,0.023312261810736184,0.10222073587919775
mercaptopurine,0.023828913268943427,0.1041705060427829
vandetanib,0.023977634786712877,0.10450493233847448
mk-2206,0.02415188860330519,0.1049482967236715
ku-0063794,0.024360171719626705,0.10519287344483665
hexylresorcinol,0.024383777915421005,0.10519287344483665
taselisib,0.024426265015525306,0.10519287344483665
dasatinib,0.024687569595550726,0.10600270980641513
bruceantin,0.025094493638509168,0.10743116063586618
pentagastrin,0.02527895510053589,0.10790161660907209
mibefradil,0.02570051744150695,0.10937837864076635
gsk-3-inhibitor-ix,0.026196902124103433,0.11116398056767644
secnidazole,0.026464082741385935,0.11196937931808612
rutin,0.0265993950356291,0.11199970956381108
ly2784544,0.026626053966794065,0.11199970956381108
amg458,0.026749857896941932,0.11219433152717383
dichloroacetate,0.02696763447649271,0.11278082973261548
terfenadine,0.027624654227270815,0.11519560422726474
inh1,0.028140711273194438,0.11701037129974814
i-bet-762,0.0283865865398,0.11769452929252322
drospirenone,0.02864146943125083,0.1182656874959238
menadione,0.028687806711174327,0.1182656874959238
vincristine,0.028838631176294243,0.1185497139548232
wye-354,0.02920598344845853,0.11942459542744756
at7867,0.029235932848650496,0.11942459542744756
cyclophosphamide,0.029299054164992316,0.11942459542744756
ethinyl-estradiol,0.029422546244106763,0.1195910798180407
aztreonam,0.030085631060006408,0.12194372029083829
bay-87-2243,0.03020936765572831,0.12210322625094656
emd-53998,0.030493383583824064,0.12290787199385356
mek162,0.03066019649186286,0.12305442496703828
rheochrysidin,0.030699825440981904,0.12305442496703828
mefexamide,0.03081874496143396,0.12318984519114623
kifunensine,0.0309048062937125,0.12319353913774651
nutlin-3,0.031095736709472133,0.123319244676356
salvinorin-a,0.03110678943114716,0.123319244676356
nsc-697923,0.03154387654389825,0.12471035343994745
paricalcitol,0.031667358043847856,0.12485740351348187
darifenacin,0.0318486383110366,0.1250623767780171
propoxycaine,0.03189220250939068,0.1250623767780171
pha-848125,0.03221622429107468,0.12594682042424682
favipiravir,0.03229182472522154,0.12594682042424682
chloropyramine,0.032750353621511644,0.12739183250087996
teriflunomide,0.03317624745870073,0.12870249349260043
bms-345541,0.03355354351888181,0.1298181215824117
halofuginone,0.03383029261646123,0.13019974953017613
imidapril,0.03383213947708792,0.13019974953017613
nanchangmycin,0.0341689374286332,0.1309670470398329
neratinib,0.03421253889499436,0.1309670470398329
broxyquinoline,0.034674547570113845,0.13238540985212333
pki-179,0.035015359578504074,0.13268608976308138
xl388,0.03502558221104329,0.13268608976308138
tosedostat,0.035058699676617955,0.13268608976308138
bms-707035,0.03512009148532147,0.13268608976308138
colfosceril-palmitate,0.03527928224576087,0.1329404203375416
sobetirome,0.03625770011659564,0.13627244693172438
ci-844,0.037270679059776934,0.13971676839247985
danazol,0.037723108857775536,0.1410473863493571
gsk-j4,0.03785915664472421,0.14106017900896514
tagatose,0.03792149940185725,0.14106017900896514
adl5859,0.038179777747690734,0.1416567651305346
jnj-16259685,0.03842289604157263,0.14211788428486025
pq-401,0.038566517785170305,0.14211788428486025
tu-2100,0.03859870665096757,0.14211788428486025
4-hydroxy-phenazone,0.03918980993892489,0.14392805832899572
osimertinib,0.039315227331034895,0.14402312391900632
rubitecan,0.04053090661599865,0.14738570977650503
bicalutamide,0.04060091508881101,0.14738570977650503
pp242,0.04067047782539879,0.14738570977650503
ac-264613,0.040683842586162394,0.14738570977650503
gsk1070916,0.040748983625468124,0.14738570977650503
quizartinib,0.040844277553820675,0.14738570977650503
darapladib,0.041055364240506674,0.14777888571147552
ikk-16,0.04154691863592405,0.14917714954387618
vtp-27999,0.04213145616196222,0.15090152739197854
torasemide,0.04247568606779098,0.15154717290888478
"hydroxytacrine-maleate-(r,s)",0.04258890501416262,0.15154717290888478
bendamustine,0.04274150837435352,0.15154717290888478
resminostat,0.04280267815488608,0.15154717290888478
octenidine,0.04291428947054612,0.15154717290888478
nefiracetam,0.042940111190492576,0.15154717290888478
sb-431542,0.04418075350409883,0.15551214812649394
nelarabine,0.04436810604232466,0.15551214812649394
fr-122047,0.04444369062375043,0.15551214812649394
ritodrine,0.04449345495809848,0.15551214812649394
tw-37,0.04496865086111012,0.15679430794223215
ro-9187,0.04551023790366623,0.15814944833624844
blebbistatin-(-),0.04557589492482073,0.15814944833624844
sib-1757,0.04605050515280115,0.1593712968353755
oprozomib,0.046148288440927665,0.1593712968353755
jnj-7706621,0.04663548409171176,0.16052539625991327
ppt,0.04670434818619453,0.16052539625991327
osi-420,0.047002548771299044,0.16083872701535093
4e1rcat,0.047057495463239174,0.16083872701535093
clofazimine,0.047213973683096364,0.16083872701535093
flufenamic-acid,0.04724012369144723,0.16083872701535093
carboxypyridine-disulfide,0.04754822706553758,0.16150771024373914
gw-788388,0.04794095895235563,0.16246034567695222
teroxirone,0.048291099260345235,0.16326453418158773
phenazone,0.0484321781708207,0.1633598177463346
doxercalciferol,0.04882086581878116,0.16413643715577905
sulfanilamide,0.04888929123299293,0.16413643715577905
balapiravir,0.04931611609164158,0.1651861573717717
amoxicillin,0.04946309072497463,0.1651868739085693
ispinesib,0.0495446463554382,0.1651868739085693
flumethasone-pivalate,0.050561811619125596,0.16819066991465456
abt-751,0.05082735478001642,0.16827335765640122
ranitidine,0.05090887908557358,0.16827335765640122
vanoxerine,0.05104242643134002,0.16827335765640122
wz8040,0.05105183414731177,0.16827335765640122
ibutilide,0.05157362796506149,0.1696069083305545
guanidine,0.051873869137857354,0.17020745723918274
azacitidine,0.052206887625856825,0.1709125936529747
fenoprofen,0.05243806499302544,0.17096009436717344
domperidone,0.052457693088476164,0.17096009436717344
dehydrocholate-acid,0.05301755747911484,0.17150622405940102
lb42708,0.05329667024286961,0.17150622405940102
mevastatin,0.053313219939722545,0.17150622405940102
"2,3-dcpe",0.05334912253952777,0.17150622405940102
sn-38,0.05350658880039138,0.17150622405940102
dmh1,0.05350978294323979,0.17150622405940102
apatinib,0.053543726329897255,0.17150622405940102
tamibarotene,0.05357347150991656,0.17150622405940102
pp-121,0.05413217169394823,0.172912257044466
orantinib,0.05442068411234822,0.1734509469395768
terbutaline,0.05458755821358585,0.17360043238474446
securinine,0.0551078805900656,0.174870840381195
gsk256066,0.05532803797689827,0.175181024771017
sch-900776,0.055447760432015054,0.175181024771017
tak-733,0.055848711559918454,0.17606336737952508
methotrexate,0.05682097747435136,0.17873903131605742
ingenol-mebutate,0.0572820816878837,0.17979863818301023
sunitinib,0.058553937871761656,0.18339296125636173
pirenperone,0.059163919984929016,0.18490322293346068
erythritol,0.05948293310478122,0.18549957802288453
am-251,0.059886300833908945,0.18635586517562633
bvd-523,0.06060636455155754,0.18819186589292652
curcumin,0.060997686407781804,0.18900139664252733
quinidine,0.06133973360524654,0.18965511651023878
flumethasone,0.061512002634396226,0.18978223414066384
mycophenolic-acid,0.06217796233313846,0.19142874786393904
talazoparib,0.062362630594860885,0.19155054850508738
bekanamycin,0.062482279816448674,0.19155054850508738
anagrelide,0.06262203562799186,0.1915731195638567
halcinonide,0.06360943105873514,0.19418322097466192
isopropyl-myristate,0.06452267823637327,0.19655645349059392
epz-5676,0.06489292723493482,0.19726904560703926
penicillamine-(d),0.0652677149008917,0.1979924181584702
lovastatin,0.06549118419123746,0.19825469356636113
clomifene,0.0656320303539403,0.19826627958695534
zaleplon,0.0661641695380367,0.19931044632486933
forskolin,0.06625316149430695,0.19931044632486933
buthionine-sulfoximine,0.06695119835345233,0.20073085247747188
mubritinib,0.06713208896496128,0.20073085247747188
arctigenin,0.06714148762895397,0.20073085247747188
fleroxacin,0.06728333403052417,0.2007401739013783
su3327,0.06757495390519117,0.20078401061834883
ha14-1,0.06777928086739403,0.20078401061834883
mebendazole,0.06786786015920605,0.20078401061834883
aminopurvalanol-a,0.06788043012211521,0.20078401061834883
psi-7976,0.06799182114926809,0.20078401061834883
bosutinib,0.06815255664060117,0.20084877690213826
ixazomib,0.06854100345089276,0.20158299185658907
temsirolimus,0.06876209426914089,0.2018008192694492
thonzonium,0.06889399082177465,0.2018008192694492
zk811752,0.06947137466625435,0.20308096796377786
usniacin-(+),0.06965463291205515,0.20320615690270927
phenylmercuric-acetate,0.07063786417011829,0.2056599385395597
kpt-185,0.0714508908560456,0.20737361593577955
fk-888,0.07151308524668555,0.20737361593577955
tas-103,0.07252336073969322,0.20939853594689972
desonide,0.07263125654887244,0.20939853594689972
amg900,0.07264551834508891,0.20939853594689972
mibampator,0.07291469061181145,0.2097565751795053
telotristat-ethyl,0.07395877505819351,0.21177632691573997
oxcarbazepine,0.0740146668566368,0.21177632691573997
efonidipine-monoethanolate,0.07405585447088073,0.21177632691573997
parachlorophenol,0.07503785294661226,0.2141612883900354
indiplon,0.07555291293916125,0.21520682091135102
latanoprost,0.07578145621315065,0.21543372719141254
famciclovir,0.07755025239825913,0.2200298337652568
nomegestrol-acetate,0.07798122004617884,0.2208196191914301
chlorambucil,0.07852874709591547,0.22193573642146422
bitopertin,0.07897833022159129,0.22277123553731498
nimorazole,0.07930886290034547,0.22326833583035002
gestrinone,0.08052115041748804,0.22615345436017958
ru-58841,0.08064629056658788,0.22615345436017958
bix-01294,0.08127264971376091,0.22746909890872735
ecamsule-triethanolamine,0.08158535351250713,0.2279034875146676
acivicin,0.08191826940179639,0.2283925545749506
uprosertib,0.08215719332416528,0.22861818988474453
"l-798,106",0.08372635567865397,0.23253749840117524
dequalinium,0.08390165158253443,0.23257794988491826
rs-504393,0.08520869127904322,0.2357494766362821
clobetasol-propionate,0.08570237424807134,0.23666285407816648
arry-334543,0.08666326683006781,0.2388604706725869
nsc-23766,0.08759512683507896,0.24095965558203766
pf-04691502,0.08775793952434958,0.24095965558203766
xilobam,0.08820503329707015,0.241696254772836
gw-501516,0.08836027558730493,0.241696254772836
polydatin,0.08959070463528113,0.24459952756085246
inosine,0.09106596504181058,0.24815904221374746
pilaralisib,0.09179199806777387,0.24966733309035485
adaprev,0.09202192120145126,0.24982311440619132
cefdinir,0.09282827131030597,0.2513972859785815
tiletamine,0.09296286900317885,0.2513972859785815
diphemanil,0.09312297531756718,0.2513972859785815
sorafenib,0.0934650412435174,0.25146496903701254
mk-2461,0.09349561391977385,0.25146496903701254
indoprofen,0.09385720670701309,0.2519691616049127
oleanolic-acid,0.09486278004182816,0.254197116149121
bts-54505,0.09567560194806868,0.2559012865413223
estramustine,0.09660719985516546,0.2571157257127043
mocetinostat,0.09665241365021214,0.2571157257127043
tanespimycin,0.09673828669994987,0.2571157257127043
se-methylselenocysteine,0.09684040809497155,0.2571157257127043
merimepodib,0.0974404545612856,0.258235050824506
ar-12,0.09784202912429958,0.25844562482201755
levonorgestrel,0.09787712674669358,0.25844562482201755
hmn-214,0.09900716698505714,0.2609533162611615
erastin,0.09943923903403595,0.26124683711962504
tiagabine,0.09947961800477774,0.26124683711962504
acdpp,0.10003497947748419,0.2617863662257357
calcitriol,0.10030040047554649,0.2617863662257357
zk-93423,0.10040157909076147,0.2617863662257357
atenolol-(+/-),0.10040873065327112,0.2617863662257357
dexamethasone-acetate,0.10116367460115164,0.2625228815699204
alfacalcidol,0.10116611143515278,0.2625228815699204
raf265,0.10129100592616326,0.2625228815699204
benzyldimethylhexadecylammonium,0.10175888159070284,0.2625228815699204
teniposide,0.10182356102106298,0.2625228815699204
8-bromo-cgmp,0.10194408195673064,0.2625228815699204
rg2833,0.10196120210248462,0.2625228815699204
torin-2,0.10246579274634063,0.2633534673249643
embelin,0.1045227914247866,0.2681639701979897
benzydamine,0.10516218875512946,0.26932687987375636
idazoxan,0.10570796263826367,0.2701786232111928
abemaciclib,0.10586819582636235,0.2701786232111928
elacridar,0.10639920097487719,0.27070144440843696
bardoxolone-methyl,0.10644721621865973,0.27070144440843696
clenbuterol,0.10942574242730363,0.27778780577597956
ly364947,0.10971915668966019,0.2780448681785259
dexrazoxane,0.11069459664620379,0.28002636599135816
palmitoylethanolamide,0.1109761579669297,0.2802486921084595
cyclovirobuxin-d,0.1112847016992733,0.2804570553858648
wye-125132,0.11152668712002399,0.2804570553858648
pp-1,0.11164012709209269,0.2804570553858648
theophylline,0.11205195087854797,0.2808443864590294
2'-meccpa,0.11218248470858261,0.2808443864590294
k-ras(g12c)-inhibitor-6,0.11243635862325688,0.28099380125708584
orotic-acid,0.11307287738983565,0.2820787133956472
"cp-945,598",0.11339565917980397,0.2820787133956472
mephenytoin,0.11345529453784843,0.2820787133956472
foretinib,0.11369491580448332,0.28218961092467815
chlorquinaldol,0.11496153767146858,0.2848447688537929
mk-3207,0.1153106593067568,0.28522140857585826
lomitapide,0.11647112115607829,0.28722522998345373
gastrodin,0.11661787463781556,0.28722522998345373
nocodazole,0.11685317323240937,0.28722522998345373
everolimus,0.11692498884371826,0.28722522998345373
ixazomib-citrate,0.11716734625446913,0.28722522998345373
as-703026,0.11738858622487122,0.28722522998345373
fk-866,0.11751025304091542,0.28722522998345373
caffeic-acid-phenethyl-ester,0.11875402579287668,0.28977584371381543
taltobulin,0.11946305343169507,0.29101521601963426
pevonedistat,0.11994577876688316,0.2910875604456773
gsk1838705a,0.12000950101576238,0.2910875604456773
nicotine,0.12022549715779438,0.2910875604456773
"mns-(3,4-methylenedioxy-nitrostyrene)",0.1202974161344264,0.2910875604456773
bentazepam,0.12057503743217823,0.2912722523612052
barasertib-hqpa,0.12179563839660817,0.2937304812664867
7-nitroindazole,0.12218080819738039,0.2941691006016796
azathioprine,0.12274866601112974,0.2946000858359649
bf2.649,0.12276700190676355,0.2946000858359649
ziprasidone,0.1245534855671404,0.2979364978434436
creatine,0.12456916461318823,0.2979364978434436
golgicide-a,0.1249225941922627,0.2981971309005876
bay-11-7085,0.12509029609997005,0.2981971309005876
cnx-2006,0.12600052437671386,0.29983510509316635
dichlorvos,0.126253973967932,0.29983510509316635
estradiol,0.12639904223001486,0.29983510509316635
dolutegravir,0.12723685906919355,0.3013285353078937
gsk461364,0.12803187560984255,0.30271588890104933
a-674563,0.12894685923269394,0.3043819009946299
tozasertib,0.13093860246586256,0.3079700515971799
pd-184352,0.13126747957277793,0.3079700515971799
azithromycin,0.1313140771956152,0.3079700515971799
biib021,0.13145444608100343,0.3079700515971799
methacycline,0.13153109321842235,0.3079700515971799
cep-32496,0.13213445084376055,0.30884444424515434
endo-iwr-1,0.1323314135673778,0.30884444424515434
pranidipine,0.13297544292741056,0.3098477712012288
wz-3146,0.1333050574020562,0.3101164277504426
chlorogenic-acid,0.13571491567407185,0.3149123275939499
r406,0.13580186069013458,0.3149123275939499
alogliptin,0.1370534017592731,0.3173060357530691
sertindole,0.13777268263458609,0.3184617759940033
triapine,0.13833798328100833,0.3192584717824865
xylazine,0.13926802807458738,0.32089305194892986
azd2858,0.14065218348018804,0.3235671057167442
chlorhexidine,0.142060925803776,0.32628914228264105
lappaconite,0.14284749826838478,0.3275758003080076
obidoxime,0.1436607192983452,0.328919400039091
r306465,0.14468232672778303,0.33050560825038905
sufentanil,0.14481033561212622,0.33050560825038905
gw-843682x,0.14510865078674973,0.3306649097455541
aspirin,0.1462788779861616,0.3328074472421004
bucladesine,0.1466375724183738,0.3330997916630878
mesna,0.14801782272898084,0.3357081339950396
mericitabine,0.14953364110926998,0.33810874349927
piperine,0.14954360458848157,0.33810874349927
ercalcitriol,0.1512473764921988,0.3414273849987702
camptothecin,0.15197063723845716,0.34252571975708335
raloxifene,0.15391411400611132,0.3461506382719225
lafutidine,0.15422978016781438,0.3461506382719225
iodipamide,0.15433936951991833,0.3461506382719225
dacinostat,0.15475604322500602,0.3461506382719225
pd-198306,0.1547750262349232,0.3461506382719225
harringtonine,0.15516265553029104,0.34648204097581964
clocortolone-pivalate,0.1554455671311468,0.34657894551428264
enocitabine,0.1559806152085123,0.3472368464718728
epothilone-d,0.15636177707920806,0.3475506780854287
sb-205384,0.15735590646911848,0.3485983235985921
tanaproget,0.1574300616725558,0.3485983235985921
tioxolone,0.15756523575753129,0.3485983235985921
kd025,0.1577967532529909,0.3485983235985921
y-39983,0.15840481960067804,0.34935991604894395
way-170523,0.15865156763866256,0.34935991604894395
trans-4-hydroxycrotonic-acid,0.15908505689212388,0.34935991604894395
torcetrapib,0.15934844061578549,0.34935991604894395
cgs-15943,0.15934868320131515,0.34935991604894395
tofogliflozin,0.1595960780554487,0.34937295755859954
cr8-(r),0.16019983949215158,0.350164905959431
digitoxigenin,0.16075493831805243,0.35060143450106074
colistin-b-sulfate,0.16088414133289866,0.35060143450106074
ribociclib,0.16301429411183632,0.3547092986162814
norfloxacin,0.16350056573432661,0.3552332111374934
nsc-663284,0.1637955591399783,0.355263387163551
sb-525334,0.16400548902919976,0.355263387163551
cs-110266,0.16512755196329998,0.3566906213539632
mk-0773,0.16525350439517156,0.3566906213539632
exatecan-mesylate,0.16564907961498934,0.3566906213539632
nobiletin,0.16565037840349917,0.3566906213539632
metoxibutropate,0.16609988031957384,0.3571270829456513
piperacetazine,0.1671413732323658,0.35883318555969335
colforsin-daproate,0.16843405189065355,0.36107270086781584
lanatoside-c,0.16883905894945708,0.36140550044358644
idarubicin,0.1710552988868964,0.3653158972356738
idasanutlin,0.1716010126414679,0.3653158972356738
zm-306416,0.17172846420648974,0.3653158972356738
repsox,0.17177467462488843,0.3653158972356738
oncrasin-1,0.1721482892069311,0.3653158972356738
penfluridol,0.17218067858654426,0.3653158972356738
evacetrapib,0.17278928550526645,0.36597637199577643
genz-644282,0.17299781509682866,0.36597637199577643
naloxone,0.17391603203430012,0.3673817494213609
sb-505124,0.17507808023442245,0.3692973499988474
cct128930,0.1757157601076787,0.3699667898389428
sulfasalazine,0.1760963128162843,0.3699667898389428
dicycloverine,0.17616248666139017,0.3699667898389428
nemonapride,0.17705664371896793,0.37072211681462724
osi-027,0.17724967815322812,0.37072211681462724
spermine,0.17742147919526577,0.37072211681462724
plx-4720,0.17765029235079724,0.37072211681462724
crystal-violet,0.17803021939056218,0.37072211681462724
tms,0.17825431763695443,0.37072211681462724
entinostat,0.17843025613560914,0.37072211681462724
gsk2110183,0.17859134678956273,0.37072211681462724
acetazolamide,0.1789135332555577,0.37072211681462724
nvp-aew541,0.17908414627050756,0.37072211681462724
niacin,0.17940027796648655,0.37084600316786576
cep-37440,0.1807421301587423,0.3730868221679031
simvastatin,0.1823129718699944,0.37579326252974626
pazopanib,0.18260399293623347,0.37585772088012775
afobazole,0.18356327004450956,0.3772955280602348
idelalisib,0.1843573482244746,0.37826979654199744
salidroside,0.18474645208613144,0.37826979654199744
meclizine,0.1848215246407686,0.37826979654199744
niclosamide,0.18543429127639424,0.3789878806171504
tryptanthrin,0.18597572286395053,0.3795583511764971
indirubin,0.18782945541072169,0.38273416425615814
snx-5422,0.1880608091127356,0.38273416425615814
proscillaridin-a,0.18894539185148404,0.3839943567543503
delanzomib,0.19042929627614502,0.3863472332009389
caffeic-acid,0.1908790867144889,0.3863472332009389
betulinic-acid,0.1909041269790403,0.3863472332009389
pf-562271,0.19196643693636528,0.3878834349831814
carvedilol,0.19219932472905393,0.3878834349831814
tilmicosin,0.19337971078692312,0.3897220633825596
octopamine,0.19417526418005443,0.390781094949289
ketoprofen,0.19447419626876872,0.3908391138901505
uridine,0.1948613758105537,0.3910740787765204
thioguanine,0.19628611907621202,0.3933878314449845
cytochalasin-b,0.19800040061737503,0.39627466071001616
fludarabine-phosphate,0.1995278387453253,0.39864706114469883
lidamidine,0.19973808997360304,0.39864706114469883
chir-124,0.2000122780864211,0.39864706114469883
ly2109761,0.20195703758352768,0.40196950946817683
pf-03814735,0.20324209198787796,0.40382938647570393
hypoestoxide,0.20344963561906576,0.40382938647570393
prazosin,0.20409902211129252,0.4044588201834481
su014813,0.20432577578030445,0.4044588201834481
tivantinib,0.20488149790069948,0.40457865755878525
hexachlorophene,0.20494551208748416,0.40457865755878525
d-4476,0.20523096045946293,0.4045901904425652
tecastemizole,0.20596203170939983,0.4047793831065019
tyrphostin-ag-494,0.2060409246908055,0.4047793831065019
cyclocytidine,0.2061661405317843,0.4047793831065019
frentizole,0.20721328200429828,0.40592784754017763
flutamide,0.20739057794439633,0.40592784754017763
taltirelin,0.20759267946076812,0.40592784754017763
pilocarpine,0.20877145901106695,0.4076819179338919
estramustine-phosphate,0.2092869999382959,0.4081378556748169
vorinostat,0.2110584032404461,0.4104003885685805
artesunate,0.2112398290319504,0.4104003885685805
mycophenolate-mofetil,0.2112980576942588,0.4104003885685805
sb-939,0.21159094743506207,0.41041836586934966
maytansinol-isobutyrate,0.2122653293495397,0.41117527653117
topotecan,0.2137663911656435,0.41313393680781996
bafetinib,0.2138474904416428,0.41313393680781996
deoxycorticosterone-acetate,0.21626840276638643,0.4171872548385698
filgotinib,0.21652220344420586,0.4171872548385698
ilomastat,0.21713798192369016,0.4177057638655247
u-18666a,0.21762971911540974,0.4177057638655247
bam7,0.21765732270532526,0.4177057638655247
givinostat,0.22073935760880856,0.42256430255285216
mk-8245,0.2207730564823471,0.42256430255285216
tiotidine,0.22281906615139674,0.425917026051613
cephalomannine,0.22389291581100984,0.42740507807194095
alexidine,0.22516919588925183,0.4292751336650163
azd8330,0.2267585225201866,0.4317362922193553
prednisolone-hemisuccinate,0.2272351617963773,0.43207526822517467
sodium-tanshinone-ii-a-sulfonate,0.22788637295142988,0.432312429935767
isoflupredone-acetate,0.22795741813475484,0.432312429935767
er-27319,0.22923418308157162,0.43389083728335676
ribavirin,0.22948385235069907,0.43389083728335676
fulvestrant,0.22968927529996633,0.43389083728335676
ivermectin,0.23201359507172908,0.43687131780116867
decitabine,0.232098970769726,0.43687131780116867
costunolide,0.23223639862168727,0.43687131780116867
nh125,0.2330447683879028,0.43687131780116867
cidofovir,0.23334103793129723,0.43687131780116867
nitisinone,0.2333683273392514,0.43687131780116867
rgfp966,0.23338046210110805,0.43687131780116867
whi-p154,0.23402254776547354,0.4375072695305429
bosentan,0.2360304117501345,0.44069162039025117
azd5438,0.23686121980576605,0.44129279857773407
pha-793887,0.2372678721357503,0.44129279857773407
cgs-20625,0.2375437480329829,0.44129279857773407
lorlatinib,0.23757228064412914,0.44129279857773407
broxaldine,0.24159046025134723,0.44802016620907714
3-deazaneplanocin-a,0.24181323414601885,0.44802016620907714
benzethonium,0.24429779552440434,0.45204464210206274
defactinib,0.24474688120463922,0.4522972376795823
carmofur,0.24788113980601398,0.4575051139021712
triamcinolone-acetonide,0.24878965963427596,0.4585969904341367
oxibendazole,0.24964979655419345,0.45928285766669463
pha-767491,0.24979655078347524,0.45928285766669463
nms-873,0.25071834769452817,0.4602234928635602
ipsapirone,0.25139752801358106,0.4602234928635602
ouabain,0.25147742814090884,0.4602234928635602
fendiline,0.25158036133730205,0.4602234928635602
sgi-1776,0.25453209800820215,0.46503528512357134
cinacalcet,0.25719483829413303,0.4693076053109842
cgm097,0.2585159412356334,0.47112413975813794
kynurenic-acid,0.25916842652330807,0.4717191360744991
cytochlor,0.2608126234273672,0.4741154096726135
9-aminoacridine,0.26142669171409166,0.4746354114307285
rabeprazole,0.26207887945883557,0.47488900079126845
brequinar,0.2622227447354689,0.47488900079126845
nintedanib,0.26314851505388676,0.4759698766037177
k-858,0.2639177787328311,0.4767653256259758
tandutinib,0.26499939035874676,0.47812234145773885
tetramethylthiuram-monosulfide,0.265550388611377,0.4784224025618799
lanoconazole,0.2658269603730141,0.4784224025618799
etp-46464,0.26723110871751465,0.47943767918565366
metronidazole,0.26738362477492267,0.47943767918565366
sgi-1027,0.2676329174814992,0.47943767918565366
ryuvidine,0.26771640966275617,0.47943767918565366
hydrocortisone,0.26838670992810854,0.480008609656064
trifluridine,0.2686986688468638,0.480008609656064
onx-0914,0.26905999862413144,0.4800614278780742
altretamine,0.2698427988780089,0.4808651847000971
azodicarbonamide,0.2712556850544161,0.48257060410005226
beclomethasone-dipropionate,0.2714668083880045,0.48257060410005226
tak-901,0.272565436476795,0.48392906329070223
levobunolol,0.27366208173736173,0.48528067680632647
norepinephrine,0.27399946440857686,0.48528424112510493
bexarotene,0.27664626044859175,0.48937303040233776
cyromazine,0.27948008345612313,0.4928296005591907
cudc-101,0.2797203513490402,0.4928296005591907
ots167,0.280237493291489,0.4928296005591907
mpi-0479605,0.28036438903691097,0.4928296005591907
isoxsuprine,0.2804096061923219,0.4928296005591907
raltitrexed,0.2808028098581916,0.4928296005591907
gilteritinib,0.2810686939969764,0.4928296005591907
chir-99021,0.2813249827656472,0.4928296005591907
crenolanib,0.28199260782179136,0.4933361211334442
crizotinib,0.2824977332662665,0.4933361211334442
foscarnet,0.2828542598794761,0.4933361211334442
7-hydroxystaurosporine,0.28315539122017763,0.4933361211334442
isoetharine,0.2833188090268778,0.4933361211334442
mk-1775,0.28482689579217957,0.4951737055941592
nms-e973,0.2850585326606321,0.4951737055941592
ethacridine-lactate-monohydrate,0.28953316860461153,0.5023435191497277
at13387,0.2900173434127314,0.5025809531954758
oseltamivir-phosphate,0.29148646619647445,0.5045226274955724
spermidine,0.2919903359642853,0.5047909392357477
navarixin,0.29543599520722996,0.5101382876668995
ly2603618,0.2968846341223895,0.512028683641356
cyclosporin-a,0.2977210530862683,0.5123073020479589
minocycline,0.2977542785226907,0.5123073020479589
methyldopa,0.2990210384144251,0.5138758225483054
melphalan,0.29941929337324713,0.513949842836404
sulmazole,0.3006875915782802,0.5155153376940419
asymmetrical-dimethylarginine,0.30139709965119565,0.5161202404677872
tak-632,0.30202249997241326,0.5165798551537613
betamethasone,0.30244051633470365,0.516684093431306
floxuridine,0.30291228699080597,0.5168798104666229
imiquimod,0.3034974486862705,0.5172683253816648
nemorubicin,0.30453939017658166,0.5184335265711926
4-chlorophenylguanidine,0.306220572207818,0.5201449821843196
abiraterone,0.30626366608226696,0.5201449821843196
clonazepam,0.3073064175163158,0.5213040869239262
spironolactone,0.30864410468458503,0.5224224005005209
beta-naphthol,0.3086877349191053,0.5224224005005209
ve-821,0.3104030775986303,0.5247117444920771
tak-285,0.3113665252592175,0.5257262100934512
alpelisib,0.31238070099810844,0.5268238628721013
chidamide,0.312931588854117,0.5271385437391237
wp1130,0.31349897753012457,0.5274802563791747
nsc-3852,0.3148426947820677,0.5290443063205137
alisertib,0.3154778812816012,0.5290443063205137
ikk-2-inhibitor-v,0.31552538794374796,0.5290443063205137
rki-1447,0.31935236287759555,0.5348412836618991
1-phenylbiguanide,0.32186565084216756,0.5384272795012907
cgp-54626,0.32318403342989754,0.5400084253730505
mln-8054,0.3240949905221269,0.5402972447949538
bibu-1361,0.32410366861231504,0.5402972447949538
nvp-auy922,0.32464699692458,0.5405802123703881
bromosporine,0.3257717093196384,0.5418294981442722
ly456236,0.32643197798413237,0.5422362168187566
fluticasone-propionate,0.32676570909879454,0.5422362168187566
az-628,0.3276639713757209,0.5431039708827814
wz-4002,0.328640026435361,0.5440985334690702
oleoylethanolamide,0.3292153003829531,0.5444280453190093
methylprednisolone,0.33174315424961787,0.5479821280812752
at-7519,0.3323526237392165,0.5479883044930579
s-methylcysteine,0.33255572950414947,0.5479883044930579
paliperidone,0.33288301288831923,0.5479883044930579
lurasidone,0.3344254043122853,0.5499017727725872
felbamate,0.33763752231749367,0.5545533425577903
ar-42,0.3397110897459753,0.5573264703655627
bibr-1532,0.34232225832033897,0.5609743010073959
lcl-161,0.3435503364753666,0.5623499285971215
cariporide,0.3456462751277103,0.5651414238528778
ketoconazole,0.3472165601885552,0.5670681293372904
narlaprevir,0.34836228104222,0.5682978812492586
deflazacort,0.3501810209581383,0.5706215510432726
dimethisoquin,0.3513164499941952,0.5718277875608554
oxprenolol,0.35177688741645563,0.5719338832490014
fludarabine,0.3529107567580355,0.5731334063174831
dvd-111,0.3553753119905523,0.5764888749443152
ly2183240,0.3576979818277821,0.5796069201621509
batimastat,0.35950561869058273,0.5818843738761446
sb-242235,0.36044541777911465,0.5827536531020994
kpt-276,0.3620734744390187,0.5847324972246206
gossypol,0.36261685877258887,0.584793397676055
mgcd-265,0.3629194686337922,0.584793397676055
gw-3965,0.36511403475841364,0.5876571126477034
p276-00,0.36550891595226886,0.5876571126477034
ch5132799,0.3664646134087429,0.5885397287485582
tmc-353121,0.36736420933060565,0.5893303890259273
clofibrate,0.36929711460533243,0.5917751105580465
sr-57227a,0.37187609063334115,0.5952485654274831
cholecalciferol,0.37431510518188926,0.5984905604399932
ciprofibrate,0.37798792637024636,0.6036959486288592
bifemelane,0.3792655012167203,0.605068555965374
valnemulin,0.3817950608093148,0.6084333182721129
amsacrine,0.3832970025139033,0.6097506463645643
pacritinib,0.38346447007032036,0.6097506463645643
zm-447439,0.38622933603438736,0.6134729409898557
tasisulam,0.3875223782827185,0.6143534860326749
estradiol-benzoate,0.3876328491691998,0.6143534860326749
jnj-26481585,0.3902748137621368,0.6174356635129672
hyoscyamine,0.3904309828019108,0.6174356635129672
azd5363,0.3911280262118946,0.617678840147847
rs-16566,0.39143849095755057,0.617678840147847
filanesib,0.3940305167763474,0.6200510076378379
baricitinib,0.3940747796778665,0.6200510076378379
diphenyleneiodonium,0.39422731653546017,0.6200510076378379
ambazone,0.3956972790463853,0.6216872560044729
ro-106-9920,0.3972048289919218,0.6233789452834174
idoxuridine,0.3986280511251288,0.624574184796096
tazemetostat,0.39937843115998795,0.624574184796096
nicorandil,0.39995623987730866,0.624574184796096
8-hydroxy-pipat,0.40014669911492173,0.624574184796096
imatinib,0.4002031489904948,0.624574184796096
itraconazole,0.4005562152666048,0.624574184796096
gdc-0941,0.4021352821281784,0.6263614136054619
vu0364770,0.40316120999243843,0.6264903817489925
bay-k-8644-(s)-(-),0.4035337747757449,0.6264903817489925
astemizole,0.40360470201522736,0.6264903817489925
romidepsin,0.40410217298363527,0.6264903817489925
srt1720,0.40446115275080907,0.6264903817489925
d-serine,0.40481583063946647,0.6264903817489925
pu-h71,0.40531364136988457,0.6265906400237425
uh-232-(+),0.4064771951812842,0.6266788758342331
palbociclib,0.4066077411410466,0.6266788758342331
benfotiamine,0.40676101218691296,0.6266788758342331
gsk650394,0.40716563735704114,0.6266788758342331
pd-98059,0.40753615906013363,0.6266788758342331
skepinone-l,0.4080037960242583,0.6267319456975602
iowh032,0.4084796685314602,0.626771555257168
chir-98014,0.40911480526274824,0.626771555257168
gzd824,0.4094362997124992,0.626771555257168
thiram,0.40993848537709743,0.626771555257168
anastrozole,0.4106661475567276,0.626771555257168
ammonium-lactate,0.4108542818946491,0.626771555257168
fenretinide,0.41106164888669827,0.626771555257168
pi-103,0.41240722357582693,0.6281613184360226
pyrimethamine,0.4136824530455603,0.6291366544176148
indisulam,0.41391713545650954,0.6291366544176148
ptc-209,0.4156318814352039,0.6310800969955299
cyproterone-acetate,0.416638035545862,0.6319446933279479
repaglinide,0.4175217602237187,0.632475599826119
dpi-201106,0.417862248399288,0.632475599826119
halofantrine,0.4189079986837698,0.6333958976963584
tedizolid-phosphate,0.41937707124504053,0.633443238091413
r547,0.41997311891202815,0.6336820678474502
nafcillin,0.4217225746049216,0.634218722488029
unbs-5162,0.42174313031460464,0.634218722488029
zstk-474,0.42185113349593206,0.634218722488029
bay-11-7082,0.4221403078247763,0.634218722488029
a61603,0.42255196253921645,0.634218722488029
gsk2656157,0.42295858134136,0.634218722488029
du-728,0.42637279111060455,0.6385004944461395
cx-5461,0.42669659856905107,0.6385004944461395
rita,0.4279428105133102,0.6397037673685535
gambogic-acid,0.4288837314113828,0.6404486680621991
proflavine-hemisulfate,0.42978506597685884,0.6408555807278483
piretanide,0.43106033543646805,0.6408555807278483
nonoxynol-9,0.43107890044370545,0.6408555807278483
forodesine,0.4311943963154957,0.6408555807278483
bisindolylmaleimide-ix,0.43167115990211524,0.6408555807278483
tenovin-6,0.43181353919119014,0.6408555807278483
brefeldin-a,0.4328117722908361,0.6410270256654048
alvocidib,0.43281506846931617,0.6410270256654048
ban-orl-24,0.4334873890628984,0.6413663108118752
kp-1212,0.43530552826117996,0.6433984672052374
erteberel,0.4386336159748977,0.6476559615466092
jib04,0.44106564992724784,0.6505830738478365
taurine,0.4418035791765078,0.6510079216582554
cmpd-1,0.44678572881206713,0.6574754330276599
temocapril,0.44710146931528494,0.6574754330276599
papaverine,0.44777346314658895,0.6577320817466592
nu6027,0.44818509509482096,0.6577320817466592
icotinib,0.4491730189042198,0.6582042238636694
nsc-632839,0.44968255458833917,0.6582042238636694
cx-4945,0.44987144257164413,0.6582042238636694
aeg3482,0.45044559581057586,0.6583785627655588
cabozantinib,0.4516361783883859,0.6594526237416694
masitinib,0.4551393899982321,0.6638978803704051
stattic,0.4561793592076242,0.6641776049610146
pyrithione-zinc,0.4562491633249818,0.6641776049610146
bindarit,0.45707311676984475,0.664708341674337
triclabendazole,0.45803838796861407,0.6654433206732777
fluvastatin,0.45864827505288275,0.66566103711286
nilutamide,0.4634789738244205,0.6719980712664694
metyrapone,0.46428092086615613,0.6724869794728008
cetrimonium,0.46547003959453614,0.6735351472932938
avn-944,0.46626762052747095,0.6740152316715788
linalool,0.4671647622003213,0.6746381346345958
nilotinib,0.4680151005522347,0.6751922736780495
enoximone,0.4700689115860426,0.6774797958814778
picolinic-acid,0.47258432203820633,0.6798287717993239
tws-119,0.47263838592268126,0.6798287717993239
streptozotocin,0.47444301626827656,0.6798794828886641
s26948,0.4744852129080157,0.6798794828886641
tyrphostin-ag-1478,0.4747140571753864,0.6798794828886641
iododexetimide,0.4750683941212501,0.6798794828886641
captamine,0.47543066065611117,0.6798794828886641
finafloxacin,0.4754927689587616,0.6798794828886641
nadide,0.477572992662337,0.6821797832007914
tg-100572,0.4782093299839366,0.6824150892374322
trometamol,0.47960801695071675,0.6833816692069795
lerisetron,0.4798312203968841,0.6833816692069795
az20,0.4826566092766811,0.6860821931463899
naltrexone,0.4826756548880614,0.6860821931463899
th-302,0.4845072160431063,0.6877402562433005
fenbendazole,0.4851326193554928,0.6877402562433005
cinromide,0.48526800388694524,0.6877402562433005
lorazepam,0.4886236900989779,0.691091449053716
sns-314,0.48902584328978105,0.691091449053716
niridazole,0.4890654069322773,0.691091449053716
mtpg,0.490267582470174,0.6921143334969188
ve-822,0.4929189922073791,0.695179124487405
phlorizin,0.49354756503917785,0.6953878545391337
halobetasol-propionate,0.49522910582395274,0.6965291766293705
oligomycin-a,0.4953203336224066,0.6965291766293705
vincamine,0.49827982449738817,0.7000105883958453
buparlisib,0.5010161686461606,0.7020337336166922
gdc-0980,0.5013944388230698,0.7020337336166922
naproxen,0.5017726469874411,0.7020337336166922
cyproheptadine,0.5019461956999062,0.7020337336166922
maprotiline,0.5021457597050978,0.7020337336166922
stemregenin-1,0.5049247781321128,0.7033484216588954
panobinostat,0.5051230527952708,0.7033484216588954
betamethasone-dipropionate,0.505534968116947,0.7033484216588954
pterostilbene,0.5056032515297189,0.7033484216588954
ri-1,0.5058957233582941,0.7033484216588954
olda,0.5060025618154181,0.7033484216588954
sar131675,0.5122100193466137,0.7112935681329655
tetrahydrouridine,0.5127890060359359,0.7114148530527319
camylofine-chlorhydrate,0.5157861321336408,0.714020174605815
amisulpride,0.5159613904272764,0.714020174605815
bendroflumethiazide,0.5161472720370992,0.714020174605815
prednisolone-tebutate,0.5172256030160893,0.7148285077022744
salinomycin,0.5179325274276247,0.7151224877745925
talmapimod,0.5195365544427659,0.7164698793529894
tirapazamine,0.5198986685007871,0.7164698793529894
sb-657510,0.5230824040330593,0.720171492517447
lenalidomide,0.523778063613798,0.7204437814155568
k-strophanthidin,0.5255150132476376,0.7221464616992702
cobimetinib,0.527408150763391,0.7227590707053623
hydroxyurea,0.527499101488005,0.7227590707053623
loxistatin-acid,0.5282482558266761,0.7227590707053623
kenpaullone,0.5291535440349149,0.7227590707053623
riboflavin,0.530058937595046,0.7227590707053623
morin,0.5305456273937856,0.7227590707053623
rimexolone,0.5311252581782935,0.7227590707053623
tetrandrine,0.5312110802893388,0.7227590707053623
oxyquinoline,0.5312670189341315,0.7227590707053623
trapidil,0.5314664961656033,0.7227590707053623
pd-318088,0.5315755966932483,0.7227590707053623
xbd173,0.5319546719427857,0.7227590707053623
chlormidazole,0.5329213376063114,0.7233932228108186
jtc-801,0.5342822944062768,0.7245608997243511
rn-1734,0.5351939896866913,0.7251176995099647
oxymatrine,0.537396599946411,0.727272663955198
pibenzimol,0.5377897376862901,0.727272663955198
sb-218078,0.5389037385751081,0.7280987018843897
adefovir-dipivoxil,0.5398271656023641,0.7286659595397582
ki-8751,0.5406246940454312,0.7290623786428136
doxycycline,0.5414233712276,0.7294596072312265
ganetespib,0.5426908281952849,0.7304870961847231
osi-930,0.5455481754731984,0.7332183476337012
pf-04136309,0.5457333520397347,0.7332183476337012
fosbretabulin,0.5466124234624621,0.7337181602506333
azd9668,0.5472209844303018,0.7338542766178374
novobiocin,0.5486416337906388,0.7350781889769021
oridonin,0.549435982473861,0.7354614862531702
trolox,0.5502104058134042,0.735817428107205
gtp-14564,0.5574227853650457,0.7447744879254119
capsaicin,0.5613428589715219,0.7482437210551339
gamma-aminobutyric-acid,0.561561456804811,0.7482437210551339
roquinimex,0.5615706158022635,0.7482437210551339
gw-441756,0.5661124410113354,0.7519436365192497
echinomycin,0.566733558450299,0.7519436365192497
cyclosporine,0.5668581064231826,0.7519436365192497
sb-228357,0.5675121394136846,0.7519436365192497
ly3023414,0.5676295739414554,0.7519436365192497
pralatrexate,0.5679150780002501,0.7519436365192497
az960,0.5680497363082203,0.7519436365192497
ajmaline,0.5685047258825564,0.7519436365192497
etoposide-phosphate,0.5703887885854739,0.7529299174411554
danusertib,0.5707894043708088,0.7529299174411554
7-aminocephalosporanic-acid,0.5708114163323756,0.7529299174411554
cibenzoline,0.5723022176269332,0.753179666161317
abt-702,0.5725085993931232,0.753179666161317
vx-765,0.5726397969307724,0.753179666161317
ro-04-5595,0.5730828005830063,0.753179666161317
methoxyflurane,0.5746438351140446,0.7545459432032873
licochalcone-a,0.577040076408728,0.7547447949981844
pac-1,0.5774406760993631,0.7547447949981844
idronoxil,0.5775983245556919,0.7547447949981844
tranilast,0.5781674334432156,0.7547447949981844
pf-573228,0.5784410679398782,0.7547447949981844
pyritinol,0.578814254730305,0.7547447949981844
nvp-bhg712,0.5801879411475357,0.7547447949981844
bms-626529,0.5801921286996635,0.7547447949981844
amonafide,0.5806312510560937,0.7547447949981844
ro-90-7501,0.5808176914213946,0.7547447949981844
gw-405833,0.5812482947630235,0.7547447949981844
kf-38789,0.581716237478611,0.7547447949981844
pp-2,0.5822362128613678,0.7547447949981844
pik-75,0.5822777913376176,0.7547447949981844
4-methylgenistein,0.5831861164148506,0.7547447949981844
evp4593,0.5832702372404268,0.7547447949981844
nitarsone,0.5838873740238107,0.7547447949981844
pepstatin,0.5841839463703984,0.7547447949981844
tg-100713,0.5850628699977709,0.7552060418258469
methylphenidate,0.585687075904056,0.7553379668744822
temozolomide,0.5864174270140291,0.755606426437489
pf-05212384,0.5885618369720084,0.7576948203723275
noretynodrel,0.5908369163340577,0.7595333415633074
norethindrone,0.5910397668281162,0.7595333415633074
clebopride,0.5939417953992131,0.7619511435072546
obatoclax,0.5939743537499538,0.7619511435072546
sulfamethazine,0.5955506301899327,0.7632965118554762
vlx600,0.5974073343285298,0.7649985953746749
ramatroban,0.5988143531330185,0.7661223421604577
adapalene,0.599448121510092,0.766255681824296
epothilone-a,0.6008362289465494,0.7673521829529188
cnx-774,0.6048713328189916,0.7712492319002255
thiostrepton,0.6053170627802895,0.7712492319002255
cct137690,0.6054866119133768,0.7712492319002255
lacitol,0.6074176112270334,0.7730283935316776
carboplatin,0.6081727287700726,0.7733092605714368
ruxolitinib,0.6094129790113552,0.7742059531426083
thiamine,0.6102064117138174,0.774533927850784
tipiracil,0.6114173963166503,0.7753908610606423
propranolol,0.6153202808614922,0.778638778372907
palmatine-chloride,0.615504321730173,0.778638778372907
uric-acid,0.6159587331595573,0.778638778372907
abt-737,0.6161308923545117,0.778638778372907
sb-225002,0.6183593924870138,0.7807731596236552
nvp-bez235,0.6202119881239812,0.7818423512078241
eplerenone,0.6204240543002677,0.7818423512078241
trichostatin-a,0.6208665782330036,0.7818423512078241
nitrocaramiphen,0.6213674525839653,0.7818423512078241
azd2461,0.6223817024256675,0.7819522522353322
uk-383367,0.6230695132457486,0.7819522522353322
dronedarone,0.6234926869061602,0.7819522522353322
bms-754807,0.6240698267218838,0.7819522522353322
motesanib,0.6241567735534268,0.7819522522353322
amprolium,0.6249404149141086,0.7822567304331445
prednisolone,0.6259632726250262,0.7828598578119385
unc2250,0.6279915112772407,0.7847182355942722
ly2801653,0.6289351452605692,0.7852192883451627
cyt387,0.6323707560652665,0.7888280034710695
gsk429286a,0.6336820814067512,0.7892581701072452
pi-828,0.6338064918207456,0.7892581701072452
sb-200646,0.6355969360995422,0.7908071939260854
chloroxine,0.6371747223795639,0.7920891952605059
ccg-50014,0.6382772406177414,0.7926325872374312
artemisinin,0.6387670815611205,0.7926325872374312
cycloheximide,0.6395792085207717,0.7926325872374312
baicalin,0.6398029453305595,0.7926325872374312
domiphen,0.640507509484745,0.7928266605854799
prt062070,0.6425474023384702,0.793900498125448
pf-04217903,0.6430301691136724,0.793900498125448
pci-24781,0.6434006483445533,0.793900498125448
satraplatin,0.6435696505191089,0.793900498125448
marimastat,0.6461044330061947,0.7963484791822518
cobicistat,0.6474464045981994,0.7967177585598624
mitomycin-c,0.6484062037596481,0.7967177585598624
vx-702,0.6484301774974135,0.7967177585598624
kw-2449,0.6491820776811921,0.7967177585598624
docetaxel,0.6497123845137002,0.7967177585598624
y-27632,0.6499048873772555,0.7967177585598624
tpca-1,0.6507599184664381,0.7967177585598624
ym-155,0.6508088394041169,0.7967177585598624
methiazole,0.654274368809555,0.8002831882226764
cb-10-277,0.6565192014440596,0.8023507470350965
am-404,0.6575542044344515,0.8029374968916888
amfenac,0.6586138983911677,0.803553381932563
jzl-184,0.6605995057106187,0.8052969543077213
linsitinib,0.6621553610015176,0.8065141476171683
lonafarnib,0.6643898607601432,0.8085551964002752
diaveridine,0.6657439312532087,0.8095222424566327
monobenzone,0.6682820833630734,0.8119262591321302
d-7193,0.6696774718829424,0.8128688115773551
mexiletine,0.6701814044310882,0.8128688115773551
acipimox,0.6737050944644756,0.8162899570665153
anisomycin,0.6741302686209301,0.8162899570665153
radezolid,0.6751370828341047,0.8167512926242536
lgx818,0.6762648523576271,0.8167512926242536
puromycin,0.676493790008293,0.8167512926242536
toremifene,0.6776198781951575,0.8167512926242536
triciribine,0.6779651856273492,0.8167512926242536
ginkgolide-a,0.6783507547454602,0.8167512926242536
tropisetron,0.678462373002317,0.8167512926242536
semaxanib,0.6812767344345999,0.8193819133084278
meloxicam,0.6817801130776413,0.8193819133084278
tg-02,0.6840605371426233,0.8209380787602802
gsk1292263,0.6844564404090063,0.8209380787602802
sangivamycin,0.6847769599610631,0.8209380787602802
benzocaine,0.6855704409882428,0.8212089636672081
suxibuzone,0.686213180844354,0.8212989848484535
odanacatib,0.6881652532379917,0.8229546458143587
ly2874455,0.6889073653364146,0.8231618147331065
amg-208,0.6898468751414648,0.8236043138033826
atiprimod,0.6910738980205626,0.8237240460220667
cgp-52411,0.6910856889224527,0.8237240460220667
pheniramine,0.6925265124618804,0.8247620275986344
disulfiram,0.693322220131363,0.8250306353043441
pr-619,0.6948342708302195,0.8261505257940244
vidarabine,0.6959497887639363,0.8267974912491098
clindamycin-phosphate,0.6995780758494519,0.830426149101031
warfarin,0.7049904978405717,0.8352191872576035
ccmi,0.7055647693289683,0.8352191872576035
tanshinone-i,0.7063103598656324,0.8352191872576035
ap1903,0.7066583569251448,0.8352191872576035
beta-lapachone,0.7073541778882678,0.8352191872576035
onc201,0.7074612686689412,0.8352191872576035
lucitanib,0.7076563397220608,0.8352191872576035
meglitinide,0.7088104895942908,0.8352406128406045
pj-34,0.708940329957232,0.8352406128406045
bvt-948,0.7094061597657932,0.8352406128406045
butylscopolamine-bromide,0.7103194567143276,0.8355778588035001
ly2090314,0.7108475080767854,0.8355778588035001
fph1-(brd-6125),0.7132945966214268,0.8377737672980557
tyrphostin-ag-99,0.7139458217933581,0.8378585597201857
cytarabine,0.7158186204182257,0.8393756432294754
bardoxolone,0.7229486028092665,0.8467212828004297
azalomycin-b,0.7232532864832971,0.8467212828004297
deferasirox,0.7247673023651101,0.847807830656681
rucinol,0.7277246370889328,0.8491790522279468
kd-023,0.7280273547393109,0.8491790522279468
norethindrone-acetate,0.7283073720052631,0.8491790522279468
azomycin-(2-nitroimidazole),0.7284184702594253,0.8491790522279468
skf-96365,0.7293380236305482,0.8491790522279468
dianhydrogalactitol,0.7301181891436468,0.8491790522279468
mozavaptan,0.730547859492797,0.8491790522279468
telatinib,0.7306343607628153,0.8491790522279468
tucatinib,0.7322559589837987,0.8503807164121643
cid-5458317,0.7346765892902003,0.852507638093761
cilostamide,0.7375654056872532,0.8547068040996685
fudosteine,0.7377531432760787,0.8547068040996685
dihydroartemisinin,0.7388494698388557,0.8552921462854594
nsc-319726,0.7423762806829219,0.8578502254849001
maxacalcitol,0.7426165051228939,0.8578502254849001
estradiol-cypionate,0.7436406146669091,0.8578502254849001
crizotinib-(s),0.7446338671316313,0.8578502254849001
berberine,0.7447587751523099,0.8578502254849001
unc0631,0.744792215326584,0.8578502254849001
etoposide,0.7452092145366409,0.8578502254849001
dichlorisone-acetate,0.7459569865491038,0.8580284257047323
scriptaid,0.7489833036072411,0.860825131310308
nadifloxacin,0.7505639737047503,0.8619571983736298
genipin,0.7519457635975116,0.8628592545008718
barasertib,0.7526880568835259,0.8630266389147877
idra-21,0.754607207984187,0.8645420664711945
palomid-529,0.7557723290466007,0.8651918988373665
u-0126,0.7567102304770452,0.8655807932808574
brilliant-green,0.7583206090349747,0.8667376945289165
fluocinolone-acetonide,0.7604195974678436,0.8683002802248381
cimetidine,0.7608878751382824,0.8683002802248381
prednisolone-acetate,0.763495048693978,0.870588916832298
lasalocid,0.7668087362456691,0.8736789301948688
vs-4718,0.7676877654046956,0.8739922868140004
trovafloxacin,0.7717669641613344,0.8779455952369897
mek1-2-inhibitor,0.772788489078158,0.8784170806725017
dihydromyricetin,0.7753099875203792,0.8805914850408074
way-600,0.7767602287261662,0.8815467066405982
y-320,0.779326496424561,0.8823173790342442
p5091,0.7793631313037152,0.8823173790342442
sc-12267,0.7801963494672671,0.8823173790342442
doxifluridine,0.7804208402013346,0.8823173790342442
diazooxonorleucine,0.7804880754414877,0.8823173790342442
3'-fluorobenzylspiperone,0.7816413434886629,0.8829313224263038
valrubicin,0.7825876009575349,0.8832827216791028
oxymetazoline,0.7831732770658528,0.8832827216791028
iobenguane,0.7839385797980846,0.8834572624360033
fluroxene,0.7846897902721771,0.8835213182717375
clofarabine,0.7852165966119243,0.8835213182717375
thiomersal,0.78625130017296,0.8839981595573217
pi3k-in-2,0.7877883857128999,0.8844119492653986
triptolide,0.7878417433331713,0.8844119492653986
venetoclax,0.7899386948283376,0.8853360390280124
tg100-115,0.7901704092605355,0.8853360390280124
dinaciclib,0.790500457791425,0.8853360390280124
oxyphencyclimine,0.7920558926141174,0.8863920159417075
xanomeline,0.7969271352030407,0.8911542230593508
bortezomib,0.7981233218387387,0.8918026615449072
avl-292,0.7988619159715055,0.8919391916749756
fluorometholone,0.7995083887011334,0.891972735890933
atorvastatin,0.8009854321135204,0.8929321419632235
digoxigenin,0.802567788423012,0.8940073824850642
vu0238429,0.8048870138986759,0.8959011608549108
pf-3845,0.8079462018863102,0.8965242172547631
bi-2536,0.8084940195935734,0.8965242172547631
selumetinib,0.8085626616995899,0.8965242172547631
sc-144,0.8090063743250218,0.8965242172547631
dalcetrapib,0.8090188225949104,0.8965242172547631
g-1,0.8097822971201842,0.8965242172547631
pfk-015,0.8097837954056499,0.8965242172547631
snx-2112,0.8122198000411397,0.8985336778742576
nvp-tae684,0.8133917695551314,0.8990547193125199
n-acetylmannosamine,0.8141824739825161,0.8990547193125199
voxtalisib,0.8145547595153514,0.8990547193125199
axitinib,0.8153957840763382,0.8992970271024857
olaparib,0.8172278651948756,0.9004303793705267
fluoromethylcholine,0.8176679464359863,0.9004303793705267
pd-168393,0.8186460709398055,0.9008219503041054
elesclomol,0.8203608767650551,0.9019508150568093
pf-04457845,0.8218256737300909,0.9019508150568093
p22077,0.8220839332836807,0.9019508150568093
clopamide,0.8226138940874104,0.9019508150568093
butamben,0.823054580849007,0.9019508150568093
fdcyd,0.8234119051071492,0.9019508150568093
norgestrel,0.8253696830594079,0.9034114458297756
cd-437,0.8283439349539655,0.9048729896646713
monensin,0.8288767540880962,0.9048729896646713
sb-366791,0.829198676972169,0.9048729896646713
tezacaftor,0.8299017477286158,0.9048729896646713
midodrine,0.8300598841941256,0.9048729896646713
diclazuril,0.8304570354351649,0.9048729896646713
gefitinib,0.8321344181048761,0.9060011570060067
posaconazole,0.8327446709177533,0.9060011570060067
baicalein,0.833928878557652,0.9066078792433677
ro-4987655,0.8350695951336043,0.9069566037851462
aurora-a-inhibitor-i,0.8359172725767496,0.9069566037851462
resatorvid,0.8361299996194782,0.9069566037851462
metaraminol,0.8374400633146557,0.907697207203226
deforolimus,0.8381934483189417,0.9078337722436443
ym-201636,0.8409793930542194,0.910169919034746
azd1480,0.8438220695718619,0.912526370907969
cep-33779,0.8444198490812806,0.912526370907969
voreloxin,0.8450486088574143,0.912526370907969
fli-06,0.848848065059234,0.9159456749744307
estrone,0.849848865562625,0.9163422566833966
gs-9973,0.8542452889738946,0.9197744925165547
sulconazole,0.8547009033556203,0.9197744925165547
dovitinib,0.8549389719659751,0.9197744925165547
ldn-57444,0.8561571289821664,0.9203377680413337
formestane,0.8567346050806335,0.9203377680413337
av-412,0.8587605330711428,0.9218297413604922
sodium-stibogluconate,0.8619538889856883,0.9245717400758272
oltipraz,0.8644337174842398,0.9264508418705392
stf-118804,0.8657438513826768,0.9264508418705392
canrenone,0.8659959739480094,0.9264508418705392
fludroxycortide,0.8662667512445331,0.9264508418705392
mitoxantrone,0.8678476050366417,0.9273442907415149
cp-673451,0.8683839073633398,0.9273442907415149
bibx-1382,0.8715940333575101,0.9300859633247177
fk-3311,0.8735357299404862,0.9314710399586467
homoharringtonine,0.8742572919019664,0.9315539774537154
oxazepam,0.876167601274202,0.932902515852664
10-hydroxycamptothecin,0.8784920514742132,0.9346897047670488
eprosartan,0.8800854391953361,0.9354951126758598
cetylpyridinium,0.8805420480058889,0.9354951126758598
metatinib,0.8824606000006628,0.9368455526052526
aminoglutethimide,0.8845165748192991,0.9379764523568361
bi-78d3,0.8848222926517494,0.9379764523568361
dofetilide,0.8864767027923945,0.9390423052273754
refametinib,0.8886774012426373,0.9406848570578611
sevoflurane,0.8919864968921665,0.9434974130138633
oxiperomide,0.8943939954023966,0.9453528936064777
sparfloxacin,0.9002971003025164,0.9508977402465264
gemcitabine,0.903773339836713,0.9537838891496315
chlorindanol,0.9043479584749788,0.9537838891496315
epirubicin,0.9057921451482398,0.9545701487547501
tioguanine,0.9064128433925547,0.9545701487547501
carboxyamidotriazole,0.9103958995051382,0.9577216254554922
pindolol,0.9107290647040479,0.9577216254554922
ldn-212854,0.9115176290004361,0.957854763372281
nizatidine,0.9142024776519498,0.9581345438625839
ml133,0.9143921618298942,0.9581345438625839
e7449,0.914477810921926,0.9581345438625839
i-bet151,0.9152422508546557,0.9581345438625839
bumetanide,0.9155674650055675,0.9581345438625839
pd-407824,0.9163853537932769,0.9581345438625839
ciclesonide,0.9164189417455535,0.9581345438625839
rifampin,0.9175820256579739,0.9586578997307496
mk-0812,0.9195949307169938,0.9600677234830376
lidocaine,0.9242147802745434,0.9641952321970182
epiandrosterone,0.9253475120021404,0.9645854085847239
1-azakenpaullone,0.9265638874129268,0.9645854085847239
cisplatin,0.9265886094905087,0.9645854085847239
levocetirizine,0.9278188574156271,0.965171737369096
clofoctol,0.9311860744274435,0.966227412794261
amg-232,0.9317155517826318,0.966227412794261
nisoxetine,0.9319272244183889,0.966227412794261
psb-1115,0.9321036487818865,0.966227412794261
tepoxalin,0.9322080698674717,0.966227412794261
scs,0.9332841281269746,0.966227412794261
paclitaxel,0.9336992792466823,0.966227412794261
otx015,0.9341756395985978,0.966227412794261
as-1949490,0.9356302226994216,0.9664024233782496
alvespimycin,0.9363060141598197,0.9664024233782496
birinapant,0.9363484433837637,0.9664024233782496
jq1-(+),0.9397858526023565,0.9692588230332215
tacrolimus,0.9410453706527186,0.9698665607795469
cpi-1189,0.9421631553744498,0.9703274632219423
azd2014,0.9435568607057626,0.9706891124385973
zolmitriptan,0.9438559648936465,0.9706891124385973
10-deacetylbaccatin,0.9449420922825422,0.9711159144409364
ly2334737,0.9461592107292716,0.9716766344395004
cladribine,0.9469223616848029,0.971770678977241
pd-0325901,0.9476124537378303,0.9717896672988238
narasin,0.9490014789907404,0.9723229341203837
difluprednate,0.949476368978647,0.9723229341203837
ly303511,0.9530188121484457,0.9743745433239912
acy-1215,0.9531392023333768,0.9743745433239912
selamectin,0.9534998986501532,0.9743745433239912
sevelamer,0.9561218828162004,0.9758793425183548
gdc-0068,0.9563212907332599,0.9758793425183548
isofloxythepin,0.9575557031545765,0.9764503893338071
4-pyrimidinecarbonitrile,0.9591590219419522,0.9773965526408486
ici-162846,0.963744144051866,0.9813777455616117
rg108,0.9693077774903288,0.9857335969393933
inc-280,0.9693841799894656,0.9857335969393933
trimebutine,0.9713236520491539,0.9870121660920826
azd7762,0.9720423254709794,0.9870492947063207
protirelin,0.9731048257120515,0.987430618310864
nms-1286937,0.9737826484655168,0.987430618310864
sr-27897,0.9744840295312736,0.9874498534536084
tak-715,0.9798438886954083,0.9917359839690199
fg-4592,0.9810086910973734,0.9917359839690199
carbachol,0.981569705821041,0.9917359839690199
3-amino-benzamide,0.9821772144753519,0.9917359839690199
eltrombopag,0.9833380806936081,0.9917359839690199
naftidrofuryl,0.9837372448590139,0.9917359839690199
anguidine,0.9839279401526171,0.9917359839690199
vismodegib,0.9841968714440307,0.9917359839690199
azd4547,0.986106066423638,0.9926968510912708
saxagliptin,0.9865225099303714,0.9926968510912708
iem1754,0.9874020887191819,0.9928914679476416
sr-33805,0.9890419855675499,0.9935533867282342
tyrphostin-a9,0.9896016635841755,0.9935533867282342
napabucasin,0.9901202374997331,0.9935533867282342
irinotecan,0.9933211579197709,0.9960746469230136
oxaliplatin,0.9969018763792523,0.9989730021612037
epinastine,0.998563103980275,0.9994766538799705
nithiamide,0.9987859305531703,0.9994766538799705
cefpiramide,0.9996914673842361,0.9996914673842361
