drug,n_samples,pearson_r,spearman_r,rmse
trichostatin-a,328,0.04413101443159279,0.02999215806831391,0.12800178246529875
BX-912,295,0.15193946510411063,0.14407013377957692,0.0948443941164529
etoposide,310,0.27174102913060577,0.24059080202573357,0.1573077421028802
PFI-1,329,0.13203622184716063,0.12730339198943247,0.06788616543061163
nintedanib,319,0.01856696022154696,-0.03903117052108594,0.16934458235228095
BI-2536,17,0.4045312361762982,0.4730392156862746,0.18267554634620667
teniposide,275,0.19324313134571616,0.2489074175586394,0.13054033219929004
GSK429286A,274,0.059195058687405155,0.022547671306795396,0.11802706489500338
venetoclax,234,-0.036030818473624444,-0.015711479340371683,0.06817130458591558
torin-2,308,-0.005035719565708839,-0.02128702074940334,0.3534925406430825
motesanib,214,0.12312550972229919,0.09381365349235163,0.07161423244215985
LY2109761,130,-0.03450664310722515,-0.0802332409291401,0.0659013378090761
pelitinib,300,0.015069237256145184,0.06282292025466948,0.125229725490013
AT7867,309,0.014687813584674211,0.014845380113153363,0.12014252264913027
dabrafenib,263,0.003992449386607486,0.03710456669560375,0.10757992138010451
PD-184352,321,0.05211615960619272,0.06455600220583968,0.13312583227296845
AR-42,320,-0.05258252891640657,-0.02349009755954648,0.15251179031512832
AZD4547,216,0.012136133866931315,-0.05571511925600447,0.06700453895477979
BVD-523,289,-0.031783945231222493,-0.04913246231555503,0.05776249141947113
bexarotene,247,0.017033577237929514,0.03425687319430331,0.06767055747934088
CHIR-99021,277,-0.06220290515925266,-0.10015086345615076,0.17074416734668615
SB-590885,186,-0.01299375955490758,-0.09414468807258179,0.09736617994090367
mitoxantrone,278,0.18307172353027873,0.22374042072967923,0.15596954785828343
SNX-2112,322,0.0009264465557190139,0.012341308130857296,0.25478549574931053
imatinib,20,0.3846080001028773,0.37744360902255636,0.04130564903567914
ruxolitinib,143,0.026354820452774392,-0.005318625036934896,0.06391424144723637
axitinib,19,0.054021303577744616,0.09649122807017543,0.0760916274205824
OTX015,267,-0.007427813774618164,-0.012755349719258735,0.08559710143245093
parthenolide,46,0.24392115746428655,0.24896700585877274,0.04873248334102207
selumetinib,331,0.06115301601476478,0.09416617306909596,0.137094913610424
pazopanib,269,0.05555011776522348,-0.004263071260796389,0.12091505801496198
AT-7519,311,0.07679716822160777,0.08049994813815994,0.15027167120392046
serdemetan,330,0.15651123218330723,0.17076323432304663,0.06489347271198134
alisertib,255,0.0434440565286221,0.010423662575266326,0.17608222225083156
palbociclib,251,0.11340624159289586,0.07161297666476948,0.12878768753637276
oxaliplatin,293,0.10295614407080002,0.05852617357195813,0.05140738981290896
CP-724714,252,-0.12959147623744757,-0.017220033849169484,0.14957376464311062
paclitaxel,238,0.10411961872343843,0.14422798968417538,0.08770103538952644
TG-101348,305,0.04465671389388288,0.01603055372278333,0.08931151577752101
GSK1904529A,274,-0.09122813793529026,-0.08896767466110532,0.05391562420023239
YM-155,293,0.20133911662015216,0.18313485570019303,0.5594317727855476
entinostat,278,-0.0031936200277065735,-0.03876111873980494,0.14121691432521838
tanespimycin,332,0.13364083337959426,0.14223629227451162,0.15169314188219782
GDC-0941,278,0.156697677905574,0.14347967299852907,0.12543474573633367
temozolomide,181,0.0029112233567429925,-0.018448586404387506,0.04834015490554569
lestaurtinib,326,0.22217708633222835,0.21962843820219852,0.2323102951410377
embelin,318,0.017074168103429443,0.020740480628951966,0.13470191432998949
VE-821,214,0.06903207766573069,0.08934432502425989,0.09553824779805142
GSK2110183,292,0.11642626178252452,0.08856995092862552,0.10734290668439786
SN-38,337,0.24989398435736934,0.27361565049878217,0.13377263901452646
ribociclib,17,-0.3112331043884339,-0.35539215686274517,0.13880564915458324
PRT062607,260,-0.09058757571556081,-0.1279682107268314,0.08060474229707834
YM-201636,315,-0.02951930826951787,-0.04403658101150643,0.06989689158631711
tamoxifen,272,0.16230657582271069,0.15008098044781348,0.05828524196508349
temsirolimus,330,0.11274349372050958,0.11690181644543025,0.11082142602011222
sorafenib,287,0.08552670866795985,0.05995782672611942,0.05520721935362914
osimertinib,279,0.03901336926641667,0.11121738553857374,0.10862955425425128
CUDC-101,320,-0.0038870543511112104,0.01948480942196701,0.20366814852945572
dasatinib,252,0.13399028171004526,0.10525337010699908,0.10224938709279803
pevonedistat,284,0.2290482649987282,0.2687833154777652,0.1246186568280273
AZD8055,39,0.18727039654622094,0.21842105263157893,0.07773411220446982
nelarabine,148,-0.18949641327117286,-0.22099157094363234,0.057355161137457575
ibrutinib,187,-0.030613421858508738,0.0930029839351976,0.12543546453428736
PHA-665752,24,0.1525891016275528,0.1417391304347826,0.16215751551622345
docetaxel,301,0.1169821775087582,0.16980176453763393,0.09326377590490759
voxtalisib,313,-0.005215928759163833,-0.06447420530874266,0.13016688640713123
panobinostat,326,0.015829994622911764,-0.008401920587433056,0.26529085384136525
AZD7762,277,0.08634690390285271,0.13579913027669213,0.13879186425211865
CX-5461,272,0.017558531700556386,0.02133876542385333,0.11745930671499895
epirubicin,289,0.26225881396264383,0.28440072783677367,0.09774550736599717
AZD8931,262,-0.005232248552813626,0.05120519007903822,0.09775202262144896
5-fluorouracil,254,-0.0012469319988610763,0.023901052126679933,0.05803562776920135
ponatinib,270,0.07440109742763781,0.003154135630575636,0.07445967557047235
ABT-737,289,-0.07031288020820568,-0.06712007318140238,0.08074965066299478
vincristine,273,0.16455802233595956,0.18290050439041425,0.1656176768886039
TWS-119,323,0.0330239383382454,0.01614686047314934,0.11514621623187171
AZ960,265,0.032472093513866256,0.061574175576161676,0.14128258287727177
BMS-345541,253,-0.02901131230675558,-0.0066165148328790925,0.08370850771383778
BAM7,184,0.06631539703874739,0.06378416905858103,0.2018624726133607
uprosertib,296,0.0585138454478709,0.000654737942873536,0.13104393412930807
olaparib,260,0.06303222229370077,0.05455588214208903,0.1681342475724049
bosutinib,283,0.2372264460699269,0.2174463214139358,0.08299506078661846
TW-37,336,0.23460411852480334,0.2453774999525476,0.22377254744481975
crizotinib,175,0.094924597461776,0.05207568293775191,0.061942215283866314
AZ-628,55,-0.03830756401707572,0.014285714285714289,0.1895300252677291
cyclophosphamide,180,-0.033104888026993295,-0.020031482453162136,0.049216040612682616
fulvestrant,276,-0.0064920321143919005,-0.018903269074356816,0.05489518626360139
sirolimus,245,0.07617187957423294,0.07650246024039364,0.11426054840339865
filanesib,312,0.13198613718386257,0.1052760302783417,0.18845753782381536
talazoparib,280,0.042191999470005355,0.13682590703598624,0.12977059490475054
dacinostat,321,0.033982593451602,0.057086622743367975,0.2867905479218393
cediranib,292,0.15278554159524768,0.10565648688289048,0.11529753839172996
NVP-BEZ235,286,0.1672692855101425,0.19697657926156,0.07393823194001717
tenovin-6,321,-0.04364990231856581,-0.05492722180298369,0.11937448038783594
midostaurin,289,0.17224018554846707,0.18964522928846997,0.11212857241866055
topotecan,278,0.15452495517778744,0.21129564265205977,0.11127143646323685
podophyllotoxin,272,0.1090729448488065,0.1412041399017739,0.13321839176105968
EPZ-5676,163,-0.14163051082894132,-0.11854013223158817,0.049665376908035824
buparlisib,286,0.11263074493421762,0.11303176925769993,0.16044813380583853
carmustine,200,0.03602738146378099,0.036320408010200256,0.10600307289478383
afatinib,261,0.008526742456982617,0.09474018128927317,0.10724908191403229
PHA-793887,284,0.12767718698699382,0.10704644455911588,0.16327256198036097
Y-39983,303,0.05208850174971955,0.039648823718203115,0.10542141609386514
cabozantinib,307,0.07087894418133475,-0.04261651358796406,0.07734997938292455
saracatinib,50,-0.04719942327425523,-0.015990396158463382,0.09685641095972919
AZD5363,285,0.10250102084178332,0.08752663200402265,0.12017655274827113
GS-9973,264,-0.08209951579180895,-0.09364242902516809,0.07836014155315486
erlotinib,257,0.1577690127753042,0.133588730657859,0.06197175398914971
elesclomol,334,0.18480726086544982,0.15826789341848777,0.23307888226970877
methotrexate,270,0.11526545184196853,0.11689872289057461,0.06933489609069673
cisplatin,255,0.03648240919434676,0.06023622047244095,0.05561847469609764
TPCA-1,328,0.014958376168794916,0.04454087972462782,0.10612372543925823
tozasertib,18,0.2546191483870318,0.30443756449948395,0.11052849200087214
alectinib,180,0.04490113438397131,-0.023418418263938187,0.060174249561903675
trametinib,278,-0.011489110703948367,-0.012673499258122323,0.13708590511220242
GSK650394,273,0.13522996411251592,0.1347492674779064,0.1311530996415752
idelalisib,300,0.08048149315813749,0.02842653807264525,0.053156411287098616
tipifarnib,311,0.0678634320179164,0.06921441280428937,0.20364729575129037
PF-562271,284,0.10440825888533553,0.128899564393989,0.08991648997465844
ACY-1215,325,-0.08318380768647403,-0.07239648331672872,0.1126260616192236
vinorelbine,279,0.15333462027083103,0.15031771817568987,0.1090492563429019
LCL-161,157,-0.10631232067062205,-0.16749669744912832,0.06381804128491889
ZSTK-474,309,0.009650439117151677,0.0010017855617605066,0.18804824318802754
BMS-754807,17,0.08731947281398342,-0.01715686274509804,0.1420607194709126
MK-1775,275,0.12390817047548196,0.1281878768644875,0.10375748235223518
PAC-1,224,0.012654401309639553,0.010558402733290626,0.1083972484950884
vinblastine,281,0.17822539722314665,0.19618059686962538,0.11355035005404429
PI-103,307,-0.0025995018599836075,-0.025781174181250824,0.18597921505977377
GSK2126458,325,-0.054084346531192984,-0.04788352297554752,0.167257983458059
camptothecin,286,0.17574403235945002,0.24341435201512224,0.14818947321920325
vorinostat,285,0.047093128564181554,0.056907732741683814,0.08515931252606605
navitoclax,277,-0.03307789200551671,-0.03847131053593791,0.09812020495779007
I-BET-762,261,-0.06779794062669438,-0.058711806750764366,0.06482710569897487
dinaciclib,277,0.15730129122842862,0.19631784762113397,0.13496602999371543
dacomitinib,324,-0.05364644815672816,-0.06162243214874795,0.1854764616456779
WYE-125132,312,-0.025217619651633903,-0.02942726710229253,0.22241220230296913
TAK-715,293,0.10428708784445058,0.07510106759053148,0.12974547373944648
vismodegib,206,0.1053773195824205,0.10250354339761211,0.04749625002549772
lapatinib,282,-0.05902249192465025,0.06475980052338666,0.1181216635964101
ZM-447439,20,-0.05519629829277215,-0.11879699248120301,0.1856115459386237
gemcitabine,271,0.16047024608230417,0.20360200660830136,0.13380136651138094
OSI-027,63,-0.15532060145033696,-0.13354454685099845,0.14642630892849606
linifanib,207,0.08358343661296182,-0.006383197497591757,0.04804621280679856
linsitinib,274,-0.12315538146228261,-0.14669155661856392,0.07158099523643345
refametinib,338,-0.0025325539450723566,-0.013153059447092613,0.14655635196913974
MK-2206,279,0.03759958631922861,-0.023912851285791646,0.128126297540783
tivozanib,212,0.1614342774231011,0.013361578754472647,0.042647327071297036
alpelisib,269,-0.033917875018570236,-0.02450819015208961,0.05457417179786279
AST-1306,321,-0.0833269010424444,-0.10020280664073838,0.1741555581243577
irinotecan,264,0.0740858515649927,0.16083258874707326,0.12186701733547922
PLX-4720,255,0.037021017830189754,0.02174400764242705,0.07129223816300896
OSI-930,263,0.14303336360495367,0.14809305430586595,0.04793165489494113
bicalutamide,252,0.017833803430368136,0.0272428074264208,0.06138818546731795
mitomycin-c,311,0.20627764984913174,0.23351152529660985,0.5075443341439557
BIBR-1532,203,-0.020741217360368474,-0.07893106030394405,0.05909341169349743
VX-702,175,0.04520329300172346,0.0756000895656068,0.08389437318183612
AR-12,311,0.025376589451490763,0.03936992246354955,0.15794007698636403
MG-132,52,0.027071236369798864,0.060872534790403825,0.13848909020562586
GDC-0068,281,0.1059973366637496,0.10885028502201212,0.09684596797283267
doxorubicin,314,0.1927789347119735,0.18907284286906187,0.18903853422582634
alvocidib,324,0.1831806077192322,0.16345339396976363,0.1561307190275452
canertinib,316,-0.04108848114209358,-0.04076645312918923,0.1339606983464481
bortezomib,277,0.0953091607123189,0.11849669534502674,0.09966831256404836
GSK1070916,273,0.09986804589572511,0.0678396850037039,0.113329593402642
PD-0325901,266,-0.0016924428019797137,-0.012944700100898845,0.13552115581863228
NVP-TAE684,58,0.07686147624669816,-0.13666984527361656,0.22075290502564293
AZD6482,19,0.0937601456930914,0.07017543859649124,0.06612152683791496
fludarabine,236,0.03699204844601791,0.01613022499965764,0.11450379369727297
P22077,223,0.040291350135611935,0.0017097494675970013,0.20310371507451783
foretinib,287,0.14835321593013348,0.0900212592285763,0.1736348910799372
pyrimethamine,50,0.048737625619677524,0.16936374549819924,0.1416916921356166
VE-822,224,0.07219511116903624,0.08103459320948111,0.07753518986065164
sunitinib,56,0.15227183540770134,0.1289131920710868,0.1061113712269637
belinostat,313,-0.056170894413667995,-0.04561246836027569,0.28758292688013043
PD-173074,157,-0.0160126204197313,-0.13443707787818085,0.06191967023759186
quizartinib,170,0.0014628106360474373,-0.12772393915523234,0.05413539750713699
gefitinib,190,0.1506759555226553,0.12323041460544906,0.10338248879838507
taselisib,278,0.02203319462535687,-0.00901340183239457,0.10571622178849477
lenalidomide,161,0.05534197564375579,0.04353864734299518,0.05323167263835435
obatoclax,281,0.008138739950157075,0.040283832166924466,0.1825011077537264
IKK-2-inhibitor-V,326,0.08671170367359392,0.05054158314247243,0.2600198644405977
masitinib,313,0.12959155217904683,0.04850367779998842,0.06805291171865768
NVP-BHG712,308,-0.06786329799730315,-0.11277685345551637,0.09208890132810246
cytarabine,249,0.060677298716240016,0.1757085114652157,0.08188184040351078
niraparib,211,-0.05441265684968722,-0.07333835796681187,0.18537275909914233
nilotinib,195,0.10328460112338109,0.10837851397497936,0.061887824167621674
NSC-319726,314,0.09527196823744383,0.05710932874401261,0.27166336714130457
