tf,gradient,abs_gradient,direction,drug,drug_auc
ISL1,-7.214605e-07,7.214605e-07,sensitivity,sangivamycin,0.3464447259902954
ZBTB4,5.814535e-07,5.814535e-07,resistance,sangivamycin,0.3464447259902954
DLX3,5.5816514e-07,5.5816514e-07,resistance,sangivamycin,0.3464447259902954
TP73,5.353974e-07,5.353974e-07,resistance,sangivamycin,0.3464447259902954
ZNF384,-4.9441405e-07,4.9441405e-07,sensitivity,sangivamycin,0.3464447259902954
SPIB,-4.9201657e-07,4.9201657e-07,sensitivity,sangivamycin,0.3464447259902954
HMGB2,4.843496e-07,4.843496e-07,resistance,sangivamycin,0.3464447259902954
FOXC1,-4.839572e-07,4.839572e-07,sensitivity,sangivamycin,0.3464447259902954
ELF4,-4.7813245e-07,4.7813245e-07,sensitivity,sangivamycin,0.3464447259902954
PLAGL1,4.776882e-07,4.776882e-07,resistance,sangivamycin,0.3464447259902954
ESRRA,-4.732115e-07,4.732115e-07,sensitivity,sangivamycin,0.3464447259902954
TEAD2,-4.6971297e-07,4.6971297e-07,sensitivity,sangivamycin,0.3464447259902954
LHX1,-4.6819412e-07,4.6819412e-07,sensitivity,sangivamycin,0.3464447259902954
POU5F1,-4.5893668e-07,4.5893668e-07,sensitivity,sangivamycin,0.3464447259902954
TBP,-4.5526875e-07,4.5526875e-07,sensitivity,sangivamycin,0.3464447259902954
SOX17,-4.546366e-07,4.546366e-07,sensitivity,sangivamycin,0.3464447259902954
SP3,-4.3979236e-07,4.3979236e-07,sensitivity,sangivamycin,0.3464447259902954
TCF3,-4.395485e-07,4.395485e-07,sensitivity,sangivamycin,0.3464447259902954
KCNIP3,4.384131e-07,4.384131e-07,resistance,sangivamycin,0.3464447259902954
NAB2,-4.1916647e-07,4.1916647e-07,sensitivity,sangivamycin,0.3464447259902954
ISL1,-6.979609e-07,6.979609e-07,sensitivity,echinomycin,0.34807249903678894
ZBTB4,5.8383756e-07,5.8383756e-07,resistance,echinomycin,0.34807249903678894
DLX3,5.554334e-07,5.554334e-07,resistance,echinomycin,0.34807249903678894
TP73,5.2232014e-07,5.2232014e-07,resistance,echinomycin,0.34807249903678894
FOXC1,-4.9204e-07,4.9204e-07,sensitivity,echinomycin,0.34807249903678894
ZNF384,-4.905989e-07,4.905989e-07,sensitivity,echinomycin,0.34807249903678894
SPIB,-4.895134e-07,4.895134e-07,sensitivity,echinomycin,0.34807249903678894
HMGB2,4.888473e-07,4.888473e-07,resistance,echinomycin,0.34807249903678894
LHX1,-4.886747e-07,4.886747e-07,sensitivity,echinomycin,0.34807249903678894
PLAGL1,4.797206e-07,4.797206e-07,resistance,echinomycin,0.34807249903678894
ELF4,-4.7380067e-07,4.7380067e-07,sensitivity,echinomycin,0.34807249903678894
ESRRA,-4.693329e-07,4.693329e-07,sensitivity,echinomycin,0.34807249903678894
TEAD2,-4.5343506e-07,4.5343506e-07,sensitivity,echinomycin,0.34807249903678894
POU5F1,-4.471871e-07,4.471871e-07,sensitivity,echinomycin,0.34807249903678894
KCNIP3,4.4640828e-07,4.4640828e-07,resistance,echinomycin,0.34807249903678894
TBP,-4.4527238e-07,4.4527238e-07,sensitivity,echinomycin,0.34807249903678894
SP3,-4.437164e-07,4.437164e-07,sensitivity,echinomycin,0.34807249903678894
TCF3,-4.3872132e-07,4.3872132e-07,sensitivity,echinomycin,0.34807249903678894
SOX17,-4.3846555e-07,4.3846555e-07,sensitivity,echinomycin,0.34807249903678894
NAB2,-4.2434067e-07,4.2434067e-07,sensitivity,echinomycin,0.34807249903678894
HIVEP1,1.1799077e-06,1.1799077e-06,resistance,exatecan-mesylate,0.35586869716644287
HOXB7,-9.302729e-07,9.302729e-07,sensitivity,exatecan-mesylate,0.35586869716644287
TET1,-8.9434525e-07,8.9434525e-07,sensitivity,exatecan-mesylate,0.35586869716644287
LHX1,-8.808137e-07,8.808137e-07,sensitivity,exatecan-mesylate,0.35586869716644287
NR2E1,-7.854608e-07,7.854608e-07,sensitivity,exatecan-mesylate,0.35586869716644287
ZBTB4,7.59283e-07,7.59283e-07,resistance,exatecan-mesylate,0.35586869716644287
FIGLA,-7.4147204e-07,7.4147204e-07,sensitivity,exatecan-mesylate,0.35586869716644287
DNMT3A,-7.3759185e-07,7.3759185e-07,sensitivity,exatecan-mesylate,0.35586869716644287
HOXB9,7.348036e-07,7.348036e-07,resistance,exatecan-mesylate,0.35586869716644287
BCOR,7.2905965e-07,7.2905965e-07,resistance,exatecan-mesylate,0.35586869716644287
IRX1,7.269598e-07,7.269598e-07,resistance,exatecan-mesylate,0.35586869716644287
THRB,7.1936233e-07,7.1936233e-07,resistance,exatecan-mesylate,0.35586869716644287
SIX3,-7.152285e-07,7.152285e-07,sensitivity,exatecan-mesylate,0.35586869716644287
MZF1,-7.0636537e-07,7.0636537e-07,sensitivity,exatecan-mesylate,0.35586869716644287
ZBTB7B,-6.735666e-07,6.735666e-07,sensitivity,exatecan-mesylate,0.35586869716644287
SUPT20H,-6.511782e-07,6.511782e-07,sensitivity,exatecan-mesylate,0.35586869716644287
HMGB2,6.378461e-07,6.378461e-07,resistance,exatecan-mesylate,0.35586869716644287
DLX3,6.348917e-07,6.348917e-07,resistance,exatecan-mesylate,0.35586869716644287
KCNIP3,6.30733e-07,6.30733e-07,resistance,exatecan-mesylate,0.35586869716644287
FOXC1,-6.2990335e-07,6.2990335e-07,sensitivity,exatecan-mesylate,0.35586869716644287
HIVEP1,1.3655261e-06,1.3655261e-06,resistance,triptolide,0.3573182225227356
HOXB7,-1.0785566e-06,1.0785566e-06,sensitivity,triptolide,0.3573182225227356
TET1,-1.0356667e-06,1.0356667e-06,sensitivity,triptolide,0.3573182225227356
LHX1,-9.866673e-07,9.866673e-07,sensitivity,triptolide,0.3573182225227356
NR2E1,-8.952922e-07,8.952922e-07,sensitivity,triptolide,0.3573182225227356
DNMT3A,-8.744882e-07,8.744882e-07,sensitivity,triptolide,0.3573182225227356
SIX3,-8.5746626e-07,8.5746626e-07,sensitivity,triptolide,0.3573182225227356
BCOR,8.496116e-07,8.496116e-07,resistance,triptolide,0.3573182225227356
IRX1,8.399657e-07,8.399657e-07,resistance,triptolide,0.3573182225227356
HOXB9,8.33538e-07,8.33538e-07,resistance,triptolide,0.3573182225227356
THRB,8.2996974e-07,8.2996974e-07,resistance,triptolide,0.3573182225227356
ZBTB4,8.29425e-07,8.29425e-07,resistance,triptolide,0.3573182225227356
FIGLA,-8.2492727e-07,8.2492727e-07,sensitivity,triptolide,0.3573182225227356
MZF1,-8.112088e-07,8.112088e-07,sensitivity,triptolide,0.3573182225227356
ZBTB7B,-7.4193036e-07,7.4193036e-07,sensitivity,triptolide,0.3573182225227356
SUPT20H,-7.366857e-07,7.366857e-07,sensitivity,triptolide,0.3573182225227356
AEBP1,-7.209525e-07,7.209525e-07,sensitivity,triptolide,0.3573182225227356
UTF1,-7.148478e-07,7.148478e-07,sensitivity,triptolide,0.3573182225227356
ARID1A,7.045663e-07,7.045663e-07,resistance,triptolide,0.3573182225227356
KCNIP3,7.0155164e-07,7.0155164e-07,resistance,triptolide,0.3573182225227356
HIVEP1,1.5031075e-06,1.5031075e-06,resistance,epothilone-d,0.3582038879394531
HOXB7,-1.1726058e-06,1.1726058e-06,sensitivity,epothilone-d,0.3582038879394531
TET1,-1.1362814e-06,1.1362814e-06,sensitivity,epothilone-d,0.3582038879394531
LHX1,-1.0573675e-06,1.0573675e-06,sensitivity,epothilone-d,0.3582038879394531
DNMT3A,-9.657183e-07,9.657183e-07,sensitivity,epothilone-d,0.3582038879394531
NR2E1,-9.644425e-07,9.644425e-07,sensitivity,epothilone-d,0.3582038879394531
SIX3,-9.586959e-07,9.586959e-07,sensitivity,epothilone-d,0.3582038879394531
BCOR,9.4481175e-07,9.4481175e-07,resistance,epothilone-d,0.3582038879394531
IRX1,9.266199e-07,9.266199e-07,resistance,epothilone-d,0.3582038879394531
HOXB9,9.128313e-07,9.128313e-07,resistance,epothilone-d,0.3582038879394531
THRB,9.0139815e-07,9.0139815e-07,resistance,epothilone-d,0.3582038879394531
FIGLA,-8.829375e-07,8.829375e-07,sensitivity,epothilone-d,0.3582038879394531
MZF1,-8.795031e-07,8.795031e-07,sensitivity,epothilone-d,0.3582038879394531
ZBTB4,8.624788e-07,8.624788e-07,resistance,epothilone-d,0.3582038879394531
AEBP1,-8.0738016e-07,8.0738016e-07,sensitivity,epothilone-d,0.3582038879394531
ZBTB7B,-7.9247314e-07,7.9247314e-07,sensitivity,epothilone-d,0.3582038879394531
SUPT20H,-7.882123e-07,7.882123e-07,sensitivity,epothilone-d,0.3582038879394531
UTF1,-7.820717e-07,7.820717e-07,sensitivity,epothilone-d,0.3582038879394531
ARID1A,7.631834e-07,7.631834e-07,resistance,epothilone-d,0.3582038879394531
HMGB2,7.4413947e-07,7.4413947e-07,resistance,epothilone-d,0.3582038879394531
HIVEP1,1.6521201e-06,1.6521201e-06,resistance,epothilone-b,0.3593687415122986
HOXB7,-1.277167e-06,1.277167e-06,sensitivity,epothilone-b,0.3593687415122986
TET1,-1.2513186e-06,1.2513186e-06,sensitivity,epothilone-b,0.3593687415122986
LHX1,-1.1458242e-06,1.1458242e-06,sensitivity,epothilone-b,0.3593687415122986
SIX3,-1.0784523e-06,1.0784523e-06,sensitivity,epothilone-b,0.3593687415122986
DNMT3A,-1.0604277e-06,1.0604277e-06,sensitivity,epothilone-b,0.3593687415122986
BCOR,1.0596912e-06,1.0596912e-06,resistance,epothilone-b,0.3593687415122986
NR2E1,-1.0446806e-06,1.0446806e-06,sensitivity,epothilone-b,0.3593687415122986
IRX1,1.0215838e-06,1.0215838e-06,resistance,epothilone-b,0.3593687415122986
HOXB9,9.858319e-07,9.858319e-07,resistance,epothilone-b,0.3593687415122986
THRB,9.795885e-07,9.795885e-07,resistance,epothilone-b,0.3593687415122986
MZF1,-9.5157145e-07,9.5157145e-07,sensitivity,epothilone-b,0.3593687415122986
FIGLA,-9.508698e-07,9.508698e-07,sensitivity,epothilone-b,0.3593687415122986
ZBTB4,9.1300376e-07,9.1300376e-07,resistance,epothilone-b,0.3593687415122986
AEBP1,-8.9456574e-07,8.9456574e-07,sensitivity,epothilone-b,0.3593687415122986
ZBTB7B,-8.604154e-07,8.604154e-07,sensitivity,epothilone-b,0.3593687415122986
UTF1,-8.514718e-07,8.514718e-07,sensitivity,epothilone-b,0.3593687415122986
SUPT20H,-8.4455644e-07,8.4455644e-07,sensitivity,epothilone-b,0.3593687415122986
ARID1A,8.201352e-07,8.201352e-07,resistance,epothilone-b,0.3593687415122986
RELB,7.956188e-07,7.956188e-07,resistance,epothilone-b,0.3593687415122986
HIVEP1,3.1197503e-06,3.1197503e-06,resistance,dolastatin-10,0.3709426522254944
HOXB7,-2.395421e-06,2.395421e-06,sensitivity,dolastatin-10,0.3709426522254944
TET1,-2.3665436e-06,2.3665436e-06,sensitivity,dolastatin-10,0.3709426522254944
SIX3,-2.2329941e-06,2.2329941e-06,sensitivity,dolastatin-10,0.3709426522254944
BCOR,2.088071e-06,2.088071e-06,resistance,dolastatin-10,0.3709426522254944
DNMT3A,-2.0787081e-06,2.0787081e-06,sensitivity,dolastatin-10,0.3709426522254944
LHX1,-1.9648196e-06,1.9648196e-06,sensitivity,dolastatin-10,0.3709426522254944
IRX1,1.8977275e-06,1.8977275e-06,resistance,dolastatin-10,0.3709426522254944
NR2E1,-1.8375305e-06,1.8375305e-06,sensitivity,dolastatin-10,0.3709426522254944
THRB,1.8050282e-06,1.8050282e-06,resistance,dolastatin-10,0.3709426522254944
AEBP1,-1.774108e-06,1.774108e-06,sensitivity,dolastatin-10,0.3709426522254944
HOXB9,1.7411429e-06,1.7411429e-06,resistance,dolastatin-10,0.3709426522254944
MZF1,-1.7052498e-06,1.7052498e-06,sensitivity,dolastatin-10,0.3709426522254944
FIGLA,-1.602565e-06,1.602565e-06,sensitivity,dolastatin-10,0.3709426522254944
UTF1,-1.5895403e-06,1.5895403e-06,sensitivity,dolastatin-10,0.3709426522254944
NFAT5,1.51807e-06,1.51807e-06,resistance,dolastatin-10,0.3709426522254944
RELB,1.5173999e-06,1.5173999e-06,resistance,dolastatin-10,0.3709426522254944
ZBTB7B,-1.4796357e-06,1.4796357e-06,sensitivity,dolastatin-10,0.3709426522254944
NCOA6,-1.4588383e-06,1.4588383e-06,sensitivity,dolastatin-10,0.3709426522254944
SUPT20H,-1.4450746e-06,1.4450746e-06,sensitivity,dolastatin-10,0.3709426522254944
HIVEP1,3.181574e-06,3.181574e-06,resistance,romidepsin,0.3715861439704895
HOXB7,-2.4462809e-06,2.4462809e-06,sensitivity,romidepsin,0.3715861439704895
TET1,-2.4176522e-06,2.4176522e-06,sensitivity,romidepsin,0.3715861439704895
SIX3,-2.2932416e-06,2.2932416e-06,sensitivity,romidepsin,0.3715861439704895
BCOR,2.1363173e-06,2.1363173e-06,resistance,romidepsin,0.3715861439704895
DNMT3A,-2.1228414e-06,2.1228414e-06,sensitivity,romidepsin,0.3715861439704895
LHX1,-1.9938361e-06,1.9938361e-06,sensitivity,romidepsin,0.3715861439704895
IRX1,1.9344345e-06,1.9344345e-06,resistance,romidepsin,0.3715861439704895
NR2E1,-1.8721049e-06,1.8721049e-06,sensitivity,romidepsin,0.3715861439704895
THRB,1.8479865e-06,1.8479865e-06,resistance,romidepsin,0.3715861439704895
AEBP1,-1.8076473e-06,1.8076473e-06,sensitivity,romidepsin,0.3715861439704895
HOXB9,1.7738772e-06,1.7738772e-06,resistance,romidepsin,0.3715861439704895
MZF1,-1.7427543e-06,1.7427543e-06,sensitivity,romidepsin,0.3715861439704895
FIGLA,-1.6384935e-06,1.6384935e-06,sensitivity,romidepsin,0.3715861439704895
UTF1,-1.6200441e-06,1.6200441e-06,sensitivity,romidepsin,0.3715861439704895
NFAT5,1.5589427e-06,1.5589427e-06,resistance,romidepsin,0.3715861439704895
RELB,1.5516013e-06,1.5516013e-06,resistance,romidepsin,0.3715861439704895
ZBTB7B,-1.5156515e-06,1.5156515e-06,sensitivity,romidepsin,0.3715861439704895
NCOA6,-1.4933283e-06,1.4933283e-06,sensitivity,romidepsin,0.3715861439704895
SUPT20H,-1.467536e-06,1.467536e-06,sensitivity,romidepsin,0.3715861439704895
HIVEP1,3.5024768e-06,3.5024768e-06,resistance,10-hydroxycamptothecin,0.3747391402721405
HOXB7,-2.66759e-06,2.66759e-06,sensitivity,10-hydroxycamptothecin,0.3747391402721405
TET1,-2.6493037e-06,2.6493037e-06,sensitivity,10-hydroxycamptothecin,0.3747391402721405
SIX3,-2.5419295e-06,2.5419295e-06,sensitivity,10-hydroxycamptothecin,0.3747391402721405
BCOR,2.3598902e-06,2.3598902e-06,resistance,10-hydroxycamptothecin,0.3747391402721405
DNMT3A,-2.3347252e-06,2.3347252e-06,sensitivity,10-hydroxycamptothecin,0.3747391402721405
LHX1,-2.164358e-06,2.164358e-06,sensitivity,10-hydroxycamptothecin,0.3747391402721405
IRX1,2.1223636e-06,2.1223636e-06,resistance,10-hydroxycamptothecin,0.3747391402721405
NR2E1,-2.03277e-06,2.03277e-06,sensitivity,10-hydroxycamptothecin,0.3747391402721405
AEBP1,-2.0141645e-06,2.0141645e-06,sensitivity,10-hydroxycamptothecin,0.3747391402721405
THRB,2.0125365e-06,2.0125365e-06,resistance,10-hydroxycamptothecin,0.3747391402721405
HOXB9,1.9561471e-06,1.9561471e-06,resistance,10-hydroxycamptothecin,0.3747391402721405
MZF1,-1.9029721e-06,1.9029721e-06,sensitivity,10-hydroxycamptothecin,0.3747391402721405
UTF1,-1.7841013e-06,1.7841013e-06,sensitivity,10-hydroxycamptothecin,0.3747391402721405
FIGLA,-1.7665946e-06,1.7665946e-06,sensitivity,10-hydroxycamptothecin,0.3747391402721405
NFAT5,1.7038843e-06,1.7038843e-06,resistance,10-hydroxycamptothecin,0.3747391402721405
RELB,1.6925642e-06,1.6925642e-06,resistance,10-hydroxycamptothecin,0.3747391402721405
ZBTB7B,-1.6501881e-06,1.6501881e-06,sensitivity,10-hydroxycamptothecin,0.3747391402721405
NCOA6,-1.6400849e-06,1.6400849e-06,sensitivity,10-hydroxycamptothecin,0.3747391402721405
SUPT20H,-1.5966734e-06,1.5966734e-06,sensitivity,10-hydroxycamptothecin,0.3747391402721405
HIVEP1,3.714691e-06,3.714691e-06,resistance,cabazitaxel,0.37655454874038696
HOXB7,-2.841556e-06,2.841556e-06,sensitivity,cabazitaxel,0.37655454874038696
TET1,-2.819477e-06,2.819477e-06,sensitivity,cabazitaxel,0.37655454874038696
SIX3,-2.701602e-06,2.701602e-06,sensitivity,cabazitaxel,0.37655454874038696
BCOR,2.5114855e-06,2.5114855e-06,resistance,cabazitaxel,0.37655454874038696
DNMT3A,-2.4910728e-06,2.4910728e-06,sensitivity,cabazitaxel,0.37655454874038696
LHX1,-2.2749282e-06,2.2749282e-06,sensitivity,cabazitaxel,0.37655454874038696
IRX1,2.2438153e-06,2.2438153e-06,resistance,cabazitaxel,0.37655454874038696
NR2E1,-2.1641945e-06,2.1641945e-06,sensitivity,cabazitaxel,0.37655454874038696
AEBP1,-2.145242e-06,2.145242e-06,sensitivity,cabazitaxel,0.37655454874038696
THRB,2.137763e-06,2.137763e-06,resistance,cabazitaxel,0.37655454874038696
HOXB9,2.0701034e-06,2.0701034e-06,resistance,cabazitaxel,0.37655454874038696
MZF1,-2.0176828e-06,2.0176828e-06,sensitivity,cabazitaxel,0.37655454874038696
UTF1,-1.8929852e-06,1.8929852e-06,sensitivity,cabazitaxel,0.37655454874038696
FIGLA,-1.865579e-06,1.865579e-06,sensitivity,cabazitaxel,0.37655454874038696
NFAT5,1.8101016e-06,1.8101016e-06,resistance,cabazitaxel,0.37655454874038696
RELB,1.7843167e-06,1.7843167e-06,resistance,cabazitaxel,0.37655454874038696
ZBTB7B,-1.7477727e-06,1.7477727e-06,sensitivity,cabazitaxel,0.37655454874038696
NCOA6,-1.7459787e-06,1.7459787e-06,sensitivity,cabazitaxel,0.37655454874038696
SUPT20H,-1.6887097e-06,1.6887097e-06,sensitivity,cabazitaxel,0.37655454874038696
HIVEP1,4.122092e-06,4.122092e-06,resistance,maytansinol-isobutyrate,0.3808417022228241
HOXB7,-3.1492693e-06,3.1492693e-06,sensitivity,maytansinol-isobutyrate,0.3808417022228241
TET1,-3.1485624e-06,3.1485624e-06,sensitivity,maytansinol-isobutyrate,0.3808417022228241
SIX3,-3.056414e-06,3.056414e-06,sensitivity,maytansinol-isobutyrate,0.3808417022228241
BCOR,2.8198963e-06,2.8198963e-06,resistance,maytansinol-isobutyrate,0.3808417022228241
DNMT3A,-2.7838794e-06,2.7838794e-06,sensitivity,maytansinol-isobutyrate,0.3808417022228241
LHX1,-2.5064135e-06,2.5064135e-06,sensitivity,maytansinol-isobutyrate,0.3808417022228241
IRX1,2.4777626e-06,2.4777626e-06,resistance,maytansinol-isobutyrate,0.3808417022228241
NR2E1,-2.3908901e-06,2.3908901e-06,sensitivity,maytansinol-isobutyrate,0.3808417022228241
THRB,2.388222e-06,2.388222e-06,resistance,maytansinol-isobutyrate,0.3808417022228241
AEBP1,-2.3700482e-06,2.3700482e-06,sensitivity,maytansinol-isobutyrate,0.3808417022228241
HOXB9,2.2650072e-06,2.2650072e-06,resistance,maytansinol-isobutyrate,0.3808417022228241
MZF1,-2.2389193e-06,2.2389193e-06,sensitivity,maytansinol-isobutyrate,0.3808417022228241
UTF1,-2.0875434e-06,2.0875434e-06,sensitivity,maytansinol-isobutyrate,0.3808417022228241
FIGLA,-2.0699135e-06,2.0699135e-06,sensitivity,maytansinol-isobutyrate,0.3808417022228241
NFAT5,2.0271755e-06,2.0271755e-06,resistance,maytansinol-isobutyrate,0.3808417022228241
RELB,2.0106145e-06,2.0106145e-06,resistance,maytansinol-isobutyrate,0.3808417022228241
ZBTB7B,-1.9549807e-06,1.9549807e-06,sensitivity,maytansinol-isobutyrate,0.3808417022228241
NCOA6,-1.9545478e-06,1.9545478e-06,sensitivity,maytansinol-isobutyrate,0.3808417022228241
PROX1,-1.8672163e-06,1.8672163e-06,sensitivity,maytansinol-isobutyrate,0.3808417022228241
HIVEP1,4.150959e-06,4.150959e-06,resistance,camptothecin,0.3810071647167206
HOXB7,-3.1697498e-06,3.1697498e-06,sensitivity,camptothecin,0.3810071647167206
TET1,-3.1519978e-06,3.1519978e-06,sensitivity,camptothecin,0.3810071647167206
SIX3,-3.0488677e-06,3.0488677e-06,sensitivity,camptothecin,0.3810071647167206
BCOR,2.8241088e-06,2.8241088e-06,resistance,camptothecin,0.3810071647167206
DNMT3A,-2.794546e-06,2.794546e-06,sensitivity,camptothecin,0.3810071647167206
LHX1,-2.5107397e-06,2.5107397e-06,sensitivity,camptothecin,0.3810071647167206
IRX1,2.4898288e-06,2.4898288e-06,resistance,camptothecin,0.3810071647167206
AEBP1,-2.398712e-06,2.398712e-06,sensitivity,camptothecin,0.3810071647167206
NR2E1,-2.39462e-06,2.39462e-06,sensitivity,camptothecin,0.3810071647167206
THRB,2.3909417e-06,2.3909417e-06,resistance,camptothecin,0.3810071647167206
HOXB9,2.29417e-06,2.29417e-06,resistance,camptothecin,0.3810071647167206
MZF1,-2.240547e-06,2.240547e-06,sensitivity,camptothecin,0.3810071647167206
UTF1,-2.1054e-06,2.1054e-06,sensitivity,camptothecin,0.3810071647167206
FIGLA,-2.068284e-06,2.068284e-06,sensitivity,camptothecin,0.3810071647167206
NFAT5,2.0238808e-06,2.0238808e-06,resistance,camptothecin,0.3810071647167206
RELB,2.0071886e-06,2.0071886e-06,resistance,camptothecin,0.3810071647167206
NCOA6,-1.9462361e-06,1.9462361e-06,sensitivity,camptothecin,0.3810071647167206
ZBTB7B,-1.9312886e-06,1.9312886e-06,sensitivity,camptothecin,0.3810071647167206
SUPT20H,-1.865549e-06,1.865549e-06,sensitivity,camptothecin,0.3810071647167206
HIVEP1,4.2679962e-06,4.2679962e-06,resistance,genz-644282,0.3823944628238678
HOXB7,-3.2591793e-06,3.2591793e-06,sensitivity,genz-644282,0.3823944628238678
TET1,-3.2420073e-06,3.2420073e-06,sensitivity,genz-644282,0.3823944628238678
SIX3,-3.1519376e-06,3.1519376e-06,sensitivity,genz-644282,0.3823944628238678
BCOR,2.915474e-06,2.915474e-06,resistance,genz-644282,0.3823944628238678
DNMT3A,-2.8798033e-06,2.8798033e-06,sensitivity,genz-644282,0.3823944628238678
LHX1,-2.5707536e-06,2.5707536e-06,sensitivity,genz-644282,0.3823944628238678
IRX1,2.5562745e-06,2.5562745e-06,resistance,genz-644282,0.3823944628238678
THRB,2.461876e-06,2.461876e-06,resistance,genz-644282,0.3823944628238678
AEBP1,-2.4604028e-06,2.4604028e-06,sensitivity,genz-644282,0.3823944628238678
NR2E1,-2.4602284e-06,2.4602284e-06,sensitivity,genz-644282,0.3823944628238678
HOXB9,2.3500888e-06,2.3500888e-06,resistance,genz-644282,0.3823944628238678
MZF1,-2.2969834e-06,2.2969834e-06,sensitivity,genz-644282,0.3823944628238678
UTF1,-2.1556866e-06,2.1556866e-06,sensitivity,genz-644282,0.3823944628238678
FIGLA,-2.121977e-06,2.121977e-06,sensitivity,genz-644282,0.3823944628238678
NFAT5,2.097068e-06,2.097068e-06,resistance,genz-644282,0.3823944628238678
RELB,2.0770563e-06,2.0770563e-06,resistance,genz-644282,0.3823944628238678
NCOA6,-1.9959805e-06,1.9959805e-06,sensitivity,genz-644282,0.3823944628238678
ZBTB7B,-1.9619617e-06,1.9619617e-06,sensitivity,genz-644282,0.3823944628238678
SUPT20H,-1.910197e-06,1.910197e-06,sensitivity,genz-644282,0.3823944628238678
HIVEP1,4.74931e-06,4.74931e-06,resistance,gemcitabine,0.3871547281742096
TET1,-3.6376098e-06,3.6376098e-06,sensitivity,gemcitabine,0.3871547281742096
HOXB7,-3.6357242e-06,3.6357242e-06,sensitivity,gemcitabine,0.3871547281742096
SIX3,-3.5385162e-06,3.5385162e-06,sensitivity,gemcitabine,0.3871547281742096
BCOR,3.2589016e-06,3.2589016e-06,resistance,gemcitabine,0.3871547281742096
DNMT3A,-3.223396e-06,3.223396e-06,sensitivity,gemcitabine,0.3871547281742096
IRX1,2.843781e-06,2.843781e-06,resistance,gemcitabine,0.3871547281742096
LHX1,-2.8190036e-06,2.8190036e-06,sensitivity,gemcitabine,0.3871547281742096
AEBP1,-2.7603608e-06,2.7603608e-06,sensitivity,gemcitabine,0.3871547281742096
THRB,2.7494518e-06,2.7494518e-06,resistance,gemcitabine,0.3871547281742096
NR2E1,-2.7264387e-06,2.7264387e-06,sensitivity,gemcitabine,0.3871547281742096
HOXB9,2.604706e-06,2.604706e-06,resistance,gemcitabine,0.3871547281742096
MZF1,-2.5574354e-06,2.5574354e-06,sensitivity,gemcitabine,0.3871547281742096
UTF1,-2.4016292e-06,2.4016292e-06,sensitivity,gemcitabine,0.3871547281742096
NFAT5,2.35025e-06,2.35025e-06,resistance,gemcitabine,0.3871547281742096
RELB,2.343005e-06,2.343005e-06,resistance,gemcitabine,0.3871547281742096
FIGLA,-2.3341095e-06,2.3341095e-06,sensitivity,gemcitabine,0.3871547281742096
NCOA6,-2.2375539e-06,2.2375539e-06,sensitivity,gemcitabine,0.3871547281742096
ZBTB7B,-2.1903813e-06,2.1903813e-06,sensitivity,gemcitabine,0.3871547281742096
PROX1,-2.1416467e-06,2.1416467e-06,sensitivity,gemcitabine,0.3871547281742096
HIVEP1,5.834415e-06,5.834415e-06,resistance,NSC-697923,0.3997777998447418
HOXB7,-4.4276107e-06,4.4276107e-06,sensitivity,NSC-697923,0.3997777998447418
TET1,-4.4098842e-06,4.4098842e-06,sensitivity,NSC-697923,0.3997777998447418
SIX3,-4.3565765e-06,4.3565765e-06,sensitivity,NSC-697923,0.3997777998447418
BCOR,4.0085765e-06,4.0085765e-06,resistance,NSC-697923,0.3997777998447418
DNMT3A,-3.974772e-06,3.974772e-06,sensitivity,NSC-697923,0.3997777998447418
IRX1,3.459736e-06,3.459736e-06,resistance,NSC-697923,0.3997777998447418
AEBP1,-3.3919098e-06,3.3919098e-06,sensitivity,NSC-697923,0.3997777998447418
LHX1,-3.3797742e-06,3.3797742e-06,sensitivity,NSC-697923,0.3997777998447418
THRB,3.340458e-06,3.340458e-06,resistance,NSC-697923,0.3997777998447418
NR2E1,-3.2866678e-06,3.2866678e-06,sensitivity,NSC-697923,0.3997777998447418
HOXB9,3.2437683e-06,3.2437683e-06,resistance,NSC-697923,0.3997777998447418
MZF1,-3.1209652e-06,3.1209652e-06,sensitivity,NSC-697923,0.3997777998447418
UTF1,-2.9490466e-06,2.9490466e-06,sensitivity,NSC-697923,0.3997777998447418
NFAT5,2.8833251e-06,2.8833251e-06,resistance,NSC-697923,0.3997777998447418
RELB,2.8687932e-06,2.8687932e-06,resistance,NSC-697923,0.3997777998447418
FIGLA,-2.79537e-06,2.79537e-06,sensitivity,NSC-697923,0.3997777998447418
NCOA6,-2.7313063e-06,2.7313063e-06,sensitivity,NSC-697923,0.3997777998447418
ZBTB7B,-2.63105e-06,2.63105e-06,sensitivity,NSC-697923,0.3997777998447418
PROX1,-2.5976733e-06,2.5976733e-06,sensitivity,NSC-697923,0.3997777998447418
HIVEP1,5.999149e-06,5.999149e-06,resistance,crystal-violet,0.4032130837440491
HOXB7,-4.558744e-06,4.558744e-06,sensitivity,crystal-violet,0.4032130837440491
TET1,-4.5567913e-06,4.5567913e-06,sensitivity,crystal-violet,0.4032130837440491
SIX3,-4.5271054e-06,4.5271054e-06,sensitivity,crystal-violet,0.4032130837440491
BCOR,4.164764e-06,4.164764e-06,resistance,crystal-violet,0.4032130837440491
DNMT3A,-4.092199e-06,4.092199e-06,sensitivity,crystal-violet,0.4032130837440491
IRX1,3.555038e-06,3.555038e-06,resistance,crystal-violet,0.4032130837440491
AEBP1,-3.487506e-06,3.487506e-06,sensitivity,crystal-violet,0.4032130837440491
LHX1,-3.4764012e-06,3.4764012e-06,sensitivity,crystal-violet,0.4032130837440491
THRB,3.4577895e-06,3.4577895e-06,resistance,crystal-violet,0.4032130837440491
NR2E1,-3.3716067e-06,3.3716067e-06,sensitivity,crystal-violet,0.4032130837440491
HOXB9,3.309268e-06,3.309268e-06,resistance,crystal-violet,0.4032130837440491
MZF1,-3.2250962e-06,3.2250962e-06,sensitivity,crystal-violet,0.4032130837440491
UTF1,-3.0265242e-06,3.0265242e-06,sensitivity,crystal-violet,0.4032130837440491
NFAT5,2.9759885e-06,2.9759885e-06,resistance,crystal-violet,0.4032130837440491
RELB,2.9570087e-06,2.9570087e-06,resistance,crystal-violet,0.4032130837440491
FIGLA,-2.8831105e-06,2.8831105e-06,sensitivity,crystal-violet,0.4032130837440491
NCOA6,-2.819815e-06,2.819815e-06,sensitivity,crystal-violet,0.4032130837440491
ZBTB7B,-2.7417157e-06,2.7417157e-06,sensitivity,crystal-violet,0.4032130837440491
PROX1,-2.7004114e-06,2.7004114e-06,sensitivity,crystal-violet,0.4032130837440491
HIVEP1,6.4243122e-06,6.4243122e-06,resistance,nemorubicin,0.4078616201877594
HOXB7,-4.872586e-06,4.872586e-06,sensitivity,nemorubicin,0.4078616201877594
TET1,-4.855601e-06,4.855601e-06,sensitivity,nemorubicin,0.4078616201877594
SIX3,-4.8056227e-06,4.8056227e-06,sensitivity,nemorubicin,0.4078616201877594
BCOR,4.428786e-06,4.428786e-06,resistance,nemorubicin,0.4078616201877594
DNMT3A,-4.374496e-06,4.374496e-06,sensitivity,nemorubicin,0.4078616201877594
IRX1,3.7960974e-06,3.7960974e-06,resistance,nemorubicin,0.4078616201877594
AEBP1,-3.739735e-06,3.739735e-06,sensitivity,nemorubicin,0.4078616201877594
LHX1,-3.6844156e-06,3.6844156e-06,sensitivity,nemorubicin,0.4078616201877594
THRB,3.670456e-06,3.670456e-06,resistance,nemorubicin,0.4078616201877594
NR2E1,-3.5930768e-06,3.5930768e-06,sensitivity,nemorubicin,0.4078616201877594
HOXB9,3.5427502e-06,3.5427502e-06,resistance,nemorubicin,0.4078616201877594
MZF1,-3.4253396e-06,3.4253396e-06,sensitivity,nemorubicin,0.4078616201877594
UTF1,-3.2357693e-06,3.2357693e-06,sensitivity,nemorubicin,0.4078616201877594
NFAT5,3.1847985e-06,3.1847985e-06,resistance,nemorubicin,0.4078616201877594
RELB,3.1585494e-06,3.1585494e-06,resistance,nemorubicin,0.4078616201877594
FIGLA,-3.054681e-06,3.054681e-06,sensitivity,nemorubicin,0.4078616201877594
NCOA6,-2.9915843e-06,2.9915843e-06,sensitivity,nemorubicin,0.4078616201877594
PROX1,-2.8646482e-06,2.8646482e-06,sensitivity,nemorubicin,0.4078616201877594
ZBTB7B,-2.8611933e-06,2.8611933e-06,sensitivity,nemorubicin,0.4078616201877594
HIVEP1,6.53569e-06,6.53569e-06,resistance,taltobulin,0.41003093123435974
HOXB7,-4.9718437e-06,4.9718437e-06,sensitivity,taltobulin,0.41003093123435974
TET1,-4.9662067e-06,4.9662067e-06,sensitivity,taltobulin,0.41003093123435974
SIX3,-4.9197847e-06,4.9197847e-06,sensitivity,taltobulin,0.41003093123435974
BCOR,4.5299385e-06,4.5299385e-06,resistance,taltobulin,0.41003093123435974
DNMT3A,-4.4651815e-06,4.4651815e-06,sensitivity,taltobulin,0.41003093123435974
IRX1,3.860596e-06,3.860596e-06,resistance,taltobulin,0.41003093123435974
AEBP1,-3.8187027e-06,3.8187027e-06,sensitivity,taltobulin,0.41003093123435974
THRB,3.760654e-06,3.760654e-06,resistance,taltobulin,0.41003093123435974
LHX1,-3.7500738e-06,3.7500738e-06,sensitivity,taltobulin,0.41003093123435974
NR2E1,-3.6540316e-06,3.6540316e-06,sensitivity,taltobulin,0.41003093123435974
HOXB9,3.596021e-06,3.596021e-06,resistance,taltobulin,0.41003093123435974
MZF1,-3.4999941e-06,3.4999941e-06,sensitivity,taltobulin,0.41003093123435974
UTF1,-3.2965072e-06,3.2965072e-06,sensitivity,taltobulin,0.41003093123435974
NFAT5,3.2531389e-06,3.2531389e-06,resistance,taltobulin,0.41003093123435974
RELB,3.2181379e-06,3.2181379e-06,resistance,taltobulin,0.41003093123435974
FIGLA,-3.115511e-06,3.115511e-06,sensitivity,taltobulin,0.41003093123435974
NCOA6,-3.0741517e-06,3.0741517e-06,sensitivity,taltobulin,0.41003093123435974
ZBTB7B,-2.9636935e-06,2.9636935e-06,sensitivity,taltobulin,0.41003093123435974
PROX1,-2.9457267e-06,2.9457267e-06,sensitivity,taltobulin,0.41003093123435974
HIVEP1,6.944411e-06,6.944411e-06,resistance,proscillaridin-a,0.4168880879878998
TET1,-5.27811e-06,5.27811e-06,sensitivity,proscillaridin-a,0.4168880879878998
HOXB7,-5.274709e-06,5.274709e-06,sensitivity,proscillaridin-a,0.4168880879878998
SIX3,-5.246618e-06,5.246618e-06,sensitivity,proscillaridin-a,0.4168880879878998
BCOR,4.8264897e-06,4.8264897e-06,resistance,proscillaridin-a,0.4168880879878998
DNMT3A,-4.766724e-06,4.766724e-06,sensitivity,proscillaridin-a,0.4168880879878998
IRX1,4.105085e-06,4.105085e-06,resistance,proscillaridin-a,0.4168880879878998
AEBP1,-4.0783684e-06,4.0783684e-06,sensitivity,proscillaridin-a,0.4168880879878998
THRB,3.999442e-06,3.999442e-06,resistance,proscillaridin-a,0.4168880879878998
LHX1,-3.960817e-06,3.960817e-06,sensitivity,proscillaridin-a,0.4168880879878998
NR2E1,-3.8614858e-06,3.8614858e-06,sensitivity,proscillaridin-a,0.4168880879878998
HOXB9,3.8267654e-06,3.8267654e-06,resistance,proscillaridin-a,0.4168880879878998
MZF1,-3.7281482e-06,3.7281482e-06,sensitivity,proscillaridin-a,0.4168880879878998
UTF1,-3.5056325e-06,3.5056325e-06,sensitivity,proscillaridin-a,0.4168880879878998
NFAT5,3.4741224e-06,3.4741224e-06,resistance,proscillaridin-a,0.4168880879878998
RELB,3.4258805e-06,3.4258805e-06,resistance,proscillaridin-a,0.4168880879878998
FIGLA,-3.290609e-06,3.290609e-06,sensitivity,proscillaridin-a,0.4168880879878998
NCOA6,-3.2699045e-06,3.2699045e-06,sensitivity,proscillaridin-a,0.4168880879878998
PROX1,-3.1523705e-06,3.1523705e-06,sensitivity,proscillaridin-a,0.4168880879878998
ZBTB7B,-3.1344232e-06,3.1344232e-06,sensitivity,proscillaridin-a,0.4168880879878998
HIVEP1,7.20196e-06,7.20196e-06,resistance,verubulin,0.41938602924346924
HOXB7,-5.460856e-06,5.460856e-06,sensitivity,verubulin,0.41938602924346924
TET1,-5.4492675e-06,5.4492675e-06,sensitivity,verubulin,0.41938602924346924
SIX3,-5.4100224e-06,5.4100224e-06,sensitivity,verubulin,0.41938602924346924
BCOR,4.9928276e-06,4.9928276e-06,resistance,verubulin,0.41938602924346924
DNMT3A,-4.9252967e-06,4.9252967e-06,sensitivity,verubulin,0.41938602924346924
IRX1,4.244903e-06,4.244903e-06,resistance,verubulin,0.41938602924346924
AEBP1,-4.233443e-06,4.233443e-06,sensitivity,verubulin,0.41938602924346924
THRB,4.126068e-06,4.126068e-06,resistance,verubulin,0.41938602924346924
LHX1,-4.077523e-06,4.077523e-06,sensitivity,verubulin,0.41938602924346924
NR2E1,-3.993294e-06,3.993294e-06,sensitivity,verubulin,0.41938602924346924
HOXB9,3.9624915e-06,3.9624915e-06,resistance,verubulin,0.41938602924346924
MZF1,-3.841429e-06,3.841429e-06,sensitivity,verubulin,0.41938602924346924
UTF1,-3.633838e-06,3.633838e-06,sensitivity,verubulin,0.41938602924346924
NFAT5,3.60831e-06,3.60831e-06,resistance,verubulin,0.41938602924346924
RELB,3.5533194e-06,3.5533194e-06,resistance,verubulin,0.41938602924346924
FIGLA,-3.3846845e-06,3.3846845e-06,sensitivity,verubulin,0.41938602924346924
NCOA6,-3.3657836e-06,3.3657836e-06,sensitivity,verubulin,0.41938602924346924
PROX1,-3.2247194e-06,3.2247194e-06,sensitivity,verubulin,0.41938602924346924
PRDM2,3.205852e-06,3.205852e-06,resistance,verubulin,0.41938602924346924
HIVEP1,7.328187e-06,7.328187e-06,resistance,rubitecan,0.42246732115745544
HOXB7,-5.5520113e-06,5.5520113e-06,sensitivity,rubitecan,0.42246732115745544
TET1,-5.534314e-06,5.534314e-06,sensitivity,rubitecan,0.42246732115745544
SIX3,-5.513906e-06,5.513906e-06,sensitivity,rubitecan,0.42246732115745544
BCOR,5.073726e-06,5.073726e-06,resistance,rubitecan,0.42246732115745544
DNMT3A,-5.0076933e-06,5.0076933e-06,sensitivity,rubitecan,0.42246732115745544
AEBP1,-4.3295336e-06,4.3295336e-06,sensitivity,rubitecan,0.42246732115745544
IRX1,4.298045e-06,4.298045e-06,resistance,rubitecan,0.42246732115745544
THRB,4.194736e-06,4.194736e-06,resistance,rubitecan,0.42246732115745544
LHX1,-4.1198196e-06,4.1198196e-06,sensitivity,rubitecan,0.42246732115745544
NR2E1,-4.0354253e-06,4.0354253e-06,sensitivity,rubitecan,0.42246732115745544
HOXB9,4.030566e-06,4.030566e-06,resistance,rubitecan,0.42246732115745544
MZF1,-3.8976104e-06,3.8976104e-06,sensitivity,rubitecan,0.42246732115745544
UTF1,-3.7063207e-06,3.7063207e-06,sensitivity,rubitecan,0.42246732115745544
NFAT5,3.666423e-06,3.666423e-06,resistance,rubitecan,0.42246732115745544
RELB,3.6021734e-06,3.6021734e-06,resistance,rubitecan,0.42246732115745544
FIGLA,-3.434615e-06,3.434615e-06,sensitivity,rubitecan,0.42246732115745544
NCOA6,-3.4220218e-06,3.4220218e-06,sensitivity,rubitecan,0.42246732115745544
PROX1,-3.2836342e-06,3.2836342e-06,sensitivity,rubitecan,0.42246732115745544
PRDM2,3.253248e-06,3.253248e-06,resistance,rubitecan,0.42246732115745544
HIVEP1,7.4644704e-06,7.4644704e-06,resistance,epothilone-a,0.42808079719543457
HOXB7,-5.67801e-06,5.67801e-06,sensitivity,epothilone-a,0.42808079719543457
TET1,-5.671889e-06,5.671889e-06,sensitivity,epothilone-a,0.42808079719543457
SIX3,-5.6484687e-06,5.6484687e-06,sensitivity,epothilone-a,0.42808079719543457
BCOR,5.2161718e-06,5.2161718e-06,resistance,epothilone-a,0.42808079719543457
DNMT3A,-5.133875e-06,5.133875e-06,sensitivity,epothilone-a,0.42808079719543457
AEBP1,-4.4160174e-06,4.4160174e-06,sensitivity,epothilone-a,0.42808079719543457
IRX1,4.3942287e-06,4.3942287e-06,resistance,epothilone-a,0.42808079719543457
THRB,4.3027544e-06,4.3027544e-06,resistance,epothilone-a,0.42808079719543457
LHX1,-4.204199e-06,4.204199e-06,sensitivity,epothilone-a,0.42808079719543457
NR2E1,-4.1258254e-06,4.1258254e-06,sensitivity,epothilone-a,0.42808079719543457
HOXB9,4.1194894e-06,4.1194894e-06,resistance,epothilone-a,0.42808079719543457
MZF1,-4.0011837e-06,4.0011837e-06,sensitivity,epothilone-a,0.42808079719543457
UTF1,-3.7716914e-06,3.7716914e-06,sensitivity,epothilone-a,0.42808079719543457
NFAT5,3.7452758e-06,3.7452758e-06,resistance,epothilone-a,0.42808079719543457
RELB,3.6760484e-06,3.6760484e-06,resistance,epothilone-a,0.42808079719543457
FIGLA,-3.4941918e-06,3.4941918e-06,sensitivity,epothilone-a,0.42808079719543457
NCOA6,-3.493081e-06,3.493081e-06,sensitivity,epothilone-a,0.42808079719543457
PROX1,-3.366276e-06,3.366276e-06,sensitivity,epothilone-a,0.42808079719543457
PRDM2,3.3548226e-06,3.3548226e-06,resistance,epothilone-a,0.42808079719543457
HIVEP1,7.894442e-06,7.894442e-06,resistance,vinblastine,0.43497908115386963
HOXB7,-5.9907297e-06,5.9907297e-06,sensitivity,vinblastine,0.43497908115386963
TET1,-5.9599556e-06,5.9599556e-06,sensitivity,vinblastine,0.43497908115386963
SIX3,-5.9224303e-06,5.9224303e-06,sensitivity,vinblastine,0.43497908115386963
BCOR,5.4991087e-06,5.4991087e-06,resistance,vinblastine,0.43497908115386963
DNMT3A,-5.4133993e-06,5.4133993e-06,sensitivity,vinblastine,0.43497908115386963
AEBP1,-4.6695623e-06,4.6695623e-06,sensitivity,vinblastine,0.43497908115386963
IRX1,4.6472856e-06,4.6472856e-06,resistance,vinblastine,0.43497908115386963
THRB,4.5198785e-06,4.5198785e-06,resistance,vinblastine,0.43497908115386963
LHX1,-4.3994055e-06,4.3994055e-06,sensitivity,vinblastine,0.43497908115386963
HOXB9,4.3745235e-06,4.3745235e-06,resistance,vinblastine,0.43497908115386963
NR2E1,-4.3308164e-06,4.3308164e-06,sensitivity,vinblastine,0.43497908115386963
MZF1,-4.213604e-06,4.213604e-06,sensitivity,vinblastine,0.43497908115386963
UTF1,-3.997752e-06,3.997752e-06,sensitivity,vinblastine,0.43497908115386963
NFAT5,3.958065e-06,3.958065e-06,resistance,vinblastine,0.43497908115386963
RELB,3.9112247e-06,3.9112247e-06,resistance,vinblastine,0.43497908115386963
FIGLA,-3.6559954e-06,3.6559954e-06,sensitivity,vinblastine,0.43497908115386963
NCOA6,-3.646291e-06,3.646291e-06,sensitivity,vinblastine,0.43497908115386963
ARID1A,3.5131636e-06,3.5131636e-06,resistance,vinblastine,0.43497908115386963
PRDM2,3.5029734e-06,3.5029734e-06,resistance,vinblastine,0.43497908115386963
HIVEP1,8.228933e-06,8.228933e-06,resistance,vincristine,0.4428502917289734
HOXB7,-6.2296767e-06,6.2296767e-06,sensitivity,vincristine,0.4428502917289734
TET1,-6.185602e-06,6.185602e-06,sensitivity,vincristine,0.4428502917289734
SIX3,-6.154345e-06,6.154345e-06,sensitivity,vincristine,0.4428502917289734
BCOR,5.710607e-06,5.710607e-06,resistance,vincristine,0.4428502917289734
DNMT3A,-5.6344343e-06,5.6344343e-06,sensitivity,vincristine,0.4428502917289734
AEBP1,-4.8786537e-06,4.8786537e-06,sensitivity,vincristine,0.4428502917289734
IRX1,4.8310394e-06,4.8310394e-06,resistance,vincristine,0.4428502917289734
THRB,4.7008402e-06,4.7008402e-06,resistance,vincristine,0.4428502917289734
HOXB9,4.579159e-06,4.579159e-06,resistance,vincristine,0.4428502917289734
LHX1,-4.558578e-06,4.558578e-06,sensitivity,vincristine,0.4428502917289734
NR2E1,-4.477439e-06,4.477439e-06,sensitivity,vincristine,0.4428502917289734
MZF1,-4.3922296e-06,4.3922296e-06,sensitivity,vincristine,0.4428502917289734
UTF1,-4.1756803e-06,4.1756803e-06,sensitivity,vincristine,0.4428502917289734
NFAT5,4.1335707e-06,4.1335707e-06,resistance,vincristine,0.4428502917289734
RELB,4.0693158e-06,4.0693158e-06,resistance,vincristine,0.4428502917289734
NCOA6,-3.800523e-06,3.800523e-06,sensitivity,vincristine,0.4428502917289734
FIGLA,-3.7864354e-06,3.7864354e-06,sensitivity,vincristine,0.4428502917289734
ARID1A,3.6784338e-06,3.6784338e-06,resistance,vincristine,0.4428502917289734
PRDM2,3.630012e-06,3.630012e-06,resistance,vincristine,0.4428502917289734
HIVEP1,8.474543e-06,8.474543e-06,resistance,mitoxantrone,0.44745030999183655
HOXB7,-6.4244687e-06,6.4244687e-06,sensitivity,mitoxantrone,0.44745030999183655
TET1,-6.3846705e-06,6.3846705e-06,sensitivity,mitoxantrone,0.44745030999183655
SIX3,-6.331452e-06,6.331452e-06,sensitivity,mitoxantrone,0.44745030999183655
BCOR,5.8854375e-06,5.8854375e-06,resistance,mitoxantrone,0.44745030999183655
DNMT3A,-5.7958373e-06,5.7958373e-06,sensitivity,mitoxantrone,0.44745030999183655
AEBP1,-5.0068825e-06,5.0068825e-06,sensitivity,mitoxantrone,0.44745030999183655
IRX1,4.9985674e-06,4.9985674e-06,resistance,mitoxantrone,0.44745030999183655
THRB,4.828715e-06,4.828715e-06,resistance,mitoxantrone,0.44745030999183655
HOXB9,4.7215776e-06,4.7215776e-06,resistance,mitoxantrone,0.44745030999183655
LHX1,-4.6895243e-06,4.6895243e-06,sensitivity,mitoxantrone,0.44745030999183655
NR2E1,-4.636002e-06,4.636002e-06,sensitivity,mitoxantrone,0.44745030999183655
MZF1,-4.526367e-06,4.526367e-06,sensitivity,mitoxantrone,0.44745030999183655
UTF1,-4.295201e-06,4.295201e-06,sensitivity,mitoxantrone,0.44745030999183655
NFAT5,4.265265e-06,4.265265e-06,resistance,mitoxantrone,0.44745030999183655
RELB,4.202422e-06,4.202422e-06,resistance,mitoxantrone,0.44745030999183655
NCOA6,-3.9086276e-06,3.9086276e-06,sensitivity,mitoxantrone,0.44745030999183655
FIGLA,-3.8767866e-06,3.8767866e-06,sensitivity,mitoxantrone,0.44745030999183655
ARID1A,3.7876678e-06,3.7876678e-06,resistance,mitoxantrone,0.44745030999183655
PRDM2,3.751332e-06,3.751332e-06,resistance,mitoxantrone,0.44745030999183655
HIVEP1,8.929053e-06,8.929053e-06,resistance,DVD-111,0.46053633093833923
HOXB7,-6.766092e-06,6.766092e-06,sensitivity,DVD-111,0.46053633093833923
TET1,-6.744568e-06,6.744568e-06,sensitivity,DVD-111,0.46053633093833923
SIX3,-6.650081e-06,6.650081e-06,sensitivity,DVD-111,0.46053633093833923
BCOR,6.207399e-06,6.207399e-06,resistance,DVD-111,0.46053633093833923
DNMT3A,-6.099632e-06,6.099632e-06,sensitivity,DVD-111,0.46053633093833923
AEBP1,-5.3070494e-06,5.3070494e-06,sensitivity,DVD-111,0.46053633093833923
IRX1,5.225303e-06,5.225303e-06,resistance,DVD-111,0.46053633093833923
THRB,5.105099e-06,5.105099e-06,resistance,DVD-111,0.46053633093833923
HOXB9,4.982163e-06,4.982163e-06,resistance,DVD-111,0.46053633093833923
LHX1,-4.8902675e-06,4.8902675e-06,sensitivity,DVD-111,0.46053633093833923
NR2E1,-4.87013e-06,4.87013e-06,sensitivity,DVD-111,0.46053633093833923
MZF1,-4.7886188e-06,4.7886188e-06,sensitivity,DVD-111,0.46053633093833923
UTF1,-4.5454212e-06,4.5454212e-06,sensitivity,DVD-111,0.46053633093833923
NFAT5,4.4935487e-06,4.4935487e-06,resistance,DVD-111,0.46053633093833923
RELB,4.3865634e-06,4.3865634e-06,resistance,DVD-111,0.46053633093833923
NCOA6,-4.1348408e-06,4.1348408e-06,sensitivity,DVD-111,0.46053633093833923
FIGLA,-4.0891696e-06,4.0891696e-06,sensitivity,DVD-111,0.46053633093833923
ARID1A,4.0053837e-06,4.0053837e-06,resistance,DVD-111,0.46053633093833923
PRDM2,3.9646698e-06,3.9646698e-06,resistance,DVD-111,0.46053633093833923
HIVEP1,9.18018e-06,9.18018e-06,resistance,mocetinostat,0.4661507308483124
HOXB7,-6.9347125e-06,6.9347125e-06,sensitivity,mocetinostat,0.4661507308483124
TET1,-6.912537e-06,6.912537e-06,sensitivity,mocetinostat,0.4661507308483124
SIX3,-6.823809e-06,6.823809e-06,sensitivity,mocetinostat,0.4661507308483124
BCOR,6.377406e-06,6.377406e-06,resistance,mocetinostat,0.4661507308483124
DNMT3A,-6.2626914e-06,6.2626914e-06,sensitivity,mocetinostat,0.4661507308483124
AEBP1,-5.4643187e-06,5.4643187e-06,sensitivity,mocetinostat,0.4661507308483124
IRX1,5.365339e-06,5.365339e-06,resistance,mocetinostat,0.4661507308483124
THRB,5.2354712e-06,5.2354712e-06,resistance,mocetinostat,0.4661507308483124
HOXB9,5.143957e-06,5.143957e-06,resistance,mocetinostat,0.4661507308483124
LHX1,-4.995021e-06,4.995021e-06,sensitivity,mocetinostat,0.4661507308483124
NR2E1,-4.9799933e-06,4.9799933e-06,sensitivity,mocetinostat,0.4661507308483124
MZF1,-4.916649e-06,4.916649e-06,sensitivity,mocetinostat,0.4661507308483124
UTF1,-4.682646e-06,4.682646e-06,sensitivity,mocetinostat,0.4661507308483124
NFAT5,4.60807e-06,4.60807e-06,resistance,mocetinostat,0.4661507308483124
RELB,4.5013853e-06,4.5013853e-06,resistance,mocetinostat,0.4661507308483124
NCOA6,-4.230812e-06,4.230812e-06,sensitivity,mocetinostat,0.4661507308483124
FIGLA,-4.1927783e-06,4.1927783e-06,sensitivity,mocetinostat,0.4661507308483124
ARID1A,4.1235926e-06,4.1235926e-06,resistance,mocetinostat,0.4661507308483124
PRDM2,4.061721e-06,4.061721e-06,resistance,mocetinostat,0.4661507308483124
HIVEP1,9.282555e-06,9.282555e-06,resistance,oligomycin-a,0.472099244594574
HOXB7,-7.0087926e-06,7.0087926e-06,sensitivity,oligomycin-a,0.472099244594574
TET1,-6.9888183e-06,6.9888183e-06,sensitivity,oligomycin-a,0.472099244594574
SIX3,-6.92135e-06,6.92135e-06,sensitivity,oligomycin-a,0.472099244594574
BCOR,6.4623273e-06,6.4623273e-06,resistance,oligomycin-a,0.472099244594574
DNMT3A,-6.341896e-06,6.341896e-06,sensitivity,oligomycin-a,0.472099244594574
AEBP1,-5.5480946e-06,5.5480946e-06,sensitivity,oligomycin-a,0.472099244594574
IRX1,5.4412444e-06,5.4412444e-06,resistance,oligomycin-a,0.472099244594574
THRB,5.2921596e-06,5.2921596e-06,resistance,oligomycin-a,0.472099244594574
HOXB9,5.2480696e-06,5.2480696e-06,resistance,oligomycin-a,0.472099244594574
LHX1,-5.0252083e-06,5.0252083e-06,sensitivity,oligomycin-a,0.472099244594574
NR2E1,-5.0137264e-06,5.0137264e-06,sensitivity,oligomycin-a,0.472099244594574
MZF1,-4.978347e-06,4.978347e-06,sensitivity,oligomycin-a,0.472099244594574
UTF1,-4.747901e-06,4.747901e-06,sensitivity,oligomycin-a,0.472099244594574
NFAT5,4.676541e-06,4.676541e-06,resistance,oligomycin-a,0.472099244594574
RELB,4.561523e-06,4.561523e-06,resistance,oligomycin-a,0.472099244594574
NCOA6,-4.2961187e-06,4.2961187e-06,sensitivity,oligomycin-a,0.472099244594574
FIGLA,-4.2398196e-06,4.2398196e-06,sensitivity,oligomycin-a,0.472099244594574
ARID1A,4.1724925e-06,4.1724925e-06,resistance,oligomycin-a,0.472099244594574
PRDM2,4.1138214e-06,4.1138214e-06,resistance,oligomycin-a,0.472099244594574
HIVEP1,9.564969e-06,9.564969e-06,resistance,podophyllotoxin,0.48088616132736206
HOXB7,-7.2472867e-06,7.2472867e-06,sensitivity,podophyllotoxin,0.48088616132736206
TET1,-7.194393e-06,7.194393e-06,sensitivity,podophyllotoxin,0.48088616132736206
SIX3,-7.063234e-06,7.063234e-06,sensitivity,podophyllotoxin,0.48088616132736206
BCOR,6.6238745e-06,6.6238745e-06,resistance,podophyllotoxin,0.48088616132736206
DNMT3A,-6.541243e-06,6.541243e-06,sensitivity,podophyllotoxin,0.48088616132736206
AEBP1,-5.7110096e-06,5.7110096e-06,sensitivity,podophyllotoxin,0.48088616132736206
IRX1,5.592425e-06,5.592425e-06,resistance,podophyllotoxin,0.48088616132736206
THRB,5.448745e-06,5.448745e-06,resistance,podophyllotoxin,0.48088616132736206
HOXB9,5.428714e-06,5.428714e-06,resistance,podophyllotoxin,0.48088616132736206
NR2E1,-5.187452e-06,5.187452e-06,sensitivity,podophyllotoxin,0.48088616132736206
MZF1,-5.136665e-06,5.136665e-06,sensitivity,podophyllotoxin,0.48088616132736206
LHX1,-5.1281795e-06,5.1281795e-06,sensitivity,podophyllotoxin,0.48088616132736206
UTF1,-4.9117707e-06,4.9117707e-06,sensitivity,podophyllotoxin,0.48088616132736206
NFAT5,4.817992e-06,4.817992e-06,resistance,podophyllotoxin,0.48088616132736206
RELB,4.696554e-06,4.696554e-06,resistance,podophyllotoxin,0.48088616132736206
NCOA6,-4.3955342e-06,4.3955342e-06,sensitivity,podophyllotoxin,0.48088616132736206
FIGLA,-4.3413465e-06,4.3413465e-06,sensitivity,podophyllotoxin,0.48088616132736206
ARID1A,4.319763e-06,4.319763e-06,resistance,podophyllotoxin,0.48088616132736206
PRDM2,4.2030965e-06,4.2030965e-06,resistance,podophyllotoxin,0.48088616132736206
HIVEP1,9.736455e-06,9.736455e-06,resistance,KPT-185,0.48589712381362915
HOXB7,-7.385456e-06,7.385456e-06,sensitivity,KPT-185,0.48589712381362915
TET1,-7.323283e-06,7.323283e-06,sensitivity,KPT-185,0.48589712381362915
SIX3,-7.1742766e-06,7.1742766e-06,sensitivity,KPT-185,0.48589712381362915
BCOR,6.762711e-06,6.762711e-06,resistance,KPT-185,0.48589712381362915
DNMT3A,-6.657871e-06,6.657871e-06,sensitivity,KPT-185,0.48589712381362915
AEBP1,-5.819091e-06,5.819091e-06,sensitivity,KPT-185,0.48589712381362915
IRX1,5.683173e-06,5.683173e-06,resistance,KPT-185,0.48589712381362915
THRB,5.551267e-06,5.551267e-06,resistance,KPT-185,0.48589712381362915
HOXB9,5.520896e-06,5.520896e-06,resistance,KPT-185,0.48589712381362915
NR2E1,-5.2767573e-06,5.2767573e-06,sensitivity,KPT-185,0.48589712381362915
MZF1,-5.228116e-06,5.228116e-06,sensitivity,KPT-185,0.48589712381362915
LHX1,-5.2005184e-06,5.2005184e-06,sensitivity,KPT-185,0.48589712381362915
UTF1,-5.0017247e-06,5.0017247e-06,sensitivity,KPT-185,0.48589712381362915
NFAT5,4.9096034e-06,4.9096034e-06,resistance,KPT-185,0.48589712381362915
RELB,4.7568965e-06,4.7568965e-06,resistance,KPT-185,0.48589712381362915
NCOA6,-4.461019e-06,4.461019e-06,sensitivity,KPT-185,0.48589712381362915
FIGLA,-4.419761e-06,4.419761e-06,sensitivity,KPT-185,0.48589712381362915
ARID1A,4.409668e-06,4.409668e-06,resistance,KPT-185,0.48589712381362915
PRDM2,4.2750135e-06,4.2750135e-06,resistance,KPT-185,0.48589712381362915
HIVEP1,1.00352545e-05,1.00352545e-05,resistance,D-64131,0.4955567717552185
HOXB7,-7.601212e-06,7.601212e-06,sensitivity,D-64131,0.4955567717552185
TET1,-7.5310013e-06,7.5310013e-06,sensitivity,D-64131,0.4955567717552185
SIX3,-7.3681285e-06,7.3681285e-06,sensitivity,D-64131,0.4955567717552185
BCOR,6.9610037e-06,6.9610037e-06,resistance,D-64131,0.4955567717552185
DNMT3A,-6.85453e-06,6.85453e-06,sensitivity,D-64131,0.4955567717552185
AEBP1,-5.9836734e-06,5.9836734e-06,sensitivity,D-64131,0.4955567717552185
IRX1,5.8719693e-06,5.8719693e-06,resistance,D-64131,0.4955567717552185
HOXB9,5.7192806e-06,5.7192806e-06,resistance,D-64131,0.4955567717552185
THRB,5.6994077e-06,5.6994077e-06,resistance,D-64131,0.4955567717552185
NR2E1,-5.432947e-06,5.432947e-06,sensitivity,D-64131,0.4955567717552185
MZF1,-5.3950794e-06,5.3950794e-06,sensitivity,D-64131,0.4955567717552185
LHX1,-5.3267927e-06,5.3267927e-06,sensitivity,D-64131,0.4955567717552185
UTF1,-5.166463e-06,5.166463e-06,sensitivity,D-64131,0.4955567717552185
NFAT5,5.0767485e-06,5.0767485e-06,resistance,D-64131,0.4955567717552185
RELB,4.8961383e-06,4.8961383e-06,resistance,D-64131,0.4955567717552185
NCOA6,-4.59082e-06,4.59082e-06,sensitivity,D-64131,0.4955567717552185
ARID1A,4.55419e-06,4.55419e-06,resistance,D-64131,0.4955567717552185
FIGLA,-4.5353427e-06,4.5353427e-06,sensitivity,D-64131,0.4955567717552185
POU4F2,-4.405034e-06,4.405034e-06,sensitivity,D-64131,0.4955567717552185
HIVEP1,1.013379e-05,1.013379e-05,resistance,cephalomannine,0.5032268762588501
HOXB7,-7.6714e-06,7.6714e-06,sensitivity,cephalomannine,0.5032268762588501
TET1,-7.6164924e-06,7.6164924e-06,sensitivity,cephalomannine,0.5032268762588501
SIX3,-7.4741974e-06,7.4741974e-06,sensitivity,cephalomannine,0.5032268762588501
BCOR,7.049587e-06,7.049587e-06,resistance,cephalomannine,0.5032268762588501
DNMT3A,-6.9269545e-06,6.9269545e-06,sensitivity,cephalomannine,0.5032268762588501
AEBP1,-6.032477e-06,6.032477e-06,sensitivity,cephalomannine,0.5032268762588501
IRX1,5.916979e-06,5.916979e-06,resistance,cephalomannine,0.5032268762588501
HOXB9,5.7962384e-06,5.7962384e-06,resistance,cephalomannine,0.5032268762588501
THRB,5.777782e-06,5.777782e-06,resistance,cephalomannine,0.5032268762588501
NR2E1,-5.4843636e-06,5.4843636e-06,sensitivity,cephalomannine,0.5032268762588501
MZF1,-5.465646e-06,5.465646e-06,sensitivity,cephalomannine,0.5032268762588501
LHX1,-5.351343e-06,5.351343e-06,sensitivity,cephalomannine,0.5032268762588501
UTF1,-5.231825e-06,5.231825e-06,sensitivity,cephalomannine,0.5032268762588501
NFAT5,5.1494785e-06,5.1494785e-06,resistance,cephalomannine,0.5032268762588501
RELB,4.9249024e-06,4.9249024e-06,resistance,cephalomannine,0.5032268762588501
NCOA6,-4.647216e-06,4.647216e-06,sensitivity,cephalomannine,0.5032268762588501
ARID1A,4.6165464e-06,4.6165464e-06,resistance,cephalomannine,0.5032268762588501
FIGLA,-4.5855472e-06,4.5855472e-06,sensitivity,cephalomannine,0.5032268762588501
PRDM2,4.473182e-06,4.473182e-06,resistance,cephalomannine,0.5032268762588501
HIVEP1,1.020263e-05,1.020263e-05,resistance,plinabulin,0.5055601000785828
HOXB7,-7.726873e-06,7.726873e-06,sensitivity,plinabulin,0.5055601000785828
TET1,-7.671056e-06,7.671056e-06,sensitivity,plinabulin,0.5055601000785828
SIX3,-7.5137746e-06,7.5137746e-06,sensitivity,plinabulin,0.5055601000785828
BCOR,7.09029e-06,7.09029e-06,resistance,plinabulin,0.5055601000785828
DNMT3A,-6.973241e-06,6.973241e-06,sensitivity,plinabulin,0.5055601000785828
AEBP1,-6.074228e-06,6.074228e-06,sensitivity,plinabulin,0.5055601000785828
IRX1,5.9494837e-06,5.9494837e-06,resistance,plinabulin,0.5055601000785828
HOXB9,5.8389583e-06,5.8389583e-06,resistance,plinabulin,0.5055601000785828
THRB,5.820792e-06,5.820792e-06,resistance,plinabulin,0.5055601000785828
NR2E1,-5.5257055e-06,5.5257055e-06,sensitivity,plinabulin,0.5055601000785828
MZF1,-5.505188e-06,5.505188e-06,sensitivity,plinabulin,0.5055601000785828
LHX1,-5.3755266e-06,5.3755266e-06,sensitivity,plinabulin,0.5055601000785828
UTF1,-5.274671e-06,5.274671e-06,sensitivity,plinabulin,0.5055601000785828
NFAT5,5.1927473e-06,5.1927473e-06,resistance,plinabulin,0.5055601000785828
RELB,4.9506993e-06,4.9506993e-06,resistance,plinabulin,0.5055601000785828
NCOA6,-4.6746886e-06,4.6746886e-06,sensitivity,plinabulin,0.5055601000785828
ARID1A,4.655034e-06,4.655034e-06,resistance,plinabulin,0.5055601000785828
FIGLA,-4.6161053e-06,4.6161053e-06,sensitivity,plinabulin,0.5055601000785828
POU4F2,-4.500385e-06,4.500385e-06,sensitivity,plinabulin,0.5055601000785828
HIVEP1,1.0218822e-05,1.0218822e-05,resistance,MG-132,0.5062054991722107
HOXB7,-7.740211e-06,7.740211e-06,sensitivity,MG-132,0.5062054991722107
TET1,-7.65616e-06,7.65616e-06,sensitivity,MG-132,0.5062054991722107
SIX3,-7.4982568e-06,7.4982568e-06,sensitivity,MG-132,0.5062054991722107
BCOR,7.088316e-06,7.088316e-06,resistance,MG-132,0.5062054991722107
DNMT3A,-6.984553e-06,6.984553e-06,sensitivity,MG-132,0.5062054991722107
AEBP1,-6.102871e-06,6.102871e-06,sensitivity,MG-132,0.5062054991722107
IRX1,5.959866e-06,5.959866e-06,resistance,MG-132,0.5062054991722107
HOXB9,5.8417145e-06,5.8417145e-06,resistance,MG-132,0.5062054991722107
THRB,5.802041e-06,5.802041e-06,resistance,MG-132,0.5062054991722107
NR2E1,-5.5171427e-06,5.5171427e-06,sensitivity,MG-132,0.5062054991722107
MZF1,-5.4880575e-06,5.4880575e-06,sensitivity,MG-132,0.5062054991722107
LHX1,-5.373461e-06,5.373461e-06,sensitivity,MG-132,0.5062054991722107
UTF1,-5.2815863e-06,5.2815863e-06,sensitivity,MG-132,0.5062054991722107
NFAT5,5.197465e-06,5.197465e-06,resistance,MG-132,0.5062054991722107
RELB,4.952248e-06,4.952248e-06,resistance,MG-132,0.5062054991722107
NCOA6,-4.674585e-06,4.674585e-06,sensitivity,MG-132,0.5062054991722107
ARID1A,4.650993e-06,4.650993e-06,resistance,MG-132,0.5062054991722107
FIGLA,-4.6117225e-06,4.6117225e-06,sensitivity,MG-132,0.5062054991722107
POU4F2,-4.4856024e-06,4.4856024e-06,sensitivity,MG-132,0.5062054991722107
HIVEP1,1.0294518e-05,1.0294518e-05,resistance,colchicine,0.5078907608985901
HOXB7,-7.796043e-06,7.796043e-06,sensitivity,colchicine,0.5078907608985901
TET1,-7.723726e-06,7.723726e-06,sensitivity,colchicine,0.5078907608985901
SIX3,-7.5509074e-06,7.5509074e-06,sensitivity,colchicine,0.5078907608985901
BCOR,7.1276418e-06,7.1276418e-06,resistance,colchicine,0.5078907608985901
DNMT3A,-7.034936e-06,7.034936e-06,sensitivity,colchicine,0.5078907608985901
AEBP1,-6.137283e-06,6.137283e-06,sensitivity,colchicine,0.5078907608985901
IRX1,5.9943004e-06,5.9943004e-06,resistance,colchicine,0.5078907608985901
HOXB9,5.9014315e-06,5.9014315e-06,resistance,colchicine,0.5078907608985901
THRB,5.8629994e-06,5.8629994e-06,resistance,colchicine,0.5078907608985901
NR2E1,-5.5760247e-06,5.5760247e-06,sensitivity,colchicine,0.5078907608985901
MZF1,-5.5518553e-06,5.5518553e-06,sensitivity,colchicine,0.5078907608985901
LHX1,-5.4057896e-06,5.4057896e-06,sensitivity,colchicine,0.5078907608985901
UTF1,-5.335377e-06,5.335377e-06,sensitivity,colchicine,0.5078907608985901
NFAT5,5.2403802e-06,5.2403802e-06,resistance,colchicine,0.5078907608985901
RELB,4.9813425e-06,4.9813425e-06,resistance,colchicine,0.5078907608985901
NCOA6,-4.7098947e-06,4.7098947e-06,sensitivity,colchicine,0.5078907608985901
ARID1A,4.7028666e-06,4.7028666e-06,resistance,colchicine,0.5078907608985901
FIGLA,-4.6578957e-06,4.6578957e-06,sensitivity,colchicine,0.5078907608985901
POU4F2,-4.5306083e-06,4.5306083e-06,sensitivity,colchicine,0.5078907608985901
HIVEP1,1.0313114e-05,1.0313114e-05,resistance,brilliant-green,0.5123494863510132
HOXB7,-7.819354e-06,7.819354e-06,sensitivity,brilliant-green,0.5123494863510132
TET1,-7.759735e-06,7.759735e-06,sensitivity,brilliant-green,0.5123494863510132
SIX3,-7.602279e-06,7.602279e-06,sensitivity,brilliant-green,0.5123494863510132
BCOR,7.179896e-06,7.179896e-06,resistance,brilliant-green,0.5123494863510132
DNMT3A,-7.0511132e-06,7.0511132e-06,sensitivity,brilliant-green,0.5123494863510132
AEBP1,-6.1644355e-06,6.1644355e-06,sensitivity,brilliant-green,0.5123494863510132
IRX1,6.01117e-06,6.01117e-06,resistance,brilliant-green,0.5123494863510132
HOXB9,5.9406643e-06,5.9406643e-06,resistance,brilliant-green,0.5123494863510132
THRB,5.89204e-06,5.89204e-06,resistance,brilliant-green,0.5123494863510132
NR2E1,-5.5766745e-06,5.5766745e-06,sensitivity,brilliant-green,0.5123494863510132
MZF1,-5.570683e-06,5.570683e-06,sensitivity,brilliant-green,0.5123494863510132
LHX1,-5.384778e-06,5.384778e-06,sensitivity,brilliant-green,0.5123494863510132
UTF1,-5.351666e-06,5.351666e-06,sensitivity,brilliant-green,0.5123494863510132
NFAT5,5.268651e-06,5.268651e-06,resistance,brilliant-green,0.5123494863510132
RELB,4.99686e-06,4.99686e-06,resistance,brilliant-green,0.5123494863510132
NCOA6,-4.730503e-06,4.730503e-06,sensitivity,brilliant-green,0.5123494863510132
ARID1A,4.7033723e-06,4.7033723e-06,resistance,brilliant-green,0.5123494863510132
FIGLA,-4.671304e-06,4.671304e-06,sensitivity,brilliant-green,0.5123494863510132
PRDM2,4.5613865e-06,4.5613865e-06,resistance,brilliant-green,0.5123494863510132
HIVEP1,1.0430272e-05,1.0430272e-05,resistance,topotecan,0.516552746295929
HOXB7,-7.90164e-06,7.90164e-06,sensitivity,topotecan,0.516552746295929
TET1,-7.823159e-06,7.823159e-06,sensitivity,topotecan,0.516552746295929
SIX3,-7.646113e-06,7.646113e-06,sensitivity,topotecan,0.516552746295929
BCOR,7.2325147e-06,7.2325147e-06,resistance,topotecan,0.516552746295929
DNMT3A,-7.1288805e-06,7.1288805e-06,sensitivity,topotecan,0.516552746295929
AEBP1,-6.2378513e-06,6.2378513e-06,sensitivity,topotecan,0.516552746295929
IRX1,6.077672e-06,6.077672e-06,resistance,topotecan,0.516552746295929
HOXB9,6.00736e-06,6.00736e-06,resistance,topotecan,0.516552746295929
THRB,5.950457e-06,5.950457e-06,resistance,topotecan,0.516552746295929
MZF1,-5.6336144e-06,5.6336144e-06,sensitivity,topotecan,0.516552746295929
NR2E1,-5.6169456e-06,5.6169456e-06,sensitivity,topotecan,0.516552746295929
LHX1,-5.4369525e-06,5.4369525e-06,sensitivity,topotecan,0.516552746295929
UTF1,-5.4279008e-06,5.4279008e-06,sensitivity,topotecan,0.516552746295929
NFAT5,5.3372187e-06,5.3372187e-06,resistance,topotecan,0.516552746295929
RELB,5.057666e-06,5.057666e-06,resistance,topotecan,0.516552746295929
NCOA6,-4.7819367e-06,4.7819367e-06,sensitivity,topotecan,0.516552746295929
ARID1A,4.762141e-06,4.762141e-06,resistance,topotecan,0.516552746295929
FIGLA,-4.71428e-06,4.71428e-06,sensitivity,topotecan,0.516552746295929
POU4F2,-4.588186e-06,4.588186e-06,sensitivity,topotecan,0.516552746295929
HIVEP1,1.0521294e-05,1.0521294e-05,resistance,delanzomib,0.5219408869743347
HOXB7,-7.967983e-06,7.967983e-06,sensitivity,delanzomib,0.5219408869743347
TET1,-7.891935e-06,7.891935e-06,sensitivity,delanzomib,0.5219408869743347
SIX3,-7.7234345e-06,7.7234345e-06,sensitivity,delanzomib,0.5219408869743347
BCOR,7.2986013e-06,7.2986013e-06,resistance,delanzomib,0.5219408869743347
DNMT3A,-7.197393e-06,7.197393e-06,sensitivity,delanzomib,0.5219408869743347
AEBP1,-6.2844806e-06,6.2844806e-06,sensitivity,delanzomib,0.5219408869743347
IRX1,6.130031e-06,6.130031e-06,resistance,delanzomib,0.5219408869743347
HOXB9,6.0931616e-06,6.0931616e-06,resistance,delanzomib,0.5219408869743347
THRB,6.00671e-06,6.00671e-06,resistance,delanzomib,0.5219408869743347
MZF1,-5.698023e-06,5.698023e-06,sensitivity,delanzomib,0.5219408869743347
NR2E1,-5.6771237e-06,5.6771237e-06,sensitivity,delanzomib,0.5219408869743347
UTF1,-5.4855464e-06,5.4855464e-06,sensitivity,delanzomib,0.5219408869743347
LHX1,-5.4583643e-06,5.4583643e-06,sensitivity,delanzomib,0.5219408869743347
NFAT5,5.3796803e-06,5.3796803e-06,resistance,delanzomib,0.5219408869743347
RELB,5.09237e-06,5.09237e-06,resistance,delanzomib,0.5219408869743347
NCOA6,-4.8135576e-06,4.8135576e-06,sensitivity,delanzomib,0.5219408869743347
ARID1A,4.8095435e-06,4.8095435e-06,resistance,delanzomib,0.5219408869743347
FIGLA,-4.75734e-06,4.75734e-06,sensitivity,delanzomib,0.5219408869743347
PRDM2,4.633445e-06,4.633445e-06,resistance,delanzomib,0.5219408869743347
HIVEP1,1.0536742e-05,1.0536742e-05,resistance,danusertib,0.5233970880508423
HOXB7,-7.980236e-06,7.980236e-06,sensitivity,danusertib,0.5233970880508423
TET1,-7.91009e-06,7.91009e-06,sensitivity,danusertib,0.5233970880508423
SIX3,-7.733228e-06,7.733228e-06,sensitivity,danusertib,0.5233970880508423
BCOR,7.3077754e-06,7.3077754e-06,resistance,danusertib,0.5233970880508423
DNMT3A,-7.203937e-06,7.203937e-06,sensitivity,danusertib,0.5233970880508423
AEBP1,-6.296555e-06,6.296555e-06,sensitivity,danusertib,0.5233970880508423
IRX1,6.1285978e-06,6.1285978e-06,resistance,danusertib,0.5233970880508423
HOXB9,6.0925277e-06,6.0925277e-06,resistance,danusertib,0.5233970880508423
THRB,6.0182138e-06,6.0182138e-06,resistance,danusertib,0.5233970880508423
MZF1,-5.70474e-06,5.70474e-06,sensitivity,danusertib,0.5233970880508423
NR2E1,-5.6875842e-06,5.6875842e-06,sensitivity,danusertib,0.5233970880508423
UTF1,-5.495231e-06,5.495231e-06,sensitivity,danusertib,0.5233970880508423
LHX1,-5.4634925e-06,5.4634925e-06,sensitivity,danusertib,0.5233970880508423
NFAT5,5.3885783e-06,5.3885783e-06,resistance,danusertib,0.5233970880508423
RELB,5.088383e-06,5.088383e-06,resistance,danusertib,0.5233970880508423
ARID1A,4.8217125e-06,4.8217125e-06,resistance,danusertib,0.5233970880508423
NCOA6,-4.819115e-06,4.819115e-06,sensitivity,danusertib,0.5233970880508423
FIGLA,-4.7701747e-06,4.7701747e-06,sensitivity,danusertib,0.5233970880508423
POU4F2,-4.647961e-06,4.647961e-06,sensitivity,danusertib,0.5233970880508423
HIVEP1,1.0959498e-05,1.0959498e-05,resistance,vindesine,0.5379191040992737
HOXB7,-8.281085e-06,8.281085e-06,sensitivity,vindesine,0.5379191040992737
TET1,-8.196365e-06,8.196365e-06,sensitivity,vindesine,0.5379191040992737
SIX3,-7.994627e-06,7.994627e-06,sensitivity,vindesine,0.5379191040992737
BCOR,7.5735675e-06,7.5735675e-06,resistance,vindesine,0.5379191040992737
DNMT3A,-7.47184e-06,7.47184e-06,sensitivity,vindesine,0.5379191040992737
AEBP1,-6.5341333e-06,6.5341333e-06,sensitivity,vindesine,0.5379191040992737
HOXB9,6.3703624e-06,6.3703624e-06,resistance,vindesine,0.5379191040992737
IRX1,6.369063e-06,6.369063e-06,resistance,vindesine,0.5379191040992737
THRB,6.2205063e-06,6.2205063e-06,resistance,vindesine,0.5379191040992737
MZF1,-5.918875e-06,5.918875e-06,sensitivity,vindesine,0.5379191040992737
NR2E1,-5.910905e-06,5.910905e-06,sensitivity,vindesine,0.5379191040992737
UTF1,-5.739854e-06,5.739854e-06,sensitivity,vindesine,0.5379191040992737
LHX1,-5.6187573e-06,5.6187573e-06,sensitivity,vindesine,0.5379191040992737
NFAT5,5.6121257e-06,5.6121257e-06,resistance,vindesine,0.5379191040992737
RELB,5.2702267e-06,5.2702267e-06,resistance,vindesine,0.5379191040992737
ARID1A,5.026965e-06,5.026965e-06,resistance,vindesine,0.5379191040992737
NCOA6,-4.9884475e-06,4.9884475e-06,sensitivity,vindesine,0.5379191040992737
FIGLA,-4.9383693e-06,4.9383693e-06,sensitivity,vindesine,0.5379191040992737
POU4F2,-4.805911e-06,4.805911e-06,sensitivity,vindesine,0.5379191040992737
HIVEP1,1.0995709e-05,1.0995709e-05,resistance,oprozomib,0.5408450961112976
HOXB7,-8.309591e-06,8.309591e-06,sensitivity,oprozomib,0.5408450961112976
TET1,-8.229535e-06,8.229535e-06,sensitivity,oprozomib,0.5408450961112976
SIX3,-8.03264e-06,8.03264e-06,sensitivity,oprozomib,0.5408450961112976
BCOR,7.60087e-06,7.60087e-06,resistance,oprozomib,0.5408450961112976
DNMT3A,-7.4909e-06,7.4909e-06,sensitivity,oprozomib,0.5408450961112976
AEBP1,-6.5486215e-06,6.5486215e-06,sensitivity,oprozomib,0.5408450961112976
HOXB9,6.404675e-06,6.404675e-06,resistance,oprozomib,0.5408450961112976
IRX1,6.3924795e-06,6.3924795e-06,resistance,oprozomib,0.5408450961112976
THRB,6.2485633e-06,6.2485633e-06,resistance,oprozomib,0.5408450961112976
MZF1,-5.944081e-06,5.944081e-06,sensitivity,oprozomib,0.5408450961112976
NR2E1,-5.9255794e-06,5.9255794e-06,sensitivity,oprozomib,0.5408450961112976
UTF1,-5.7640586e-06,5.7640586e-06,sensitivity,oprozomib,0.5408450961112976
NFAT5,5.6503304e-06,5.6503304e-06,resistance,oprozomib,0.5408450961112976
LHX1,-5.6173303e-06,5.6173303e-06,sensitivity,oprozomib,0.5408450961112976
RELB,5.2922055e-06,5.2922055e-06,resistance,oprozomib,0.5408450961112976
ARID1A,5.037664e-06,5.037664e-06,resistance,oprozomib,0.5408450961112976
NCOA6,-5.0143435e-06,5.0143435e-06,sensitivity,oprozomib,0.5408450961112976
FIGLA,-4.9560185e-06,4.9560185e-06,sensitivity,oprozomib,0.5408450961112976
PRDM2,4.832026e-06,4.832026e-06,resistance,oprozomib,0.5408450961112976
HIVEP1,1.1072667e-05,1.1072667e-05,resistance,ouabain,0.5422688126564026
HOXB7,-8.364796e-06,8.364796e-06,sensitivity,ouabain,0.5422688126564026
TET1,-8.275503e-06,8.275503e-06,sensitivity,ouabain,0.5422688126564026
SIX3,-8.072036e-06,8.072036e-06,sensitivity,ouabain,0.5422688126564026
BCOR,7.648464e-06,7.648464e-06,resistance,ouabain,0.5422688126564026
DNMT3A,-7.5396392e-06,7.5396392e-06,sensitivity,ouabain,0.5422688126564026
AEBP1,-6.589797e-06,6.589797e-06,sensitivity,ouabain,0.5422688126564026
HOXB9,6.4491255e-06,6.4491255e-06,resistance,ouabain,0.5422688126564026
IRX1,6.435442e-06,6.435442e-06,resistance,ouabain,0.5422688126564026
THRB,6.2825243e-06,6.2825243e-06,resistance,ouabain,0.5422688126564026
MZF1,-5.9815097e-06,5.9815097e-06,sensitivity,ouabain,0.5422688126564026
NR2E1,-5.960639e-06,5.960639e-06,sensitivity,ouabain,0.5422688126564026
UTF1,-5.8048868e-06,5.8048868e-06,sensitivity,ouabain,0.5422688126564026
NFAT5,5.6841527e-06,5.6841527e-06,resistance,ouabain,0.5422688126564026
LHX1,-5.6515178e-06,5.6515178e-06,sensitivity,ouabain,0.5422688126564026
RELB,5.330378e-06,5.330378e-06,resistance,ouabain,0.5422688126564026
ARID1A,5.0721746e-06,5.0721746e-06,resistance,ouabain,0.5422688126564026
NCOA6,-5.0392596e-06,5.0392596e-06,sensitivity,ouabain,0.5422688126564026
FIGLA,-4.980671e-06,4.980671e-06,sensitivity,ouabain,0.5422688126564026
PRDM2,4.852641e-06,4.852641e-06,resistance,ouabain,0.5422688126564026
HIVEP1,1.1129301e-05,1.1129301e-05,resistance,carfilzomib,0.5442562699317932
HOXB7,-8.3988025e-06,8.3988025e-06,sensitivity,carfilzomib,0.5442562699317932
TET1,-8.313682e-06,8.313682e-06,sensitivity,carfilzomib,0.5442562699317932
SIX3,-8.099467e-06,8.099467e-06,sensitivity,carfilzomib,0.5442562699317932
BCOR,7.676082e-06,7.676082e-06,resistance,carfilzomib,0.5442562699317932
DNMT3A,-7.579211e-06,7.579211e-06,sensitivity,carfilzomib,0.5442562699317932
AEBP1,-6.632178e-06,6.632178e-06,sensitivity,carfilzomib,0.5442562699317932
HOXB9,6.4782166e-06,6.4782166e-06,resistance,carfilzomib,0.5442562699317932
IRX1,6.46831e-06,6.46831e-06,resistance,carfilzomib,0.5442562699317932
THRB,6.3028806e-06,6.3028806e-06,resistance,carfilzomib,0.5442562699317932
MZF1,-6.0061748e-06,6.0061748e-06,sensitivity,carfilzomib,0.5442562699317932
NR2E1,-5.990688e-06,5.990688e-06,sensitivity,carfilzomib,0.5442562699317932
UTF1,-5.8367564e-06,5.8367564e-06,sensitivity,carfilzomib,0.5442562699317932
NFAT5,5.6984027e-06,5.6984027e-06,resistance,carfilzomib,0.5442562699317932
LHX1,-5.682589e-06,5.682589e-06,sensitivity,carfilzomib,0.5442562699317932
RELB,5.3339304e-06,5.3339304e-06,resistance,carfilzomib,0.5442562699317932
ARID1A,5.1087573e-06,5.1087573e-06,resistance,carfilzomib,0.5442562699317932
NCOA6,-5.0525887e-06,5.0525887e-06,sensitivity,carfilzomib,0.5442562699317932
FIGLA,-5.014508e-06,5.014508e-06,sensitivity,carfilzomib,0.5442562699317932
POU4F2,-4.8813495e-06,4.8813495e-06,sensitivity,carfilzomib,0.5442562699317932
HIVEP1,1.1133677e-05,1.1133677e-05,resistance,tosedostat,0.5454592704772949
HOXB7,-8.401324e-06,8.401324e-06,sensitivity,tosedostat,0.5454592704772949
TET1,-8.311005e-06,8.311005e-06,sensitivity,tosedostat,0.5454592704772949
SIX3,-8.115401e-06,8.115401e-06,sensitivity,tosedostat,0.5454592704772949
BCOR,7.688924e-06,7.688924e-06,resistance,tosedostat,0.5454592704772949
DNMT3A,-7.583704e-06,7.583704e-06,sensitivity,tosedostat,0.5454592704772949
AEBP1,-6.6327752e-06,6.6327752e-06,sensitivity,tosedostat,0.5454592704772949
HOXB9,6.4894875e-06,6.4894875e-06,resistance,tosedostat,0.5454592704772949
IRX1,6.4670103e-06,6.4670103e-06,resistance,tosedostat,0.5454592704772949
THRB,6.3072735e-06,6.3072735e-06,resistance,tosedostat,0.5454592704772949
MZF1,-6.0119714e-06,6.0119714e-06,sensitivity,tosedostat,0.5454592704772949
NR2E1,-5.982511e-06,5.982511e-06,sensitivity,tosedostat,0.5454592704772949
UTF1,-5.8425644e-06,5.8425644e-06,sensitivity,tosedostat,0.5454592704772949
NFAT5,5.710485e-06,5.710485e-06,resistance,tosedostat,0.5454592704772949
LHX1,-5.6747854e-06,5.6747854e-06,sensitivity,tosedostat,0.5454592704772949
RELB,5.343177e-06,5.343177e-06,resistance,tosedostat,0.5454592704772949
ARID1A,5.113028e-06,5.113028e-06,resistance,tosedostat,0.5454592704772949
NCOA6,-5.062949e-06,5.062949e-06,sensitivity,tosedostat,0.5454592704772949
FIGLA,-5.0085464e-06,5.0085464e-06,sensitivity,tosedostat,0.5454592704772949
POU4F2,-4.8815746e-06,4.8815746e-06,sensitivity,tosedostat,0.5454592704772949
HIVEP1,1.1178723e-05,1.1178723e-05,resistance,BAM7,0.5463440418243408
HOXB7,-8.438329e-06,8.438329e-06,sensitivity,BAM7,0.5463440418243408
TET1,-8.343795e-06,8.343795e-06,sensitivity,BAM7,0.5463440418243408
SIX3,-8.125319e-06,8.125319e-06,sensitivity,BAM7,0.5463440418243408
BCOR,7.706885e-06,7.706885e-06,resistance,BAM7,0.5463440418243408
DNMT3A,-7.6119613e-06,7.6119613e-06,sensitivity,BAM7,0.5463440418243408
AEBP1,-6.6671214e-06,6.6671214e-06,sensitivity,BAM7,0.5463440418243408
HOXB9,6.517467e-06,6.517467e-06,resistance,BAM7,0.5463440418243408
IRX1,6.4908468e-06,6.4908468e-06,resistance,BAM7,0.5463440418243408
THRB,6.330377e-06,6.330377e-06,resistance,BAM7,0.5463440418243408
MZF1,-6.0326197e-06,6.0326197e-06,sensitivity,BAM7,0.5463440418243408
NR2E1,-6.0132197e-06,6.0132197e-06,sensitivity,BAM7,0.5463440418243408
UTF1,-5.874125e-06,5.874125e-06,sensitivity,BAM7,0.5463440418243408
NFAT5,5.726329e-06,5.726329e-06,resistance,BAM7,0.5463440418243408
LHX1,-5.6860463e-06,5.6860463e-06,sensitivity,BAM7,0.5463440418243408
RELB,5.35911e-06,5.35911e-06,resistance,BAM7,0.5463440418243408
ARID1A,5.1308625e-06,5.1308625e-06,resistance,BAM7,0.5463440418243408
NCOA6,-5.0709177e-06,5.0709177e-06,sensitivity,BAM7,0.5463440418243408
FIGLA,-5.033924e-06,5.033924e-06,sensitivity,BAM7,0.5463440418243408
POU4F2,-4.8968855e-06,4.8968855e-06,sensitivity,BAM7,0.5463440418243408
HIVEP1,1.1185617e-05,1.1185617e-05,resistance,KW-2449,0.5475571751594543
HOXB7,-8.441438e-06,8.441438e-06,sensitivity,KW-2449,0.5475571751594543
TET1,-8.362496e-06,8.362496e-06,sensitivity,KW-2449,0.5475571751594543
SIX3,-8.147038e-06,8.147038e-06,sensitivity,KW-2449,0.5475571751594543
BCOR,7.727919e-06,7.727919e-06,resistance,KW-2449,0.5475571751594543
DNMT3A,-7.614352e-06,7.614352e-06,sensitivity,KW-2449,0.5475571751594543
AEBP1,-6.6628713e-06,6.6628713e-06,sensitivity,KW-2449,0.5475571751594543
HOXB9,6.530047e-06,6.530047e-06,resistance,KW-2449,0.5475571751594543
IRX1,6.5073086e-06,6.5073086e-06,resistance,KW-2449,0.5475571751594543
THRB,6.3442603e-06,6.3442603e-06,resistance,KW-2449,0.5475571751594543
MZF1,-6.0441457e-06,6.0441457e-06,sensitivity,KW-2449,0.5475571751594543
NR2E1,-6.0172324e-06,6.0172324e-06,sensitivity,KW-2449,0.5475571751594543
UTF1,-5.8726955e-06,5.8726955e-06,sensitivity,KW-2449,0.5475571751594543
NFAT5,5.755029e-06,5.755029e-06,resistance,KW-2449,0.5475571751594543
LHX1,-5.684934e-06,5.684934e-06,sensitivity,KW-2449,0.5475571751594543
RELB,5.3730078e-06,5.3730078e-06,resistance,KW-2449,0.5475571751594543
ARID1A,5.1241614e-06,5.1241614e-06,resistance,KW-2449,0.5475571751594543
NCOA6,-5.084367e-06,5.084367e-06,sensitivity,KW-2449,0.5475571751594543
FIGLA,-5.0427316e-06,5.0427316e-06,sensitivity,KW-2449,0.5475571751594543
PRDM2,4.9073738e-06,4.9073738e-06,resistance,KW-2449,0.5475571751594543
HIVEP1,1.125267e-05,1.125267e-05,resistance,XBD173,0.5488635897636414
HOXB7,-8.492543e-06,8.492543e-06,sensitivity,XBD173,0.5488635897636414
TET1,-8.406026e-06,8.406026e-06,sensitivity,XBD173,0.5488635897636414
SIX3,-8.1835515e-06,8.1835515e-06,sensitivity,XBD173,0.5488635897636414
BCOR,7.759776e-06,7.759776e-06,resistance,XBD173,0.5488635897636414
DNMT3A,-7.660903e-06,7.660903e-06,sensitivity,XBD173,0.5488635897636414
AEBP1,-6.6971966e-06,6.6971966e-06,sensitivity,XBD173,0.5488635897636414
HOXB9,6.5773015e-06,6.5773015e-06,resistance,XBD173,0.5488635897636414
IRX1,6.5506633e-06,6.5506633e-06,resistance,XBD173,0.5488635897636414
THRB,6.3746584e-06,6.3746584e-06,resistance,XBD173,0.5488635897636414
MZF1,-6.0779143e-06,6.0779143e-06,sensitivity,XBD173,0.5488635897636414
NR2E1,-6.055664e-06,6.055664e-06,sensitivity,XBD173,0.5488635897636414
UTF1,-5.91175e-06,5.91175e-06,sensitivity,XBD173,0.5488635897636414
NFAT5,5.7845846e-06,5.7845846e-06,resistance,XBD173,0.5488635897636414
LHX1,-5.7144002e-06,5.7144002e-06,sensitivity,XBD173,0.5488635897636414
RELB,5.4111956e-06,5.4111956e-06,resistance,XBD173,0.5488635897636414
ARID1A,5.155406e-06,5.155406e-06,resistance,XBD173,0.5488635897636414
NCOA6,-5.1093375e-06,5.1093375e-06,sensitivity,XBD173,0.5488635897636414
FIGLA,-5.063547e-06,5.063547e-06,sensitivity,XBD173,0.5488635897636414
PRDM2,4.9296073e-06,4.9296073e-06,resistance,XBD173,0.5488635897636414
HIVEP1,1.1249111e-05,1.1249111e-05,resistance,epirubicin,0.5494031310081482
HOXB7,-8.488116e-06,8.488116e-06,sensitivity,epirubicin,0.5494031310081482
TET1,-8.399773e-06,8.399773e-06,sensitivity,epirubicin,0.5494031310081482
SIX3,-8.187859e-06,8.187859e-06,sensitivity,epirubicin,0.5494031310081482
BCOR,7.762354e-06,7.762354e-06,resistance,epirubicin,0.5494031310081482
DNMT3A,-7.650594e-06,7.650594e-06,sensitivity,epirubicin,0.5494031310081482
AEBP1,-6.701609e-06,6.701609e-06,sensitivity,epirubicin,0.5494031310081482
HOXB9,6.573833e-06,6.573833e-06,resistance,epirubicin,0.5494031310081482
IRX1,6.5409654e-06,6.5409654e-06,resistance,epirubicin,0.5494031310081482
THRB,6.37216e-06,6.37216e-06,resistance,epirubicin,0.5494031310081482
MZF1,-6.0728576e-06,6.0728576e-06,sensitivity,epirubicin,0.5494031310081482
NR2E1,-6.0449097e-06,6.0449097e-06,sensitivity,epirubicin,0.5494031310081482
UTF1,-5.911949e-06,5.911949e-06,sensitivity,epirubicin,0.5494031310081482
NFAT5,5.7859947e-06,5.7859947e-06,resistance,epirubicin,0.5494031310081482
LHX1,-5.7110656e-06,5.7110656e-06,sensitivity,epirubicin,0.5494031310081482
RELB,5.408609e-06,5.408609e-06,resistance,epirubicin,0.5494031310081482
ARID1A,5.155912e-06,5.155912e-06,resistance,epirubicin,0.5494031310081482
NCOA6,-5.1156258e-06,5.1156258e-06,sensitivity,epirubicin,0.5494031310081482
FIGLA,-5.064114e-06,5.064114e-06,sensitivity,epirubicin,0.5494031310081482
PRDM2,4.924194e-06,4.924194e-06,resistance,epirubicin,0.5494031310081482
HIVEP1,1.128444e-05,1.128444e-05,resistance,bruceantin,0.5518282651901245
HOXB7,-8.503654e-06,8.503654e-06,sensitivity,bruceantin,0.5518282651901245
TET1,-8.426141e-06,8.426141e-06,sensitivity,bruceantin,0.5518282651901245
SIX3,-8.2286515e-06,8.2286515e-06,sensitivity,bruceantin,0.5518282651901245
BCOR,7.792331e-06,7.792331e-06,resistance,bruceantin,0.5518282651901245
DNMT3A,-7.668637e-06,7.668637e-06,sensitivity,bruceantin,0.5518282651901245
AEBP1,-6.703851e-06,6.703851e-06,sensitivity,bruceantin,0.5518282651901245
HOXB9,6.6103344e-06,6.6103344e-06,resistance,bruceantin,0.5518282651901245
IRX1,6.5707604e-06,6.5707604e-06,resistance,bruceantin,0.5518282651901245
THRB,6.386512e-06,6.386512e-06,resistance,bruceantin,0.5518282651901245
MZF1,-6.095703e-06,6.095703e-06,sensitivity,bruceantin,0.5518282651901245
NR2E1,-6.069011e-06,6.069011e-06,sensitivity,bruceantin,0.5518282651901245
UTF1,-5.92782e-06,5.92782e-06,sensitivity,bruceantin,0.5518282651901245
NFAT5,5.8218347e-06,5.8218347e-06,resistance,bruceantin,0.5518282651901245
LHX1,-5.7223897e-06,5.7223897e-06,sensitivity,bruceantin,0.5518282651901245
RELB,5.421022e-06,5.421022e-06,resistance,bruceantin,0.5518282651901245
ARID1A,5.174388e-06,5.174388e-06,resistance,bruceantin,0.5518282651901245
NCOA6,-5.1303814e-06,5.1303814e-06,sensitivity,bruceantin,0.5518282651901245
FIGLA,-5.0733584e-06,5.0733584e-06,sensitivity,bruceantin,0.5518282651901245
PRDM2,4.953434e-06,4.953434e-06,resistance,bruceantin,0.5518282651901245
HIVEP1,1.1420966e-05,1.1420966e-05,resistance,raltitrexed,0.5587268471717834
HOXB7,-8.608309e-06,8.608309e-06,sensitivity,raltitrexed,0.5587268471717834
TET1,-8.5200345e-06,8.5200345e-06,sensitivity,raltitrexed,0.5587268471717834
SIX3,-8.312128e-06,8.312128e-06,sensitivity,raltitrexed,0.5587268471717834
BCOR,7.8877465e-06,7.8877465e-06,resistance,raltitrexed,0.5587268471717834
DNMT3A,-7.761441e-06,7.761441e-06,sensitivity,raltitrexed,0.5587268471717834
AEBP1,-6.786265e-06,6.786265e-06,sensitivity,raltitrexed,0.5587268471717834
HOXB9,6.705706e-06,6.705706e-06,resistance,raltitrexed,0.5587268471717834
IRX1,6.655691e-06,6.655691e-06,resistance,raltitrexed,0.5587268471717834
THRB,6.452029e-06,6.452029e-06,resistance,raltitrexed,0.5587268471717834
MZF1,-6.166658e-06,6.166658e-06,sensitivity,raltitrexed,0.5587268471717834
NR2E1,-6.1367778e-06,6.1367778e-06,sensitivity,raltitrexed,0.5587268471717834
UTF1,-6.012185e-06,6.012185e-06,sensitivity,raltitrexed,0.5587268471717834
NFAT5,5.9062927e-06,5.9062927e-06,resistance,raltitrexed,0.5587268471717834
LHX1,-5.7493853e-06,5.7493853e-06,sensitivity,raltitrexed,0.5587268471717834
RELB,5.4877196e-06,5.4877196e-06,resistance,raltitrexed,0.5587268471717834
ARID1A,5.2355003e-06,5.2355003e-06,resistance,raltitrexed,0.5587268471717834
NCOA6,-5.1817333e-06,5.1817333e-06,sensitivity,raltitrexed,0.5587268471717834
FIGLA,-5.1262036e-06,5.1262036e-06,sensitivity,raltitrexed,0.5587268471717834
PRDM2,5.007722e-06,5.007722e-06,resistance,raltitrexed,0.5587268471717834
