epoch,train_loss,test_loss,test_pearson
1,0.48047345876693726,0.05950692668557167,-0.1171724945306778
2,0.11810889095067978,0.05210781469941139,-0.0517159067094326
3,0.11233562231063843,0.07340215146541595,0.02968011237680912
4,0.11158134788274765,0.04673289507627487,0.04117561876773834
5,0.0845826119184494,0.044376302510499954,0.07475419342517853
6,0.08456576615571976,0.050687141716480255,0.11774006485939026
7,0.07262863963842392,0.0659322664141655,0.12888029217720032
8,0.07407021522521973,0.052951399236917496,0.12748409807682037
9,0.06763440370559692,0.042593568563461304,0.12889795005321503
10,0.06984705477952957,0.04731874167919159,0.15367425978183746
11,0.06436555832624435,0.06189979985356331,0.17183902859687805
12,0.06370031833648682,0.060248322784900665,0.17657725512981415
13,0.06214424967765808,0.04720586910843849,0.18327490985393524
14,0.05972185358405113,0.04370247945189476,0.19290322065353394
15,0.060554228723049164,0.05063767358660698,0.20504716038703918
16,0.0571446493268013,0.061473727226257324,0.21489685773849487
17,0.05813218653202057,0.05883193388581276,0.22383202612400055
18,0.05676667019724846,0.04792223125696182,0.2328283041715622
19,0.05590808764100075,0.04407905414700508,0.23915943503379822
20,0.05607149377465248,0.049543533474206924,0.24661587178707123
21,0.05408511310815811,0.05731458589434624,0.2524302899837494
22,0.055077970027923584,0.05463722348213196,0.25797608494758606
23,0.05445488542318344,0.04628295451402664,0.2617540955543518
24,0.0537608377635479,0.043568216264247894,0.26501137018203735
25,0.0541912280023098,0.0483199805021286,0.26883479952812195
26,0.053505733609199524,0.05371878296136856,0.27116474509239197
27,0.053133781999349594,0.0505218505859375,0.2741743326187134
28,0.05284489318728447,0.04442905634641647,0.277130663394928
29,0.05251038447022438,0.04359563812613487,0.27981626987457275
30,0.052350420504808426,0.04709744080901146,0.2830509543418884
31,0.052250880748033524,0.0493457056581974,0.28536584973335266
32,0.051728371530771255,0.04633466899394989,0.28724560141563416
33,0.05137833207845688,0.042835451662540436,0.2883639335632324
34,0.0517868809401989,0.044650569558143616,0.2900269031524658
35,0.051023226231336594,0.04701519384980202,0.2919723093509674
36,0.05103806033730507,0.0447356253862381,0.29288628697395325
37,0.050878848880529404,0.04240646958351135,0.29392877221107483
38,0.05087036266922951,0.04361746832728386,0.2973288893699646
39,0.05020016059279442,0.04568732902407646,0.3008486330509186
40,0.04999438300728798,0.043834295123815536,0.30332398414611816
41,0.04988137632608414,0.04153522849082947,0.30585843324661255
42,0.04984163120388985,0.042783401906490326,0.30869701504707336
43,0.04945698007941246,0.044237710535526276,0.31186947226524353
44,0.04920298606157303,0.04246492683887482,0.3157298266887665
45,0.04871601238846779,0.040510691702365875,0.32005152106285095
46,0.04891955107450485,0.04195269197225571,0.325072705745697
47,0.04899485409259796,0.04295787587761879,0.33066171407699585
48,0.0485859178006649,0.040738169103860855,0.33621764183044434
49,0.04800004884600639,0.03936642035841942,0.34204813838005066
50,0.048377517610788345,0.04063587263226509,0.34821733832359314
51,0.047847989946603775,0.04073666036128998,0.3546428978443146
52,0.04757092148065567,0.038651831448078156,0.36298614740371704
53,0.046997539699077606,0.03926936164498329,0.37030041217803955
54,0.047069251537323,0.03894602507352829,0.379701167345047
55,0.046918779611587524,0.03857365623116493,0.3903197646141052
56,0.04642088711261749,0.037465937435626984,0.40231311321258545
57,0.04555816575884819,0.03662325441837311,0.41670939326286316
58,0.045415252447128296,0.03694957122206688,0.4310446083545685
59,0.04471577703952789,0.036721888929605484,0.44356295466423035
60,0.044326409697532654,0.03396344184875488,0.4585871994495392
61,0.0446033775806427,0.03623008355498314,0.4685329794883728
62,0.04391361400485039,0.032399509102106094,0.48536840081214905
63,0.04375213384628296,0.040837302803993225,0.4846092760562897
64,0.045465003699064255,0.03178519755601883,0.5031715035438538
65,0.047357458621263504,0.04279182106256485,0.5013566613197327
66,0.04609396681189537,0.0333327017724514,0.5149697661399841
67,0.041842661798000336,0.030772436410188675,0.5258749127388
68,0.0462782047688961,0.03842254355549812,0.5286591649055481
69,0.04348785802721977,0.037234943360090256,0.5377956032752991
70,0.04234757646918297,0.02938518486917019,0.5522388815879822
71,0.04270893335342407,0.029403364285826683,0.5611662864685059
72,0.040284112095832825,0.038197651505470276,0.5640926361083984
73,0.043093059211969376,0.029398422688245773,0.5808640718460083
74,0.03914137929677963,0.02807602658867836,0.5877196788787842
75,0.04207243770360947,0.03280257433652878,0.5948328375816345
76,0.039454810321331024,0.031458351761102676,0.6021854281425476
77,0.038809772580862045,0.02648247964680195,0.6114669442176819
78,0.03918619826436043,0.02687680721282959,0.6190982460975647
79,0.037463970482349396,0.03200633451342583,0.6227512359619141
80,0.038448430597782135,0.025834912434220314,0.6346198320388794
81,0.0364622138440609,0.02490486577153206,0.6410770416259766
82,0.03626265376806259,0.02776201441884041,0.6476227641105652
83,0.03670012205839157,0.02560826949775219,0.6557707786560059
84,0.03547082096338272,0.023630622774362564,0.661147952079773
85,0.035699263215065,0.024927295744419098,0.6680237650871277
86,0.03442106768488884,0.025768421590328217,0.672853946685791
87,0.034633662551641464,0.02269427478313446,0.6785439848899841
88,0.03446478769183159,0.02318091131746769,0.6837044954299927
89,0.03362036496400833,0.02559109590947628,0.6860342621803284
90,0.034447405487298965,0.022316766902804375,0.6908016204833984
91,0.033241160213947296,0.02230018749833107,0.6950875520706177
92,0.03314850106835365,0.024257313460111618,0.6986945867538452
93,0.033618733286857605,0.021527359262108803,0.7031107544898987
94,0.033442746847867966,0.022109469398856163,0.7076588273048401
95,0.03262454643845558,0.022195294499397278,0.7117883563041687
96,0.03224930912256241,0.0206096600741148,0.714629054069519
97,0.03247402608394623,0.023153534159064293,0.7170186638832092
98,0.03283814340829849,0.02048690989613533,0.7199798226356506
99,0.03163357824087143,0.020915526896715164,0.722389280796051
100,0.03179994970560074,0.022293733432888985,0.722927987575531
101,0.03172093257308006,0.020005300641059875,0.7245904803276062
102,0.03235965967178345,0.021668104454874992,0.7261970639228821
103,0.03119572624564171,0.02044220268726349,0.7282668352127075
104,0.030709655955433846,0.020345132797956467,0.7291536927223206
105,0.030858047306537628,0.021295957267284393,0.7318059802055359
106,0.03092821314930916,0.02005147561430931,0.7322927117347717
107,0.03051656112074852,0.019829247146844864,0.7316287755966187
108,0.030600164085626602,0.021725673228502274,0.7302034497261047
109,0.031237991526722908,0.0194403063505888,0.7342517375946045
110,0.030676888301968575,0.021228671073913574,0.7365407943725586
111,0.030315179377794266,0.020962098613381386,0.7384021878242493
112,0.030287830159068108,0.019066564738750458,0.7385362982749939
113,0.030931735411286354,0.022555774077773094,0.7312403321266174
114,0.03158143162727356,0.01911887712776661,0.7392770648002625
115,0.030747924000024796,0.021261954680085182,0.7404575943946838
116,0.03012416511774063,0.021219495683908463,0.7410591840744019
117,0.03039494901895523,0.019030794501304626,0.7411429286003113
118,0.03061099350452423,0.021692903712391853,0.7337298393249512
119,0.030776163563132286,0.01892275922000408,0.7414949536323547
120,0.030210092663764954,0.02052920125424862,0.7435553669929504
121,0.030042706057429314,0.019235609099268913,0.7428295612335205
122,0.029638880863785744,0.01985163427889347,0.7438915967941284
123,0.029409943148493767,0.020253153517842293,0.7450769543647766
124,0.029513314366340637,0.018619785085320473,0.7454238533973694
125,0.029579082503914833,0.01906881481409073,0.746097981929779
126,0.029201919212937355,0.0195747260004282,0.7474491000175476
127,0.028989341109991074,0.019043808802962303,0.7459934949874878
128,0.02887258306145668,0.01950981840491295,0.7486698627471924
129,0.028712784871459007,0.019064761698246002,0.7485585808753967
130,0.029083820059895515,0.018352000042796135,0.7486365437507629
131,0.029136991128325462,0.020703045651316643,0.7468147277832031
132,0.02946530655026436,0.018566986545920372,0.7490400671958923
133,0.029146641492843628,0.020601743832230568,0.7505989670753479
134,0.02921786718070507,0.019089646637439728,0.7509685754776001
135,0.028720982372760773,0.018298249691724777,0.7506994605064392
136,0.029435308650135994,0.023311415687203407,0.7395690083503723
137,0.031577710062265396,0.01952105388045311,0.7495335340499878
138,0.03195281699299812,0.022578641772270203,0.752371072769165
139,0.030214548110961914,0.020693324506282806,0.7517543435096741
140,0.029329754412174225,0.019151652231812477,0.7501356601715088
141,0.031020866706967354,0.022453591227531433,0.7461013793945312
142,0.03027791529893875,0.018627487123012543,0.7516775727272034
143,0.028146985918283463,0.01832744851708412,0.7521306276321411
144,0.029331818222999573,0.023048875853419304,0.7527031898498535
145,0.030405528843402863,0.018404992297291756,0.7519095540046692
146,0.028902241960167885,0.018177857622504234,0.7528664469718933
147,0.0292044747620821,0.02201548032462597,0.7509505748748779
148,0.029118405655026436,0.018306715413928032,0.7539671063423157
149,0.02811535634100437,0.018041426315903664,0.7544170022010803
150,0.028469597920775414,0.020778903737664223,0.7537597417831421
151,0.029021847993135452,0.01822226122021675,0.7545135617256165
152,0.028152601793408394,0.018257737159729004,0.7548515200614929
153,0.02791457436978817,0.019506242126226425,0.7547589540481567
154,0.028229711577296257,0.01841486617922783,0.7553840279579163
155,0.02789221704006195,0.01811794936656952,0.755613386631012
156,0.027841266244649887,0.019473347812891006,0.7553666234016418
157,0.028055816888809204,0.018104368820786476,0.7561340928077698
158,0.027900725603103638,0.018302394077181816,0.7563508152961731
159,0.028048984706401825,0.0196604635566473,0.7566403150558472
160,0.027926824986934662,0.018074750900268555,0.7566422820091248
161,0.027769077569246292,0.01838822104036808,0.7568871378898621
162,0.027438702061772346,0.018558703362941742,0.7567632794380188
163,0.027366533875465393,0.018045062199234962,0.7565021514892578
164,0.027341336011886597,0.0186295285820961,0.7565178871154785
165,0.02738402597606182,0.018617676571011543,0.7562841176986694
166,0.027701593935489655,0.018408745527267456,0.7558406591415405
167,0.02729160338640213,0.01839209906756878,0.7557774782180786
168,0.026973208412528038,0.018429016694426537,0.7557727098464966
169,0.027244236320257187,0.018640480935573578,0.7552005052566528
170,0.027206216007471085,0.018687952309846878,0.7546333074569702
171,0.027523500844836235,0.01906009204685688,0.7557608485221863
172,0.027213042601943016,0.01808195188641548,0.7554071545600891
173,0.027236422523856163,0.01807403191924095,0.755397617816925
174,0.027283260598778725,0.018223734572529793,0.7567527890205383
175,0.02697608433663845,0.018678363412618637,0.7565663456916809
176,0.027092671021819115,0.01857217587530613,0.7567201256752014
177,0.027100427076220512,0.018168140202760696,0.757200300693512
178,0.027057765051722527,0.018558405339717865,0.7564765810966492
179,0.027053136378526688,0.017933599650859833,0.7565686702728271
180,0.027120200917124748,0.018587490543723106,0.7567519545555115
181,0.02691252902150154,0.01845950447022915,0.7565519213676453
182,0.02681104838848114,0.018576571717858315,0.7553545832633972
183,0.026945630088448524,0.018943842500448227,0.756730318069458
184,0.026850314810872078,0.017878476530313492,0.7566608786582947
185,0.027011733502149582,0.019517533481121063,0.7560468316078186
186,0.02724793180823326,0.017883768305182457,0.7563675045967102
187,0.02720971405506134,0.0190884992480278,0.7568284273147583
188,0.026775099337100983,0.018581567332148552,0.7566666007041931
189,0.02669428661465645,0.01792934350669384,0.756869912147522
190,0.02667022868990898,0.0192036721855402,0.7568799257278442
191,0.02686312422156334,0.01779700256884098,0.7568193078041077
192,0.02669905498623848,0.018754297867417336,0.7571617960929871
193,0.02660379745066166,0.018443843349814415,0.7569100856781006
194,0.026255574077367783,0.018259627744555473,0.7565031051635742
195,0.026572398841381073,0.018647613003849983,0.7564988136291504
196,0.026460055261850357,0.018087077885866165,0.7563549876213074
197,0.02644536830484867,0.018332725390791893,0.756562352180481
198,0.02617187611758709,0.018559733405709267,0.7566006779670715
199,0.026082634925842285,0.018092814832925797,0.7560998201370239
200,0.026458583772182465,0.018771134316921234,0.7563605308532715
201,0.026237646117806435,0.018167462199926376,0.7560821175575256
202,0.026314157992601395,0.01809048466384411,0.7561472058296204
203,0.02620716020464897,0.019007058814167976,0.7563694715499878
204,0.026212597265839577,0.017899876460433006,0.7560054063796997
205,0.026727477088570595,0.019789395853877068,0.7568721771240234
206,0.026828443631529808,0.018184849992394447,0.7547063827514648
207,0.02739715203642845,0.022529136389493942,0.7561447024345398
208,0.028865814208984375,0.019096653908491135,0.7532921433448792
209,0.028674667701125145,0.020737644284963608,0.7566818594932556
210,0.027323933318257332,0.018440140411257744,0.7568345665931702
211,0.02626194804906845,0.017836222425103188,0.7571282982826233
212,0.026853371411561966,0.020977161824703217,0.7513168454170227
213,0.02753269113600254,0.017921321094036102,0.756848156452179
214,0.027212902903556824,0.019148696213960648,0.7570412158966064
215,0.026364637538790703,0.01901688240468502,0.7567547559738159
216,0.026221640408039093,0.01809382066130638,0.7547114491462708
217,0.0271036047488451,0.02046120911836624,0.7565702795982361
218,0.02706155553460121,0.0178061593323946,0.7570810317993164
219,0.026098301634192467,0.0178066398948431,0.7572535872459412
220,0.02622680552303791,0.020515723153948784,0.7565786242485046
221,0.027156125754117966,0.018101254478096962,0.755393385887146
222,0.027340997010469437,0.0192309208214283,0.7576385140419006
223,0.026261916384100914,0.018801698461174965,0.7578818202018738
224,0.02610803209245205,0.017832906916737556,0.7572410702705383
225,0.026861196383833885,0.020482173189520836,0.7552290558815002
226,0.0271308496594429,0.01776140369474888,0.7578051686286926
227,0.02602294087409973,0.018056878820061684,0.7570222020149231
228,0.025991620495915413,0.019675837829709053,0.7575905919075012
229,0.02604067511856556,0.017875490710139275,0.7571827173233032
230,0.026098985224962234,0.017997538670897484,0.7568764686584473
231,0.02562137320637703,0.01903257891535759,0.7552394866943359
232,0.026152759790420532,0.017811471596360207,0.7570368051528931
233,0.02592487260699272,0.018518535420298576,0.7569020390510559
234,0.02552170865237713,0.01878967322409153,0.7564881443977356
235,0.025725694373250008,0.018116869032382965,0.7566962838172913
236,0.02559554949402809,0.018430326133966446,0.7574465870857239
237,0.025630705058574677,0.01822306029498577,0.7567388415336609
238,0.025508034974336624,0.01808197796344757,0.756607174873352
239,0.025632891803979874,0.01810321770608425,0.7573233246803284
240,0.025529133155941963,0.01867039129137993,0.7573436498641968
241,0.025476612150669098,0.01813620887696743,0.7560514807701111
242,0.025463616475462914,0.01835097186267376,0.7567449808120728
243,0.025303471833467484,0.018303589895367622,0.7569180130958557
244,0.025366637855768204,0.018023427575826645,0.7568336129188538
245,0.025409920141100883,0.018570110201835632,0.7570281624794006
246,0.025341564789414406,0.01799173280596733,0.7569679021835327
247,0.02543422393500805,0.018075019121170044,0.7570008039474487
248,0.025333410128951073,0.01839940808713436,0.7570666074752808
249,0.025322820991277695,0.01851159892976284,0.7569855451583862
250,0.025199560448527336,0.017905421555042267,0.7565136551856995
251,0.025510596111416817,0.019065525382757187,0.7568435072898865
252,0.025646526366472244,0.017789730802178383,0.7568950653076172
253,0.025330906733870506,0.01841387338936329,0.7570877075195312
254,0.025140685960650444,0.018450507894158363,0.7568077445030212
255,0.025249149650335312,0.01799703761935234,0.7557446956634521
256,0.02531244419515133,0.018951987847685814,0.7564157247543335
257,0.02538457326591015,0.0178847536444664,0.7559946775436401
258,0.025115057826042175,0.018333811312913895,0.7564921975135803
259,0.0252545103430748,0.018131453543901443,0.7567583322525024
260,0.024958442896604538,0.017962001264095306,0.756026566028595
261,0.02529861032962799,0.019388187676668167,0.7566347122192383
262,0.02561454474925995,0.018062449991703033,0.7544336318969727
263,0.02560490183532238,0.019420623779296875,0.7565954327583313
264,0.025318508967757225,0.018220379948616028,0.7563625574111938
265,0.025008317083120346,0.01786610670387745,0.7560139298439026
266,0.025310412049293518,0.02029869332909584,0.7553957104682922
267,0.02612007036805153,0.017986634746193886,0.7550827264785767
268,0.025494273751974106,0.01878386363387108,0.7563310265541077
269,0.025068597868084908,0.018529919907450676,0.7567120790481567
270,0.02490103803575039,0.017798975110054016,0.7562549710273743
271,0.025062764063477516,0.019133292138576508,0.7567915320396423
272,0.025209836661815643,0.01778620295226574,0.756679892539978
273,0.025111572816967964,0.018850458785891533,0.7572566270828247
274,0.024960489943623543,0.018107889220118523,0.7566161751747131
275,0.02502446062862873,0.0180793609470129,0.7565527558326721
276,0.024759208783507347,0.018425602465867996,0.7563928961753845
277,0.02476632595062256,0.01798178255558014,0.75566166639328
278,0.024749578908085823,0.0185431856662035,0.7557066679000854
279,0.024814868345856667,0.018155084922909737,0.7558221817016602
280,0.024744899943470955,0.018128251656889915,0.7557774186134338
281,0.02480607107281685,0.018561728298664093,0.7559954524040222
282,0.024806134402751923,0.017908483743667603,0.7553516626358032
283,0.024811068549752235,0.018738528713583946,0.7562487125396729
284,0.024812931194901466,0.018092580139636993,0.7562691569328308
285,0.024596482515335083,0.01799006573855877,0.7562825679779053
286,0.024580925703048706,0.018600020557641983,0.7564915418624878
287,0.02476445771753788,0.017907410860061646,0.755412220954895
288,0.02492077276110649,0.019357293844223022,0.7567430138587952
289,0.024928079918026924,0.017923934385180473,0.7559115886688232
290,0.02456030622124672,0.01803826354444027,0.7563233971595764
291,0.024459844455122948,0.01933516003191471,0.756899356842041
292,0.02509964257478714,0.01812657341361046,0.754584550857544
293,0.025592468678951263,0.020596126094460487,0.7570645213127136
294,0.02593781054019928,0.0178192351013422,0.7567070126533508
295,0.024705907329916954,0.01798383705317974,0.7571142911911011
296,0.024330154061317444,0.01923978701233864,0.7566723227500916
297,0.02489626407623291,0.017861099913716316,0.7557651996612549
298,0.02495722658932209,0.018533997237682343,0.7561436295509338
299,0.024604549631476402,0.018407678231596947,0.7558435797691345
300,0.024530448019504547,0.017973678186535835,0.7546920776367188
301,0.024666262790560722,0.018981602042913437,0.7564874887466431
302,0.024829121306538582,0.01787780225276947,0.7562704086303711
303,0.02451924793422222,0.018277961760759354,0.7566056847572327
304,0.024442682042717934,0.01814335584640503,0.7561444640159607
305,0.024423131719231606,0.0179905965924263,0.7551416754722595
306,0.024435628205537796,0.019144101068377495,0.7547115087509155
307,0.024711567908525467,0.01812170445919037,0.7534654140472412
308,0.02449258789420128,0.018444735556840897,0.7542422413825989
309,0.024273602291941643,0.018301501870155334,0.7540950775146484
310,0.024381687864661217,0.01788799650967121,0.7547776699066162
311,0.024735065177083015,0.021259931847453117,0.7558884620666504
312,0.026074113324284554,0.01847706362605095,0.7546418309211731
313,0.026284167543053627,0.019138669595122337,0.7569757103919983
314,0.024918192997574806,0.01878824643790722,0.7571787238121033
315,0.024561919271945953,0.017982563003897667,0.7564229369163513
316,0.025256585329771042,0.019097739830613136,0.7565847039222717
317,0.024726836010813713,0.018360722810029984,0.7561190128326416
318,0.024291271343827248,0.017894083634018898,0.7555511593818665
319,0.024968309327960014,0.01960611902177334,0.7572035789489746
320,0.02505122497677803,0.01810287870466709,0.7569047808647156
321,0.02408837340772152,0.01796862483024597,0.7555316686630249
322,0.02460244670510292,0.019138244912028313,0.7574700117111206
323,0.024501461535692215,0.018412381410598755,0.7568634748458862
324,0.024041932076215744,0.01800745353102684,0.7552067041397095
325,0.02507840283215046,0.01944255270063877,0.7556588053703308
326,0.02480126917362213,0.01817091926932335,0.7552096843719482
327,0.024156780913472176,0.018109837546944618,0.7529976963996887
328,0.024595316499471664,0.019468246027827263,0.7562367916107178
329,0.02447335608303547,0.01792646013200283,0.7557689547538757
330,0.023992931470274925,0.017898118123412132,0.7561837434768677
331,0.024064568802714348,0.018718484789133072,0.7560837864875793
332,0.024400178343057632,0.017890749499201775,0.7559845447540283
333,0.023956656455993652,0.017998382449150085,0.7553374171257019
334,0.024004468694329262,0.0192890465259552,0.7558426856994629
335,0.024415938183665276,0.01803981326520443,0.7550438046455383
336,0.024098629131913185,0.018102219328284264,0.7556212544441223
337,0.023868011310696602,0.018290068954229355,0.755599856376648
338,0.023905079811811447,0.01809171587228775,0.7561098337173462
339,0.023835157975554466,0.01804218627512455,0.7559134364128113
340,0.023922279477119446,0.018140610307455063,0.7556809782981873
341,0.02385994791984558,0.01849520578980446,0.7560301423072815
342,0.023989362642169,0.017958026379346848,0.7556726932525635
343,0.02391084097325802,0.01809818670153618,0.7558653950691223
344,0.02375572733581066,0.01830103062093258,0.7560529708862305
345,0.024040650576353073,0.018083177506923676,0.7559805512428284
346,0.023687144741415977,0.01804455742239952,0.7557575106620789
347,0.023950960487127304,0.018244478851556778,0.7555006146430969
348,0.023963097482919693,0.018400991335511208,0.7553207874298096
349,0.023800866678357124,0.01812218315899372,0.7548741102218628
350,0.023785719648003578,0.0182671956717968,0.7551389336585999
351,0.023721760138869286,0.018252167850732803,0.755111038684845
352,0.02366047538816929,0.018009692430496216,0.7551521062850952
353,0.023839551955461502,0.018359411507844925,0.7555119395256042
354,0.023770442232489586,0.018184030428528786,0.7553708553314209
355,0.023745812475681305,0.01801828294992447,0.7552683353424072
356,0.023730041459202766,0.018442347645759583,0.7553686499595642
357,0.023789716884493828,0.01806764490902424,0.7548471689224243
358,0.023798607289791107,0.017989687621593475,0.7550082206726074
359,0.02360922284424305,0.018693825230002403,0.7555962800979614
360,0.023842329159379005,0.018017390742897987,0.7545642256736755
361,0.023704752326011658,0.018184779211878777,0.7552067637443542
362,0.023630648851394653,0.01834767870604992,0.7554400563240051
363,0.023546738550066948,0.017981069162487984,0.7550044655799866
364,0.02367115393280983,0.01801334321498871,0.7548379898071289
365,0.023879777640104294,0.018857823684811592,0.7549840211868286
366,0.023779157549142838,0.01819472946226597,0.7543281316757202
367,0.02348960004746914,0.01800260879099369,0.7542204260826111
368,0.02350287325680256,0.01875378005206585,0.7548536658287048
369,0.023561015725135803,0.018135886639356613,0.7549318671226501
370,0.0236181803047657,0.017919812351465225,0.7548404932022095
371,0.023676641285419464,0.019081899896264076,0.7554656863212585
372,0.023877613246440887,0.018120288848876953,0.7539036870002747
373,0.02343210205435753,0.01805310882627964,0.7537490725517273
374,0.023650189861655235,0.01895918697118759,0.7550680637359619
375,0.023747751489281654,0.017979754135012627,0.7543186545372009
376,0.023479804396629333,0.017940523102879524,0.7545182108879089
377,0.02339690923690796,0.01883208565413952,0.7554081678390503
378,0.02371780015528202,0.017977366223931313,0.7554118037223816
379,0.023407133296132088,0.01795966550707817,0.7551258206367493
380,0.023487938567996025,0.018829140812158585,0.7557603716850281
381,0.023656519129872322,0.01801217906177044,0.755255401134491
382,0.02347014844417572,0.01792939566075802,0.7548519968986511
383,0.023443302139639854,0.018350359052419662,0.7551062703132629
384,0.023588234558701515,0.018582122400403023,0.7549832463264465
385,0.023306693881750107,0.01795005053281784,0.753856360912323
386,0.023722391575574875,0.018622661009430885,0.755629301071167
387,0.0235977191478014,0.01827206090092659,0.7559202909469604
388,0.023315630853176117,0.01793370023369789,0.7555681467056274
389,0.023219380527734756,0.018209345638751984,0.7558487057685852
390,0.023451659828424454,0.018563393503427505,0.7556344866752625
391,0.023282505571842194,0.01799982786178589,0.7547382712364197
392,0.02343875728547573,0.018277142196893692,0.7546941637992859
393,0.023417390882968903,0.01844535768032074,0.7543879747390747
394,0.023304380476474762,0.017983922734856606,0.7533249855041504
395,0.02350827492773533,0.018401507288217545,0.7544939517974854
396,0.0233869981020689,0.018695849925279617,0.7552447319030762
397,0.023449087515473366,0.017902087420225143,0.7548601627349854
398,0.023447509855031967,0.01807050034403801,0.7556238174438477
399,0.023270806297659874,0.018967313691973686,0.7554083466529846
400,0.023776626214385033,0.017919331789016724,0.7548184394836426
401,0.023778820410370827,0.018604563549160957,0.7558784484863281
402,0.023263853043317795,0.018735220655798912,0.755829393863678
403,0.02351338043808937,0.017986340448260307,0.7542440295219421
404,0.02365134470164776,0.018195029348134995,0.7556368708610535
405,0.02327490597963333,0.01875700242817402,0.7555438876152039
406,0.023463735356926918,0.01789490133523941,0.7549338340759277
407,0.02338247187435627,0.018145805224776268,0.75539630651474
408,0.02319904789328575,0.01856912113726139,0.755391538143158
409,0.023287242278456688,0.017982251942157745,0.754606306552887
410,0.02312050759792328,0.018092822283506393,0.7547991275787354
411,0.023064257577061653,0.01838594488799572,0.7549664974212646
412,0.023180454969406128,0.017977114766836166,0.7544782161712646
413,0.02325885184109211,0.018292216584086418,0.7547451257705688
414,0.023033369332551956,0.01820985972881317,0.7546108365058899
415,0.0232083797454834,0.018119001761078835,0.7545264959335327
416,0.023174908012151718,0.018117310479283333,0.7542740106582642
417,0.023018766194581985,0.018257658928632736,0.7544231414794922
418,0.02303098514676094,0.018251579254865646,0.7544669508934021
419,0.023145101964473724,0.018170947209000587,0.7544432282447815
420,0.02303219586610794,0.018102841451764107,0.7543759942054749
421,0.023277541622519493,0.01813717931509018,0.7545554637908936
422,0.023144133388996124,0.018245631828904152,0.7547082901000977
423,0.02302020974457264,0.01803167723119259,0.754604160785675
424,0.022900378331542015,0.018046000972390175,0.7545437216758728
425,0.02316237799823284,0.018164074048399925,0.7545729875564575
426,0.022994332015514374,0.01812940463423729,0.7542124390602112
427,0.023066911846399307,0.018249278888106346,0.7542943358421326
428,0.023076660931110382,0.018130458891391754,0.7541990280151367
429,0.022898372262716293,0.018160074949264526,0.7543466091156006
430,0.02311999723315239,0.01814150996506214,0.7541691064834595
431,0.02307855524122715,0.018052702769637108,0.7541824579238892
432,0.02307196334004402,0.01820986345410347,0.7542451620101929
433,0.022863704711198807,0.018431702628731728,0.7540234327316284
434,0.02286674827337265,0.018161477521061897,0.7531972527503967
435,0.023021722212433815,0.018356595188379288,0.7541511058807373
436,0.022904710844159126,0.018272770568728447,0.7543122172355652
437,0.023125726729631424,0.01799887605011463,0.7538658976554871
438,0.02287779375910759,0.018088821321725845,0.7539348006248474
439,0.022748220711946487,0.018627481535077095,0.7544267773628235
440,0.023014137521386147,0.018091974779963493,0.7537983059883118
441,0.022930346429347992,0.018056407570838928,0.7534012198448181
442,0.023198967799544334,0.018855368718504906,0.7542275190353394
443,0.023210646584630013,0.018189003691077232,0.7541524767875671
444,0.02272876165807247,0.01795612834393978,0.7536178231239319
445,0.023084236308932304,0.018493594601750374,0.7547791600227356
446,0.022976743057370186,0.018268223851919174,0.7550062537193298
447,0.022763296961784363,0.01798960380256176,0.7546448111534119
448,0.022874658927321434,0.01815338060259819,0.7548545598983765
449,0.02286216989159584,0.018450217321515083,0.7549713253974915
450,0.022920720279216766,0.018018988892436028,0.7538166642189026
451,0.022971419617533684,0.01820443384349346,0.7540813088417053
452,0.022772008553147316,0.018870890140533447,0.7544556260108948
453,0.023173149675130844,0.01798543706536293,0.753756046295166
454,0.022885696962475777,0.017990516498684883,0.7540791034698486
455,0.02282137982547283,0.018970077857375145,0.7545315027236938
456,0.02323761209845543,0.017966415733098984,0.7544636726379395
457,0.022913748398423195,0.017993254587054253,0.7541694641113281
458,0.022972041741013527,0.01895049773156643,0.7552417516708374
459,0.023053886368870735,0.01811056025326252,0.7543834447860718
460,0.022982465103268623,0.017958765849471092,0.7538818120956421
461,0.02285369113087654,0.018618842586874962,0.7551289200782776
462,0.022895723581314087,0.01846286654472351,0.7550823092460632
463,0.022854235023260117,0.017921386286616325,0.7541377544403076
464,0.023131130263209343,0.018153369426727295,0.7551516890525818
465,0.022665319964289665,0.018600767478346825,0.7555109858512878
466,0.022812997922301292,0.01802881807088852,0.7544692158699036
467,0.022829361259937286,0.01806858368217945,0.7542057037353516
468,0.02282825857400894,0.01862677000463009,0.7548836469650269
469,0.022709982469677925,0.018238650634884834,0.7543421387672424
470,0.022669967263936996,0.01797063834965229,0.7535116076469421
471,0.022898323833942413,0.01817011833190918,0.754182755947113
472,0.022680969908833504,0.018465887755155563,0.7546198964118958
473,0.02267969213426113,0.018082551658153534,0.7544755339622498
474,0.022755799815058708,0.018012944608926773,0.7540454268455505
475,0.022766387090086937,0.018414858728647232,0.7547111511230469
476,0.02271812967956066,0.01844179444015026,0.7544699907302856
477,0.022676482796669006,0.017978748306632042,0.7539255023002625
478,0.02281099185347557,0.018070146441459656,0.7541969418525696
479,0.022843381389975548,0.01855652965605259,0.7546138763427734
480,0.022651467472314835,0.01826287992298603,0.7538716793060303
481,0.022720176726579666,0.018116943538188934,0.7535684704780579
482,0.022777453064918518,0.018372582271695137,0.7544054985046387
483,0.022720761597156525,0.018113216385245323,0.7541822195053101
484,0.02259446121752262,0.01803228072822094,0.7541705965995789
485,0.022660866379737854,0.01818098872900009,0.7545905709266663
486,0.022534046322107315,0.01807226985692978,0.7544552087783813
487,0.022700611501932144,0.018139837309718132,0.7542760372161865
488,0.02251371182501316,0.01821349933743477,0.7541787624359131
489,0.022672345861792564,0.018289851024746895,0.754051923751831
490,0.02264198660850525,0.018191127106547356,0.7537912726402283
491,0.022579049691557884,0.01813342049717903,0.7535190582275391
492,0.0226879995316267,0.018180634826421738,0.7535885572433472
493,0.022638723254203796,0.018136363476514816,0.753818154335022
494,0.022503234446048737,0.018165824934840202,0.7539049983024597
495,0.022410042583942413,0.018262619152665138,0.7540971040725708
496,0.022527281194925308,0.01807517558336258,0.7538095712661743
497,0.02271280810236931,0.018237484619021416,0.7543155550956726
498,0.022591490298509598,0.018161142244935036,0.7541236281394958
499,0.022544004023075104,0.018067805096507072,0.7538784146308899
500,0.022561706602573395,0.018173741176724434,0.7540202736854553
501,0.02241797000169754,0.018338296562433243,0.7541604042053223
502,0.022652706131339073,0.018102698028087616,0.75371253490448
503,0.022496594116091728,0.018135935068130493,0.75373774766922
504,0.02253587357699871,0.018345125019550323,0.7541217803955078
505,0.02252049185335636,0.01825684681534767,0.7540289759635925
506,0.022464992478489876,0.01806420274078846,0.7536893486976624
507,0.02234685979783535,0.018050342798233032,0.7536860108375549
508,0.022590026259422302,0.018416814506053925,0.7541525959968567
509,0.022487932816147804,0.018383538350462914,0.7542521357536316
510,0.02253754809498787,0.018032478168606758,0.7532691955566406
511,0.022623484954237938,0.018075505271553993,0.7537557482719421
512,0.02245655469596386,0.018410561606287956,0.7544394135475159
513,0.02258366532623768,0.018208695575594902,0.7543575167655945
514,0.02253170870244503,0.01801329478621483,0.7540084719657898
515,0.02244764007627964,0.018053589388728142,0.7539482116699219
516,0.02243773639202118,0.018278276547789574,0.7541487216949463
517,0.022499168291687965,0.018299724906682968,0.753835141658783
518,0.022303540259599686,0.01817513071000576,0.7532756328582764
519,0.02254008874297142,0.01825632154941559,0.7536292672157288
520,0.022568708285689354,0.018188167363405228,0.7536001205444336
521,0.02255932055413723,0.01811065897345543,0.7534432411193848
522,0.02246377430856228,0.018296796828508377,0.7536534667015076
523,0.02246224693953991,0.01817760057747364,0.7540635466575623
524,0.022413311526179314,0.01808500662446022,0.7535973787307739
525,0.022432757541537285,0.01821894757449627,0.7537029981613159
526,0.022533467039465904,0.018486889079213142,0.7540673613548279
527,0.022505860775709152,0.018235694617033005,0.7538145780563354
528,0.022420616820454597,0.018001029267907143,0.7534143924713135
529,0.02236115001142025,0.018107689917087555,0.7537603378295898
530,0.02235051803290844,0.01833072490990162,0.7539677619934082
531,0.02241676300764084,0.018135910853743553,0.7541809678077698
532,0.022411255165934563,0.018063249066472054,0.7540119886398315
533,0.022380119189620018,0.01820400170981884,0.7541444301605225
534,0.022374369204044342,0.018240991979837418,0.7540401816368103
535,0.022521980106830597,0.01814686320722103,0.7538845539093018
536,0.0222893375903368,0.018022337928414345,0.7536327838897705
537,0.022362452000379562,0.018196165561676025,0.7539498805999756
538,0.02237113006412983,0.018237430602312088,0.753979504108429
539,0.022151872515678406,0.01810331828892231,0.753774881362915
540,0.022461552172899246,0.018202781677246094,0.7538164258003235
541,0.022333992645144463,0.01837567798793316,0.753983199596405
542,0.022290091961622238,0.01824207603931427,0.7538403868675232
543,0.02229519560933113,0.018075942993164062,0.7535471320152283
544,0.02233644388616085,0.018153710290789604,0.7538431286811829
545,0.022334780544042587,0.01848055049777031,0.7540786266326904
546,0.022444043308496475,0.018203571438789368,0.7538160681724548
547,0.022430814802646637,0.017984984442591667,0.7532331943511963
548,0.02229349873960018,0.018045084550976753,0.7534330487251282
549,0.022275596857070923,0.01847883313894272,0.7539798617362976
550,0.022517776116728783,0.018382536247372627,0.7537409067153931
551,0.022331539541482925,0.01807950995862484,0.7531001567840576
552,0.022431710734963417,0.0180763341486454,0.7533905506134033
553,0.02237914875149727,0.018332909792661667,0.7538251280784607
554,0.022270645946264267,0.018388552591204643,0.7538795471191406
555,0.022274663671851158,0.018218548968434334,0.7537602186203003
556,0.02226107195019722,0.018038850277662277,0.7533555626869202
557,0.022536102682352066,0.018190372735261917,0.7539147734642029
558,0.022296644747257233,0.01835731975734234,0.7542808055877686
559,0.022281542420387268,0.018225252628326416,0.7542877793312073
560,0.022244077175855637,0.018010741099715233,0.7540096044540405
561,0.02226920984685421,0.017979664728045464,0.7538999319076538
562,0.02220112830400467,0.018239760771393776,0.7543673515319824
563,0.022165801376104355,0.018447356298565865,0.7545299530029297
564,0.022408345714211464,0.018110446631908417,0.7538769841194153
565,0.02232448197901249,0.01801879145205021,0.7536082863807678
566,0.022121913731098175,0.01805735006928444,0.753916323184967
567,0.022228440269827843,0.018360458314418793,0.7542197108268738
568,0.0221821628510952,0.018230648711323738,0.7540037631988525
569,0.022082094103097916,0.01807240955531597,0.7536421418190002
570,0.022341640666127205,0.018076904118061066,0.7537250518798828
571,0.022150546312332153,0.01813282072544098,0.7538707256317139
572,0.022157398983836174,0.018220413476228714,0.7540790438652039
573,0.022284934297204018,0.01820140890777111,0.7539664506912231
574,0.022261474281549454,0.018114639446139336,0.7538203597068787
575,0.02234099619090557,0.018145564943552017,0.7541245222091675
576,0.022171886637806892,0.018158001825213432,0.7540971636772156
577,0.022230809554457664,0.018081048503518105,0.7538875937461853
578,0.022154495120048523,0.018065763637423515,0.753783643245697
579,0.022127846255898476,0.018215294927358627,0.7539600729942322
580,0.022365817800164223,0.018302971497178078,0.7539754509925842
581,0.02223038300871849,0.018205789849162102,0.7536572813987732
582,0.022427143529057503,0.01820184662938118,0.7536152601242065
583,0.02221396006643772,0.01815834641456604,0.7535582184791565
584,0.022104255855083466,0.01810755953192711,0.7535297870635986
585,0.022192392498254776,0.018210623413324356,0.7537559866905212
586,0.022170228883624077,0.01823454163968563,0.7538556456565857
587,0.022171100601553917,0.018134551122784615,0.7537949085235596
588,0.022043252363801003,0.01809675805270672,0.7535192370414734
589,0.022169210016727448,0.01811274327337742,0.7532418370246887
590,0.022007590159773827,0.018200905993580818,0.7535269260406494
591,0.022219492122530937,0.01835615560412407,0.7539448142051697
592,0.0221985075622797,0.01822846569120884,0.7538718581199646
593,0.022193584591150284,0.01807001605629921,0.7536824345588684
594,0.022184455767273903,0.01803276129066944,0.7537218332290649
595,0.022116024047136307,0.018064351752400398,0.7539201378822327
596,0.022245250642299652,0.018221497535705566,0.7543045282363892
597,0.02201155200600624,0.018211079761385918,0.7543580532073975
598,0.022012557834386826,0.018093232065439224,0.7541502118110657
599,0.022256730124354362,0.01811130903661251,0.7542420029640198
600,0.02200084552168846,0.018195388838648796,0.7543362379074097
601,0.021936960518360138,0.018183764070272446,0.7542211413383484
602,0.022222023457288742,0.018100837245583534,0.7539589405059814
603,0.02212551236152649,0.018076589331030846,0.7537893056869507
604,0.022111931815743446,0.01817793771624565,0.7539492845535278
605,0.0222312081605196,0.01825839839875698,0.754037618637085
606,0.02203616313636303,0.018176017329096794,0.7539279460906982
607,0.021947752684354782,0.018085220828652382,0.7537773251533508
608,0.022191481664776802,0.018106555566191673,0.7538346648216248
609,0.022134941071271896,0.018211573362350464,0.7539957761764526
610,0.02228362299501896,0.01818745583295822,0.7539406418800354
611,0.022050442174077034,0.018118564039468765,0.7538208961486816
612,0.022015422582626343,0.01806028001010418,0.7536497712135315
613,0.022060420364141464,0.0180958304554224,0.7537006735801697
614,0.02204686403274536,0.018232807517051697,0.7539416551589966
615,0.022046487778425217,0.018325980752706528,0.7540420889854431
616,0.022137928754091263,0.018202979117631912,0.7538344860076904
617,0.022180039435625076,0.018108123913407326,0.7536341547966003
618,0.02210475318133831,0.01807807944715023,0.7535191178321838
619,0.02213793434202671,0.01817679964005947,0.7537354230880737
620,0.02202071249485016,0.018241308629512787,0.7538285255432129
621,0.022092100232839584,0.018175581470131874,0.7537119388580322
622,0.02215540036559105,0.01813286356627941,0.7536125779151917
623,0.02200186811387539,0.018138285726308823,0.7536322474479675
624,0.02218889445066452,0.01817154511809349,0.7537233829498291
625,0.022025028243660927,0.018186727538704872,0.7537649869918823
626,0.022093448787927628,0.018152885138988495,0.7537485957145691
627,0.022040730342268944,0.018140515312552452,0.7537593245506287
628,0.022092174738645554,0.01813877932727337,0.7537286877632141
629,0.021985763683915138,0.01813071221113205,0.7537003755569458
630,0.022040966898202896,0.01811833679676056,0.7536784410476685
631,0.022084929049015045,0.018104903399944305,0.7536620497703552
632,0.022023474797606468,0.018111873418092728,0.7536884546279907
633,0.022162016481161118,0.018169818446040154,0.753795862197876
634,0.02192218229174614,0.018155882135033607,0.7537093162536621
635,0.022005705162882805,0.018111540004611015,0.7536047101020813
636,0.02209201082587242,0.018080640584230423,0.7534608244895935
637,0.022070303559303284,0.018128663301467896,0.7534952163696289
638,0.022093594074249268,0.01822088100016117,0.7535727024078369
639,0.022031888365745544,0.018298014998435974,0.7536723613739014
640,0.022026579827070236,0.018301619216799736,0.7537139654159546
641,0.022000011056661606,0.018222030252218246,0.7536888718605042
642,0.0220964252948761,0.01809362880885601,0.753591001033783
643,0.02208680845797062,0.01805926486849785,0.7536619305610657
644,0.02202647179365158,0.018104128539562225,0.7537978887557983
645,0.022202910855412483,0.01820279099047184,0.7539435625076294
646,0.022066660225391388,0.018237978219985962,0.7540889382362366
647,0.0219590961933136,0.01816113106906414,0.7540570497512817
648,0.022080061957240105,0.018079033121466637,0.7537659406661987
649,0.022054845467209816,0.01808099076151848,0.7535967826843262
650,0.021961094811558723,0.018156977370381355,0.7536935210227966
651,0.021989693865180016,0.01827140524983406,0.7539158463478088
652,0.021983519196510315,0.018267950043082237,0.7539305686950684
653,0.022018760442733765,0.01817961595952511,0.7538732290267944
654,0.022047709673643112,0.01809621974825859,0.7537787556648254
655,0.021918868646025658,0.018078181892633438,0.7537404894828796
656,0.022217990830540657,0.01811150088906288,0.7537544369697571
657,0.021913724020123482,0.018145529553294182,0.7537747025489807
658,0.022107530385255814,0.018160969018936157,0.7537925839424133
659,0.022110428661108017,0.018199997022747993,0.7538051009178162
660,0.02197883278131485,0.018173499032855034,0.7537054419517517
661,0.022159818559885025,0.018147040158510208,0.7535925507545471
662,0.021963179111480713,0.018156912177801132,0.7535771131515503
663,0.02204381860792637,0.018197914585471153,0.7536774277687073
664,0.022027937695384026,0.018232718110084534,0.7537032961845398
665,0.021837830543518066,0.018229275941848755,0.753639280796051
666,0.02209530398249626,0.01818404532968998,0.7535480856895447
667,0.02203034795820713,0.018091334030032158,0.753400444984436
668,0.02199491299688816,0.018048018217086792,0.7533122301101685
669,0.021914009004831314,0.018064258620142937,0.7533687353134155
670,0.021954236552119255,0.01815401390194893,0.7535454034805298
671,0.022114727646112442,0.018292799592018127,0.7537035942077637
672,0.021992571651935577,0.018396742641925812,0.7537877559661865
673,0.02206467278301716,0.018373625352978706,0.7538273334503174
674,0.02200695499777794,0.01827532984316349,0.7538076043128967
675,0.02199438400566578,0.018128592520952225,0.753683865070343
676,0.02202061377465725,0.01805787906050682,0.7535800337791443
677,0.02184874936938286,0.018043559044599533,0.7535476088523865
678,0.0221224594861269,0.018092092126607895,0.7536785006523132
679,0.02184266783297062,0.018179655075073242,0.7538103461265564
680,0.022095797583460808,0.018223170191049576,0.7538530230522156
681,0.021930478513240814,0.018197156488895416,0.7538011074066162
682,0.021961240097880363,0.018140142783522606,0.7536731362342834
683,0.021883271634578705,0.01810579001903534,0.7535818219184875
684,0.02180572971701622,0.018088411539793015,0.7535260915756226
685,0.02198023907840252,0.018095070496201515,0.7535792589187622
686,0.02200380153954029,0.018139515072107315,0.7537574172019958
687,0.021992240101099014,0.018197305500507355,0.7538832426071167
688,0.022013068199157715,0.018258390948176384,0.7539783716201782
689,0.022047191858291626,0.01824573427438736,0.7539402842521667
690,0.021881651133298874,0.01814531721174717,0.7538020014762878
691,0.02202437072992325,0.018077097833156586,0.7536643743515015
692,0.022024773061275482,0.018063748255372047,0.7536166906356812
693,0.02203398384153843,0.018087266013026237,0.7536501288414001
694,0.022038228809833527,0.01815391145646572,0.7537456750869751
695,0.021945534273982048,0.018225040286779404,0.7538092136383057
696,0.02190195582807064,0.018239645287394524,0.7537904381752014
697,0.021972252056002617,0.0182047076523304,0.7536827921867371
698,0.02187914215028286,0.01815878227353096,0.7535524964332581
699,0.021808231249451637,0.01813659444451332,0.7534785866737366
700,0.02179069258272648,0.01811440847814083,0.7534468173980713
701,0.02187955006957054,0.018102575093507767,0.75347501039505
702,0.021826133131980896,0.01812073215842247,0.753577709197998
703,0.021853545680642128,0.0181579627096653,0.7536885142326355
704,0.021864604204893112,0.018186967819929123,0.7537404298782349
705,0.021960562095046043,0.018195226788520813,0.75375896692276
706,0.021914144977927208,0.01819351315498352,0.7537460327148438
707,0.021907642483711243,0.018171099945902824,0.7537141442298889
708,0.021908868104219437,0.018128441646695137,0.7536525726318359
709,0.021941903978586197,0.0180995911359787,0.7535912394523621
710,0.021766815334558487,0.018094539642333984,0.7535653114318848
711,0.021762818098068237,0.018098169937729836,0.7535507678985596
712,0.021952029317617416,0.018121998757123947,0.7535775899887085
713,0.02189435064792633,0.018147718161344528,0.75359708070755
714,0.02187259867787361,0.0181665550917387,0.7535890340805054
715,0.021997475996613503,0.018170781433582306,0.753570020198822
716,0.0220256969332695,0.01816333457827568,0.7535531520843506
717,0.02186887152493,0.01816697232425213,0.7535539865493774
718,0.021908212453126907,0.01817845180630684,0.7536032199859619
719,0.021993787959218025,0.018175488337874413,0.7536215782165527
720,0.021890707314014435,0.01815636269748211,0.7536067366600037
721,0.02194075658917427,0.018142439424991608,0.7535821199417114
722,0.021957239136099815,0.018124939873814583,0.7535402774810791
723,0.02187701314687729,0.01811397075653076,0.75351482629776
724,0.02174331061542034,0.018121248111128807,0.7535473108291626
725,0.021997911855578423,0.018136262893676758,0.7536113858222961
726,0.02198316529393196,0.01815704070031643,0.7536957263946533
727,0.021719511598348618,0.018174797296524048,0.7537578344345093
728,0.021922672167420387,0.018199017271399498,0.7538214325904846
729,0.021893328055739403,0.018201259896159172,0.7538375854492188
730,0.021949991583824158,0.01819290965795517,0.753833532333374
731,0.0218436848372221,0.018181506544351578,0.7538176774978638
732,0.021905286237597466,0.018169619143009186,0.753787100315094
733,0.021871348842978477,0.01814226619899273,0.7537328600883484
734,0.021803220734000206,0.018121495842933655,0.7536872029304504
735,0.02171754278242588,0.018108773976564407,0.7536590099334717
736,0.021730508655309677,0.018101058900356293,0.7536376714706421
737,0.021898427978157997,0.018111681565642357,0.7536681294441223
738,0.021897874772548676,0.01812814176082611,0.75370192527771
739,0.021923180669546127,0.018143678084015846,0.7537245154380798
740,0.022025510668754578,0.018162637948989868,0.7537463903427124
741,0.02180323749780655,0.018169984221458435,0.7537420988082886
742,0.021939994767308235,0.018174394965171814,0.7537299990653992
743,0.021819820627570152,0.01818140409886837,0.753723680973053
744,0.02191280946135521,0.01818212866783142,0.7537097334861755
745,0.021908920258283615,0.01817467249929905,0.753686249256134
746,0.021924147382378578,0.018169859424233437,0.7536614537239075
747,0.0219456497579813,0.018164196982979774,0.7536376118659973
748,0.021928587928414345,0.018165240064263344,0.7536256909370422
749,0.021868132054805756,0.018158817663788795,0.7536100149154663
750,0.021916847676038742,0.018156077712774277,0.7535966634750366
751,0.021858947351574898,0.018160955980420113,0.7536073327064514
752,0.02196446806192398,0.018156342208385468,0.7535995841026306
753,0.02190534770488739,0.01815405860543251,0.7536020874977112
754,0.02196606621146202,0.018159734085202217,0.7536243796348572
755,0.021817462518811226,0.018157988786697388,0.7536306977272034
756,0.02192862331867218,0.018152644857764244,0.7536336779594421
757,0.021940147504210472,0.01814640872180462,0.7536359429359436
758,0.021974654868245125,0.01814655214548111,0.7536476254463196
759,0.021916035562753677,0.018142471089959145,0.7536519765853882
760,0.02190457656979561,0.018143441528081894,0.7536669969558716
761,0.02192903310060501,0.01814284734427929,0.7536779642105103
762,0.021777229383587837,0.018139207735657692,0.7536785006523132
763,0.021920880302786827,0.018126072362065315,0.753645658493042
764,0.021855998784303665,0.01811401918530464,0.7536136507987976
765,0.021916354075074196,0.018108084797859192,0.7535946369171143
766,0.022072914987802505,0.018111690878868103,0.7536120414733887
767,0.02180297113955021,0.018114546313881874,0.753624677658081
768,0.021910401061177254,0.018120046705007553,0.7536439895629883
769,0.02187161333858967,0.01812761276960373,0.7536702156066895
770,0.02180037833750248,0.018134571611881256,0.7536918520927429
771,0.021908748894929886,0.018142301589250565,0.753717303276062
772,0.021994002163410187,0.01815122179687023,0.7537378668785095
773,0.021772203966975212,0.018161963671445847,0.7537572979927063
774,0.02195354364812374,0.018168320879340172,0.7537623047828674
775,0.021948471665382385,0.018171077594161034,0.7537612318992615
776,0.02197396196424961,0.018173040822148323,0.753753662109375
777,0.022018998861312866,0.01817203313112259,0.7537429928779602
778,0.022000258788466454,0.01817101240158081,0.7537376880645752
779,0.021884121000766754,0.018168656155467033,0.7537292242050171
780,0.021971089765429497,0.01816563308238983,0.7537170648574829
781,0.021856913343071938,0.01815946027636528,0.7536982297897339
782,0.02195923775434494,0.018153656274080276,0.7536813616752625
783,0.02194719947874546,0.018146295100450516,0.753664493560791
784,0.021898707374930382,0.018141137436032295,0.7536548376083374
785,0.02186409756541252,0.018137460574507713,0.7536494135856628
786,0.02180478535592556,0.01813644915819168,0.7536532282829285
787,0.021938646212220192,0.01813543401658535,0.7536572813987732
788,0.021879807114601135,0.018135108053684235,0.7536655068397522
789,0.02188296616077423,0.018135568127036095,0.753677248954773
790,0.021934812888503075,0.018133113160729408,0.7536803483963013
791,0.021991729736328125,0.01813117042183876,0.7536867260932922
792,0.0217885822057724,0.01812717877328396,0.7536890506744385
793,0.02193942293524742,0.01812470331788063,0.7536930441856384
794,0.021951375529170036,0.01812480390071869,0.7536987662315369
795,0.02169375866651535,0.018126213923096657,0.7537068128585815
796,0.02186092920601368,0.018129244446754456,0.7537146210670471
797,0.021914081647992134,0.01813586987555027,0.7537274360656738
798,0.02191932685673237,0.018140796571969986,0.7537341713905334
799,0.021983372047543526,0.018147282302379608,0.7537444233894348
800,0.021930763497948647,0.018153632059693336,0.7537549734115601
