tf,rank_mean,rank_zero,rank_random,in_top20_mean,in_top20_zero,in_top20_random,in_top20_all,mean_rank_across_baselines
ZEB1,1,20,4,True,True,True,True,8.333333333333334
RELA,2,25,9,True,False,True,False,12.0
MZF1,3,28,7,True,False,True,False,12.666666666666666
ESR1,27,4,23,False,True,False,False,18.0
HIVEP1,5,64,2,True,False,True,False,23.666666666666668
IRX1,4,62,10,True,False,True,False,25.333333333333332
LHX1,24,11,55,False,True,False,False,30.0
HOXD3,31,48,15,False,False,True,False,31.333333333333332
NFAT5,21,40,33,False,False,False,False,31.333333333333332
AEBP1,6,74,16,True,False,True,False,32.0
BCOR,7,81,19,True,False,True,False,35.666666666666664
E2F1,51,3,66,False,True,False,False,40.0
HOXB9,8,104,13,True,False,True,False,41.666666666666664
TBX2,43,50,32,False,False,False,False,41.666666666666664
NSD2,57,29,47,False,False,False,False,44.333333333333336
RFXANK,50,66,24,False,False,False,False,46.666666666666664
TET1,11,111,18,True,False,True,False,46.666666666666664
SETBP1,12,118,12,True,False,True,False,47.333333333333336
TFDP1,76,1,65,False,True,False,False,47.333333333333336
MYCN,40,7,96,False,True,False,False,47.666666666666664
SREBF2,106,5,34,False,True,False,False,48.333333333333336
RELB,10,150,3,True,False,True,False,54.333333333333336
DNMT3A,17,134,14,True,False,True,False,55.0
SP1,80,12,73,False,True,False,False,55.0
HOXB7,9,161,1,True,False,True,False,57.0
KLF8,18,147,8,True,False,True,False,57.666666666666664
SIX3,16,122,36,True,False,False,False,58.0
HDGF,56,39,94,False,False,False,False,63.0
ZNF362,15,131,46,True,False,False,False,64.0
PPARD,104,22,69,False,False,False,False,65.0
SPDEF,14,142,42,True,False,False,False,66.0
STAT3,54,116,30,False,False,False,False,66.66666666666667
ZBTB7B,19,129,52,True,False,False,False,66.66666666666667
ASXL1,13,140,48,True,False,False,False,67.0
VENTX,53,108,53,False,False,False,False,71.33333333333333
FOXE1,107,45,63,False,False,False,False,71.66666666666667
RUNX2,20,197,5,True,False,True,False,74.0
EGR4,28,117,78,False,False,False,False,74.33333333333333
NFATC2,66,14,149,False,True,False,False,76.33333333333333
FOSB,38,174,17,False,False,True,False,76.33333333333333
THRB,23,141,72,False,False,False,False,78.66666666666667
NFATC4,110,67,61,False,False,False,False,79.33333333333333
JUND,41,149,57,False,False,False,False,82.33333333333333
PROX1,26,202,22,False,False,False,False,83.33333333333333
CTBP1,52,160,40,False,False,False,False,84.0
MTF1,117,58,80,False,False,False,False,85.0
MAX,74,130,51,False,False,False,False,85.0
RXRA,105,16,135,False,True,False,False,85.33333333333333
HIPK2,72,85,100,False,False,False,False,85.66666666666667
TRPS1,30,194,41,False,False,False,False,88.33333333333333
HNF1A,126,8,133,False,True,False,False,89.0
ELF5,79,53,136,False,False,False,False,89.33333333333333
VHL,34,164,71,False,False,False,False,89.66666666666667
ZXDC,22,212,38,False,False,False,False,90.66666666666667
HR,39,208,26,False,False,False,False,91.0
TLX3,71,171,31,False,False,False,False,91.0
HTATIP2,25,214,44,False,False,False,False,94.33333333333333
PPARGC1B,37,224,28,False,False,False,False,96.33333333333333
ATF3,146,18,127,False,True,False,False,97.0
REL,49,216,27,False,False,False,False,97.33333333333333
EOMES,186,17,93,False,True,False,False,98.66666666666667
TEAD1,99,42,156,False,False,False,False,99.0
CXXC1,44,225,50,False,False,False,False,106.33333333333333
KAT7,116,23,182,False,False,False,False,107.0
FOXC1,75,139,108,False,False,False,False,107.33333333333333
TBPL1,132,105,86,False,False,False,False,107.66666666666667
DMTF1,102,86,137,False,False,False,False,108.33333333333333
IRF3,48,239,43,False,False,False,False,110.0
PHOX2B,155,94,82,False,False,False,False,110.33333333333333
REST,124,9,200,False,True,False,False,111.0
RXRG,109,120,109,False,False,False,False,112.66666666666667
HMGB2,92,97,150,False,False,False,False,113.0
TLX1,32,276,37,False,False,False,False,115.0
TFAP2C,36,215,98,False,False,False,False,116.33333333333333
GRHL3,35,263,54,False,False,False,False,117.33333333333333
TCF21,29,261,62,False,False,False,False,117.33333333333333
E2F2,152,38,173,False,False,False,False,121.0
PREB,162,15,187,False,True,False,False,121.33333333333333
DBP,212,61,92,False,False,False,False,121.66666666666667
ZNF410,118,135,119,False,False,False,False,124.0
LYL1,149,77,148,False,False,False,False,124.66666666666667
E2F5,60,198,120,False,False,False,False,126.0
NFKB2,59,302,21,False,False,False,False,127.33333333333333
ZNF219,42,256,85,False,False,False,False,127.66666666666667
GRHL2,33,264,90,False,False,False,False,129.0
GATA4,213,35,140,False,False,False,False,129.33333333333334
HDAC1,141,69,181,False,False,False,False,130.33333333333334
CUX1,140,82,170,False,False,False,False,130.66666666666666
PITX1,167,84,146,False,False,False,False,132.33333333333334
ZMYND8,137,155,106,False,False,False,False,132.66666666666666
ZBTB4,242,2,155,False,True,False,False,133.0
HLX,63,319,20,False,False,True,False,134.0
BARX1,95,206,104,False,False,False,False,135.0
MEF2B,90,249,67,False,False,False,False,135.33333333333334
HOXA13,119,191,97,False,False,False,False,135.66666666666666
XBP1,171,109,130,False,False,False,False,136.66666666666666
CREB3L1,47,304,60,False,False,False,False,137.0
FOXG1,78,267,68,False,False,False,False,137.66666666666666
FIGLA,173,83,161,False,False,False,False,139.0
NEUROD1,318,24,77,False,False,False,False,139.66666666666666
ARID1A,46,287,89,False,False,False,False,140.66666666666666
ELF2,129,56,243,False,False,False,False,142.66666666666666
RFX1,45,326,58,False,False,False,False,143.0
DAXX,62,288,81,False,False,False,False,143.66666666666666
ZNF335,82,275,76,False,False,False,False,144.33333333333334
TBX6,123,157,159,False,False,False,False,146.33333333333334
FOS,103,315,29,False,False,False,False,149.0
AP1,220,176,56,False,False,False,False,150.66666666666666
ZNF300,64,265,124,False,False,False,False,151.0
IRF7,185,19,251,False,True,False,False,151.66666666666666
AR,227,6,226,False,True,False,False,153.0
EGR1,130,193,144,False,False,False,False,155.66666666666666
POU3F1,202,32,235,False,False,False,False,156.33333333333334
MEIS1,55,292,123,False,False,False,False,156.66666666666666
STAT2,68,380,25,False,False,False,False,157.66666666666666
NAB2,192,168,113,False,False,False,False,157.66666666666666
FGF2,67,357,49,False,False,False,False,157.66666666666666
KAT5,168,52,254,False,False,False,False,158.0
PHF5A,101,336,39,False,False,False,False,158.66666666666666
IRF4,182,13,283,False,True,False,False,159.33333333333334
ZEB2,73,281,125,False,False,False,False,159.66666666666666
ASCL2,108,277,95,False,False,False,False,160.0
ELK4,253,26,202,False,False,False,False,160.33333333333334
NKX3-1,206,49,227,False,False,False,False,160.66666666666666
HIF1A,147,113,230,False,False,False,False,163.33333333333334
SALL1,84,299,107,False,False,False,False,163.33333333333334
KLF12,69,354,70,False,False,False,False,164.33333333333334
TFAP2B,58,327,110,False,False,False,False,165.0
BCL11A,87,308,102,False,False,False,False,165.66666666666666
AHRR,150,165,183,False,False,False,False,166.0
USF2,89,325,87,False,False,False,False,167.0
GATA6,282,37,190,False,False,False,False,169.66666666666666
WWTR1,194,132,188,False,False,False,False,171.33333333333334
POU4F2,97,344,75,False,False,False,False,172.0
PRDM16,172,79,266,False,False,False,False,172.33333333333334
PRDM1,86,294,143,False,False,False,False,174.33333333333334
FOXP2,77,343,103,False,False,False,False,174.33333333333334
LHX8,65,317,142,False,False,False,False,174.66666666666666
NR3C2,88,426,11,False,False,True,False,175.0
RORA,304,31,191,False,False,False,False,175.33333333333334
ID4,83,438,6,False,False,True,False,175.66666666666666
NR2E1,100,268,160,False,False,False,False,176.0
HSF2,292,34,203,False,False,False,False,176.33333333333334
ZNF263,70,333,126,False,False,False,False,176.33333333333334
MEF2A,81,322,131,False,False,False,False,178.0
LHX2,135,231,171,False,False,False,False,179.0
HOXA1,196,246,99,False,False,False,False,180.33333333333334
SP3,120,258,164,False,False,False,False,180.66666666666666
ZBTB33,96,368,83,False,False,False,False,182.33333333333334
MAF,179,76,293,False,False,False,False,182.66666666666666
ZKSCAN7,153,203,193,False,False,False,False,183.0
NFE2L2,295,36,218,False,False,False,False,183.0
SMAD4,151,340,59,False,False,False,False,183.33333333333334
MAZ,175,148,231,False,False,False,False,184.66666666666666
NR2C1,235,207,115,False,False,False,False,185.66666666666666
NCOA6,85,376,101,False,False,False,False,187.33333333333334
ETV3,188,106,269,False,False,False,False,187.66666666666666
JUN,170,227,169,False,False,False,False,188.66666666666666
NFYA,294,71,205,False,False,False,False,190.0
ESR2,228,126,221,False,False,False,False,191.66666666666666
ELF3,148,337,91,False,False,False,False,192.0
MECP2,263,152,163,False,False,False,False,192.66666666666666
ZNF350,113,362,111,False,False,False,False,195.33333333333334
BMAL2,114,391,88,False,False,False,False,197.66666666666666
CEBPB,111,448,35,False,False,False,False,198.0
NKX3-2,61,417,118,False,False,False,False,198.66666666666666
TBX18,122,296,179,False,False,False,False,199.0
SIX1,218,228,154,False,False,False,False,200.0
HOXA9,133,334,134,False,False,False,False,200.33333333333334
SMARCA4,191,273,138,False,False,False,False,200.66666666666666
RARG,233,306,64,False,False,False,False,201.0
DMAP1,216,63,332,False,False,False,False,203.66666666666666
RUNX3,261,103,250,False,False,False,False,204.66666666666666
ETS2,161,379,74,False,False,False,False,204.66666666666666
TWIST1,94,406,116,False,False,False,False,205.33333333333334
BATF,236,21,362,False,False,False,False,206.33333333333334
LEF1,262,68,289,False,False,False,False,206.33333333333334
BRD4,252,121,248,False,False,False,False,207.0
LHX3,288,59,274,False,False,False,False,207.0
RORB,214,128,280,False,False,False,False,207.33333333333334
SOX7,259,92,273,False,False,False,False,208.0
YBX3,267,33,325,False,False,False,False,208.33333333333334
SOX5,174,158,297,False,False,False,False,209.66666666666666
PLAGL1,208,204,222,False,False,False,False,211.33333333333334
HOXA7,290,46,302,False,False,False,False,212.66666666666666
TCF7,221,300,117,False,False,False,False,212.66666666666666
ELK3,154,245,241,False,False,False,False,213.33333333333334
NR0B2,166,355,122,False,False,False,False,214.33333333333334
RARA,289,153,207,False,False,False,False,216.33333333333334
SALL2,237,217,195,False,False,False,False,216.33333333333334
PITX3,201,145,305,False,False,False,False,217.0
E2F4,293,10,348,False,True,False,False,217.0
KDM5B,112,331,212,False,False,False,False,218.33333333333334
THAP11,115,424,121,False,False,False,False,220.0
STAT1,183,289,189,False,False,False,False,220.33333333333334
SMAD7,165,395,105,False,False,False,False,221.66666666666666
TBXT,93,427,147,False,False,False,False,222.33333333333334
ZNF148,205,219,246,False,False,False,False,223.33333333333334
NPAS4,324,47,299,False,False,False,False,223.33333333333334
ONECUT1,327,89,255,False,False,False,False,223.66666666666666
WT1,177,233,265,False,False,False,False,225.0
MEOX1,131,378,172,False,False,False,False,227.0
CREB1,197,314,176,False,False,False,False,229.0
PRDM2,184,459,45,False,False,False,False,229.33333333333334
NACC1,190,226,278,False,False,False,False,231.33333333333334
ZNF699,121,381,197,False,False,False,False,233.0
NFKB1,91,529,79,False,False,False,False,233.0
TRIM28,210,181,309,False,False,False,False,233.33333333333334
PLAGL2,241,170,290,False,False,False,False,233.66666666666666
ATOH1,297,70,337,False,False,False,False,234.66666666666666
ETV4,127,369,209,False,False,False,False,235.0
HOXA2,176,223,306,False,False,False,False,235.0
MITF,209,100,396,False,False,False,False,235.0
NFKBIZ,143,353,210,False,False,False,False,235.33333333333334
HOXC6,260,229,224,False,False,False,False,237.66666666666666
NPAS2,164,254,298,False,False,False,False,238.66666666666666
ATF1,284,44,388,False,False,False,False,238.66666666666666
FOXM1,158,416,145,False,False,False,False,239.66666666666666
NKRF,157,411,151,False,False,False,False,239.66666666666666
CEBPD,222,253,247,False,False,False,False,240.66666666666666
YY1,367,43,314,False,False,False,False,241.33333333333334
CEBPA,316,80,329,False,False,False,False,241.66666666666666
VDR,139,387,204,False,False,False,False,243.33333333333334
SIX4,234,332,167,False,False,False,False,244.33333333333334
NONO,98,444,194,False,False,False,False,245.33333333333334
TP73,278,173,285,False,False,False,False,245.33333333333334
FOXC2,229,396,114,False,False,False,False,246.33333333333334
SCX,180,366,199,False,False,False,False,248.33333333333334
IRF5,276,60,412,False,False,False,False,249.33333333333334
GSC,163,345,249,False,False,False,False,252.33333333333334
MECOM,159,420,178,False,False,False,False,252.33333333333334
ATF4,291,138,335,False,False,False,False,254.66666666666666
SHOX2,273,185,307,False,False,False,False,255.0
HIVEP2,156,394,217,False,False,False,False,255.66666666666666
GATA1,128,479,162,False,False,False,False,256.3333333333333
HOXA10,160,443,166,False,False,False,False,256.3333333333333
MAFB,399,75,296,False,False,False,False,256.6666666666667
NFIB,257,107,407,False,False,False,False,257.0
E2F7,193,432,152,False,False,False,False,259.0
TBX1,280,125,373,False,False,False,False,259.3333333333333
ZFP42,189,456,141,False,False,False,False,262.0
DLX3,434,88,268,False,False,False,False,263.3333333333333
UTF1,144,491,157,False,False,False,False,264.0
TOX,353,102,341,False,False,False,False,265.3333333333333
NOTCH1,142,464,192,False,False,False,False,266.0
CREB3L3,330,123,345,False,False,False,False,266.0
ZNF331,407,41,350,False,False,False,False,266.0
PAX1,345,95,359,False,False,False,False,266.3333333333333
SMAD5,134,533,132,False,False,False,False,266.3333333333333
SKIL,125,549,129,False,False,False,False,267.6666666666667
SMAD6,136,454,213,False,False,False,False,267.6666666666667
RFXAP,254,398,158,False,False,False,False,270.0
CREBZF,203,385,225,False,False,False,False,271.0
STAT6,272,179,367,False,False,False,False,272.6666666666667
TP63,307,136,377,False,False,False,False,273.3333333333333
ZHX2,199,440,185,False,False,False,False,274.6666666666667
HDAC4,317,180,330,False,False,False,False,275.6666666666667
CRX,378,96,353,False,False,False,False,275.6666666666667
APEX1,305,266,258,False,False,False,False,276.3333333333333
HOXD13,138,487,206,False,False,False,False,277.0
E2F3,402,30,402,False,False,False,False,278.0
SPIB,387,78,370,False,False,False,False,278.3333333333333
SUPT20H,187,412,240,False,False,False,False,279.6666666666667
HMGA2,349,234,257,False,False,False,False,280.0
KMT2B,332,200,316,False,False,False,False,282.6666666666667
NEUROD2,247,307,295,False,False,False,False,283.0
TSHZ3,383,188,287,False,False,False,False,286.0
TFDP2,370,114,376,False,False,False,False,286.6666666666667
ARID5B,181,358,321,False,False,False,False,286.6666666666667
EZH2,331,316,219,False,False,False,False,288.6666666666667
FOXA2,355,54,458,False,False,False,False,289.0
PAX4,200,503,165,False,False,False,False,289.3333333333333
HOXB1,287,303,284,False,False,False,False,291.3333333333333
BMAL1,406,137,339,False,False,False,False,294.0
LMX1B,178,418,292,False,False,False,False,296.0
LHX4,393,57,439,False,False,False,False,296.3333333333333
ATF5,359,166,372,False,False,False,False,299.0
IKZF2,348,65,484,False,False,False,False,299.0
TWIST2,207,453,238,False,False,False,False,299.3333333333333
ATF7,240,576,84,False,False,False,False,300.0
FOSL2,232,359,313,False,False,False,False,301.3333333333333
NKX2-2,382,72,452,False,False,False,False,302.0
MBD1,251,486,175,False,False,False,False,304.0
MESP2,277,455,180,False,False,False,False,304.0
NKX2-5,549,98,267,False,False,False,False,304.6666666666667
ETV5,334,323,263,False,False,False,False,306.6666666666667
PATZ1,311,365,245,False,False,False,False,307.0
RBPJ,314,393,214,False,False,False,False,307.0
PIAS1,392,146,385,False,False,False,False,307.6666666666667
RCOR2,357,124,443,False,False,False,False,308.0
POU2F1,270,269,386,False,False,False,False,308.3333333333333
HOXB13,356,243,327,False,False,False,False,308.6666666666667
ATF6,541,90,303,False,False,False,False,311.3333333333333
NKX2-1,344,441,153,False,False,False,False,312.6666666666667
TCF4,369,282,288,False,False,False,False,313.0
CEBPZ,274,501,168,False,False,False,False,314.3333333333333
TCF20,217,588,139,False,False,False,False,314.6666666666667
FOXO6,388,237,320,False,False,False,False,315.0
ELK1,436,87,429,False,False,False,False,317.3333333333333
POU3F4,422,195,342,False,False,False,False,319.6666666666667
ASCL1,325,260,374,False,False,False,False,319.6666666666667
KCNIP3,281,449,236,False,False,False,False,322.0
NFYC,360,213,394,False,False,False,False,322.3333333333333
MLX,269,587,112,False,False,False,False,322.6666666666667
NCOR1,198,514,256,False,False,False,False,322.6666666666667
ZGPAT,358,192,422,False,False,False,False,324.0
EGR2,244,544,186,False,False,False,False,324.6666666666667
FOXJ1,326,390,259,False,False,False,False,325.0
KDM5D,245,534,196,False,False,False,False,325.0
HOXB3,385,284,310,False,False,False,False,326.3333333333333
HIC1,256,462,264,False,False,False,False,327.3333333333333
TBX21,426,55,503,False,False,False,False,328.0
SPI1,400,189,397,False,False,False,False,328.6666666666667
BARX2,249,421,318,False,False,False,False,329.3333333333333
MEIS2,246,490,253,False,False,False,False,329.6666666666667
TBX3,379,401,216,False,False,False,False,332.0
HHEX,219,557,220,False,False,False,False,332.0
DOT1L,268,372,360,False,False,False,False,333.3333333333333
ISL1,429,51,520,False,False,False,False,333.3333333333333
ZIC2,145,571,286,False,False,False,False,334.0
HOXC8,376,429,198,False,False,False,False,334.3333333333333
TFE3,255,425,324,False,False,False,False,334.6666666666667
RUNX1,420,154,432,False,False,False,False,335.3333333333333
TBX10,215,563,229,False,False,False,False,335.6666666666667
GLI2,223,520,271,False,False,False,False,338.0
PGR,169,526,328,False,False,False,False,341.0
MYRF,390,329,304,False,False,False,False,341.0
HSF1,438,167,418,False,False,False,False,341.0
SRY,322,257,445,False,False,False,False,341.3333333333333
NR1I2,419,115,492,False,False,False,False,342.0
NR4A3,239,361,427,False,False,False,False,342.3333333333333
CEBPG,250,251,527,False,False,False,False,342.6666666666667
ARNT,238,562,234,False,False,False,False,344.6666666666667
CIITA,225,543,270,False,False,False,False,346.0
TEAD2,296,559,184,False,False,False,False,346.3333333333333
NCOA1,224,608,211,False,False,False,False,347.6666666666667
PPARG,275,554,215,False,False,False,False,348.0
MIXL1,468,119,462,False,False,False,False,349.6666666666667
PAX8,303,513,233,False,False,False,False,349.6666666666667
ARID4B,195,578,282,False,False,False,False,351.6666666666667
EGR3,351,199,511,False,False,False,False,353.6666666666667
ZFHX3,230,451,380,False,False,False,False,353.6666666666667
USF1,343,290,430,False,False,False,False,354.3333333333333
TFAP4,362,252,450,False,False,False,False,354.6666666666667
OLIG1,231,475,358,False,False,False,False,354.6666666666667
NFATC3,352,330,383,False,False,False,False,355.0
NRG1,458,73,534,False,False,False,False,355.0
BRCA1,346,255,468,False,False,False,False,356.3333333333333
HOXD10,211,683,177,False,False,False,False,357.0
YAP1,403,259,415,False,False,False,False,359.0
FOXQ1,386,434,260,False,False,False,False,360.0
ZBTB38,571,91,423,False,False,False,False,361.6666666666667
IRF1,329,311,446,False,False,False,False,362.0
CREB5,204,684,201,False,False,False,False,363.0
TLX2,456,271,365,False,False,False,False,364.0
NKX6-3,226,624,244,False,False,False,False,364.6666666666667
SNAI2,470,496,128,False,False,False,False,364.6666666666667
FOXO1,319,450,326,False,False,False,False,365.0
NEUROG1,411,250,437,False,False,False,False,366.0
GTF3A,449,373,276,False,False,False,False,366.0
NKX6-2,423,162,517,False,False,False,False,367.3333333333333
HAND1,572,101,434,False,False,False,False,369.0
ZFX,517,127,463,False,False,False,False,369.0
EHF,299,567,242,False,False,False,False,369.3333333333333
CDX1,516,178,416,False,False,False,False,370.0
JUNB,308,629,174,False,False,False,False,370.3333333333333
CREM,525,99,488,False,False,False,False,370.6666666666667
HDAC3,266,596,252,False,False,False,False,371.3333333333333
TBP,497,209,411,False,False,False,False,372.3333333333333
PBX2,243,614,261,False,False,False,False,372.6666666666667
TBX15,340,342,440,False,False,False,False,374.0
MYBL2,416,184,525,False,False,False,False,375.0
TBR1,341,445,340,False,False,False,False,375.3333333333333
ZBTB18,283,552,291,False,False,False,False,375.3333333333333
KLF17,514,222,393,False,False,False,False,376.3333333333333
UBTF,410,262,459,False,False,False,False,377.0
FOXH1,455,274,404,False,False,False,False,377.6666666666667
RORC,421,221,495,False,False,False,False,379.0
HESX1,494,335,308,False,False,False,False,379.0
NFIL3,339,364,435,False,False,False,False,379.3333333333333
ESRRG,312,565,262,False,False,False,False,379.6666666666667
ESRRA,371,404,368,False,False,False,False,381.0
KLF6,300,638,208,False,False,False,False,382.0
HCFC1,592,159,395,False,False,False,False,382.0
YBX1,328,499,319,False,False,False,False,382.0
ING4,414,235,498,False,False,False,False,382.3333333333333
SMARCB1,279,591,277,False,False,False,False,382.3333333333333
ELF4,271,528,349,False,False,False,False,382.6666666666667
SMAD9,258,616,281,False,False,False,False,385.0
NFE2L3,454,241,460,False,False,False,False,385.0
ARID3B,459,110,591,False,False,False,False,386.6666666666667
ATOH7,498,156,507,False,False,False,False,387.0
EP300,264,661,237,False,False,False,False,387.3333333333333
ARID1B,248,595,323,False,False,False,False,388.6666666666667
TP53,546,93,530,False,False,False,False,389.6666666666667
PRRX1,298,525,346,False,False,False,False,389.6666666666667
ETV6,384,478,315,False,False,False,False,392.3333333333333
RFX5,457,405,317,False,False,False,False,393.0
MED1,309,419,454,False,False,False,False,394.0
FEZF1,424,484,275,False,False,False,False,394.3333333333333
HOXD1,476,374,334,False,False,False,False,394.6666666666667
CTBP2,310,524,354,False,False,False,False,396.0
CDX2,408,272,509,False,False,False,False,396.3333333333333
TFDP3,336,585,272,False,False,False,False,397.6666666666667
DDIT3,483,163,549,False,False,False,False,398.3333333333333
FOXD1,381,477,338,False,False,False,False,398.6666666666667
NFKB,432,279,486,False,False,False,False,399.0
OVOL1,347,375,481,False,False,False,False,401.0
SMARCA1,446,270,491,False,False,False,False,402.3333333333333
FOXN1,265,536,406,False,False,False,False,402.3333333333333
CHD4,460,278,470,False,False,False,False,402.6666666666667
ZNF382,492,218,501,False,False,False,False,403.6666666666667
ZNF236,495,248,472,False,False,False,False,405.0
NR2F2,338,639,239,False,False,False,False,405.3333333333333
BCLAF1,431,339,447,False,False,False,False,405.6666666666667
ATRX,547,205,466,False,False,False,False,406.0
KAT6A,374,485,371,False,False,False,False,410.0
ARID4A,491,280,465,False,False,False,False,412.0
NFIC,404,600,232,False,False,False,False,412.0
CTNNB1,397,468,375,False,False,False,False,413.3333333333333
KLF11,504,186,555,False,False,False,False,415.0
PHF20,321,575,352,False,False,False,False,416.0
NFATC1,433,320,496,False,False,False,False,416.3333333333333
PITX2,591,190,469,False,False,False,False,416.6666666666667
NFE2L1,380,371,499,False,False,False,False,416.6666666666667
PAWR,286,601,364,False,False,False,False,417.0
POU4F3,437,360,456,False,False,False,False,417.6666666666667
MTA3,493,220,540,False,False,False,False,417.6666666666667
GCM1,451,414,389,False,False,False,False,418.0
TGIF1,415,461,379,False,False,False,False,418.3333333333333
POU2F3,301,599,356,False,False,False,False,418.6666666666667
BCL11B,448,247,561,False,False,False,False,418.6666666666667
PPARA,342,615,301,False,False,False,False,419.3333333333333
SOX2,450,388,420,False,False,False,False,419.3333333333333
FOXP1,515,143,604,False,False,False,False,420.6666666666667
ATF2,444,386,433,False,False,False,False,421.0
BACH1,365,604,294,False,False,False,False,421.0
HNF4A,469,230,565,False,False,False,False,421.3333333333333
HMGA1,518,384,363,False,False,False,False,421.6666666666667
ZBTB17,475,313,478,False,False,False,False,422.0
E4F1,509,169,589,False,False,False,False,422.3333333333333
DLX5,447,321,500,False,False,False,False,422.6666666666667
POU3F2,539,351,381,False,False,False,False,423.6666666666667
GLI3,508,413,351,False,False,False,False,424.0
MYC,645,27,600,False,False,False,False,424.0
NR4A1,530,305,438,False,False,False,False,424.3333333333333
SOX10,513,460,300,False,False,False,False,424.3333333333333
SALL4,337,605,333,False,False,False,False,425.0
TEF,482,383,410,False,False,False,False,425.0
AIP,394,546,336,False,False,False,False,425.3333333333333
RFX4,373,452,453,False,False,False,False,426.0
DMRT1,597,112,570,False,False,False,False,426.3333333333333
ZIC1,526,183,571,False,False,False,False,426.6666666666667
TCF12,485,482,322,False,False,False,False,429.6666666666667
NRF1,467,236,586,False,False,False,False,429.6666666666667
PIN1,543,187,559,False,False,False,False,429.6666666666667
EN1,405,430,457,False,False,False,False,430.6666666666667
ETS1,350,719,223,False,False,False,False,430.6666666666667
RXRB,306,603,387,False,False,False,False,432.0
IRF6,313,633,357,False,False,False,False,434.3333333333333
LMO4,412,663,228,False,False,False,False,434.3333333333333
HINFP,506,201,597,False,False,False,False,434.6666666666667
GATA5,528,211,566,False,False,False,False,435.0
KLF7,425,539,343,False,False,False,False,435.6666666666667
TAL1,364,574,369,False,False,False,False,435.6666666666667
ID2,430,516,361,False,False,False,False,435.6666666666667
MTF2,285,488,539,False,False,False,False,437.3333333333333
ZNF395,354,653,312,False,False,False,False,439.6666666666667
OTX2,620,182,521,False,False,False,False,441.0
FLI1,335,678,311,False,False,False,False,441.3333333333333
PLAG1,574,338,413,False,False,False,False,441.6666666666667
LMO2,486,210,630,False,False,False,False,442.0
MKX,401,436,490,False,False,False,False,442.3333333333333
NOTO,323,581,424,False,False,False,False,442.6666666666667
NR3C1,527,439,366,False,False,False,False,444.0
ERG,575,352,405,False,False,False,False,444.0
NR2F1,556,286,494,False,False,False,False,445.3333333333333
JDP2,487,472,384,False,False,False,False,447.6666666666667
DLX4,375,579,391,False,False,False,False,448.3333333333333
ZNF143,568,151,629,False,False,False,False,449.3333333333333
HES1,441,400,508,False,False,False,False,449.6666666666667
SOX11,368,504,479,False,False,False,False,450.3333333333333
TBX5,499,309,553,False,False,False,False,453.6666666666667
GTF2IRD1,302,647,414,False,False,False,False,454.3333333333333
KAT6B,389,627,347,False,False,False,False,454.3333333333333
FOXF2,417,618,331,False,False,False,False,455.3333333333333
FOXL2,333,631,403,False,False,False,False,455.6666666666667
ZNF217,395,621,355,False,False,False,False,457.0
TADA2A,563,295,516,False,False,False,False,458.0
EBF1,511,244,620,False,False,False,False,458.3333333333333
NR2E3,532,232,614,False,False,False,False,459.3333333333333
ETV2,585,370,426,False,False,False,False,460.3333333333333
SREBF1,629,172,583,False,False,False,False,461.3333333333333
RREB1,363,551,474,False,False,False,False,462.6666666666667
GTF2I,607,238,543,False,False,False,False,462.6666666666667
CLOCK,443,521,431,False,False,False,False,465.0
HSF4,398,592,409,False,False,False,False,466.3333333333333
HOPX,315,679,408,False,False,False,False,467.3333333333333
ENO1,435,570,398,False,False,False,False,467.6666666666667
MYF5,545,283,581,False,False,False,False,469.6666666666667
VEZF1,440,548,421,False,False,False,False,469.6666666666667
ZNF202,428,602,382,False,False,False,False,470.6666666666667
TEAD4,366,607,444,False,False,False,False,472.3333333333333
EPAS1,427,517,477,False,False,False,False,473.6666666666667
PAX3,496,423,502,False,False,False,False,473.6666666666667
ZNF423,500,523,399,False,False,False,False,474.0
ZNF24,586,463,378,False,False,False,False,475.6666666666667
FEZF2,471,564,392,False,False,False,False,475.6666666666667
NR5A1,558,347,531,False,False,False,False,478.6666666666667
NHLH1,377,672,390,False,False,False,False,479.6666666666667
NANOG,396,512,532,False,False,False,False,480.0
SIM2,372,654,419,False,False,False,False,481.6666666666667
BHLHE40,604,285,558,False,False,False,False,482.3333333333333
MYBL1,320,693,441,False,False,False,False,484.6666666666667
ABL1,643,341,473,False,False,False,False,485.6666666666667
PAX2,561,291,607,False,False,False,False,486.3333333333333
FOXP3,465,481,519,False,False,False,False,488.3333333333333
KLF13,463,511,497,False,False,False,False,490.3333333333333
SSRP1,579,498,401,False,False,False,False,492.6666666666667
TGFB1I1,529,457,493,False,False,False,False,493.0
ID1,473,522,485,False,False,False,False,493.3333333333333
NKX6-1,552,356,573,False,False,False,False,493.6666666666667
NPM1,587,240,658,False,False,False,False,495.0
STAT5B,464,681,344,False,False,False,False,496.3333333333333
NFIX,490,403,603,False,False,False,False,498.6666666666667
HES5,654,175,671,False,False,False,False,500.0
FOXO3,651,389,461,False,False,False,False,500.3333333333333
SPIC,612,402,489,False,False,False,False,501.0
NR1H3,361,594,552,False,False,False,False,502.3333333333333
SFPQ,610,324,577,False,False,False,False,503.6666666666667
MYT1,522,446,551,False,False,False,False,506.3333333333333
CREBBP,534,442,546,False,False,False,False,507.3333333333333
HDAC7,503,740,279,False,False,False,False,507.3333333333333
MYOD1,453,645,425,False,False,False,False,507.6666666666667
KMT2A,599,242,683,False,False,False,False,508.0
MAML1,413,666,448,False,False,False,False,509.0
MYB,578,318,631,False,False,False,False,509.0
IRX4,631,297,602,False,False,False,False,510.0
ZNF804A,391,619,528,False,False,False,False,512.6666666666666
SRSF2,668,144,728,False,False,False,False,513.3333333333334
HLF,445,584,513,False,False,False,False,514.0
STAT5A,554,467,522,False,False,False,False,514.3333333333334
DEAF1,577,349,617,False,False,False,False,514.3333333333334
KLF3,542,328,675,False,False,False,False,515.0
RARB,481,540,529,False,False,False,False,516.6666666666666
HOXB6,480,505,567,False,False,False,False,517.3333333333334
PEG3,442,632,487,False,False,False,False,520.3333333333334
ZNF91,505,617,442,False,False,False,False,521.3333333333334
HNF1B,706,177,681,False,False,False,False,521.3333333333334
ESRRB,409,609,548,False,False,False,False,522.0
MEF2D,538,466,574,False,False,False,False,526.0
GBX2,633,312,634,False,False,False,False,526.3333333333334
MSX2,452,651,476,False,False,False,False,526.3333333333334
HDAC5,614,382,584,False,False,False,False,526.6666666666666
FHL2,641,542,400,False,False,False,False,527.6666666666666
CTCFL,439,670,475,False,False,False,False,528.0
NR5A2,562,509,515,False,False,False,False,528.6666666666666
MEF2C,507,415,665,False,False,False,False,529.0
HOXB4,520,545,526,False,False,False,False,530.3333333333334
PHOX2A,602,346,647,False,False,False,False,531.6666666666666
MYOCD,560,435,601,False,False,False,False,532.0
SMAD2,479,667,451,False,False,False,False,532.3333333333334
KDM5A,519,422,661,False,False,False,False,534.0
SOX18,569,348,687,False,False,False,False,534.6666666666666
STAT4,628,301,685,False,False,False,False,538.0
ZNF384,551,527,537,False,False,False,False,538.3333333333334
SRF,637,566,417,False,False,False,False,540.0
MXD1,472,685,467,False,False,False,False,541.3333333333334
PTF1A,619,310,696,False,False,False,False,541.6666666666666
SP7,646,397,582,False,False,False,False,541.6666666666666
ZBED1,740,133,756,False,False,False,False,543.0
ZGLP1,581,408,642,False,False,False,False,543.6666666666666
MLXIP,582,500,550,False,False,False,False,544.0
RFX3,418,731,483,False,False,False,False,544.0
DLX2,634,367,639,False,False,False,False,546.6666666666666
IRF8,715,196,729,False,False,False,False,546.6666666666666
PAX7,461,656,524,False,False,False,False,547.0
MAFK,462,558,628,False,False,False,False,549.3333333333334
ZNF354C,601,363,694,False,False,False,False,552.6666666666666
HOXA4,524,686,449,False,False,False,False,553.0
TFAM,707,293,659,False,False,False,False,553.0
HEY2,537,573,554,False,False,False,False,554.6666666666666
MBD2,510,507,650,False,False,False,False,555.6666666666666
HAND2,550,495,625,False,False,False,False,556.6666666666666
NEUROG3,701,298,672,False,False,False,False,557.0
E2F6,502,622,547,False,False,False,False,557.0
PAX6,615,492,564,False,False,False,False,557.0
KLF1,593,469,610,False,False,False,False,557.3333333333334
FOXA3,559,506,611,False,False,False,False,558.6666666666666
MNT,466,700,510,False,False,False,False,558.6666666666666
GLIS3,548,497,632,False,False,False,False,559.0
NCOA3,648,392,643,False,False,False,False,561.0
CREB3,536,721,436,False,False,False,False,564.3333333333334
TRERF1,484,649,562,False,False,False,False,565.0
KAT2B,544,698,455,False,False,False,False,565.6666666666666
GATA2,729,399,572,False,False,False,False,566.6666666666666
NFE2,613,589,505,False,False,False,False,569.0
KLF15,478,715,514,False,False,False,False,569.0
FEV,474,689,544,False,False,False,False,569.0
LRRFIP1,533,642,533,False,False,False,False,569.3333333333334
IRF2,565,677,471,False,False,False,False,571.0
TFAP2A,636,519,560,False,False,False,False,571.6666666666666
ZBTB16,566,641,518,False,False,False,False,575.0
POU4F1,722,470,541,False,False,False,False,577.6666666666666
IRF9,555,561,618,False,False,False,False,578.0
ETV1,523,753,464,False,False,False,False,580.0
NEUROG2,680,538,523,False,False,False,False,580.3333333333334
HOXB2,647,489,608,False,False,False,False,581.3333333333334
EBF3,501,705,545,False,False,False,False,583.6666666666666
ZBTB32,617,555,579,False,False,False,False,583.6666666666666
SOX17,743,350,660,False,False,False,False,584.3333333333334
TFCP2,600,727,428,False,False,False,False,585.0
IRF2BPL,580,620,557,False,False,False,False,585.6666666666666
ZNF436,630,409,724,False,False,False,False,587.6666666666666
EMX2,653,437,674,False,False,False,False,588.0
ETV7,606,655,504,False,False,False,False,588.3333333333334
BHLHE41,745,433,592,False,False,False,False,590.0
HIF3A,625,613,538,False,False,False,False,592.0
CTCF,686,407,686,False,False,False,False,593.0
NFKBIB,661,640,480,False,False,False,False,593.6666666666666
ZBTB7A,609,547,627,False,False,False,False,594.3333333333334
IKZF3,632,465,688,False,False,False,False,595.0
HBP1,596,708,482,False,False,False,False,595.3333333333334
SP2,594,541,652,False,False,False,False,595.6666666666666
HOXA11,512,734,542,False,False,False,False,596.0
PARK7,589,606,599,False,False,False,False,598.0
SMAD1,489,730,580,False,False,False,False,599.6666666666666
STOX1,672,428,700,False,False,False,False,600.0
ELF1,573,671,556,False,False,False,False,600.0
HOXD4,553,644,605,False,False,False,False,600.6666666666666
BTG2,685,530,588,False,False,False,False,601.0
MTA1,535,590,678,False,False,False,False,601.0
BHLHA15,477,743,593,False,False,False,False,604.3333333333334
SON,698,377,742,False,False,False,False,605.6666666666666
FOXD3,488,706,623,False,False,False,False,605.6666666666666
POU2F2,669,410,739,False,False,False,False,606.0
NCOA2,521,711,590,False,False,False,False,607.3333333333334
NEUROD6,576,738,512,False,False,False,False,608.6666666666666
AIRE,642,532,653,False,False,False,False,609.0
NR1I3,691,510,635,False,False,False,False,612.0
CEBPE,616,659,563,False,False,False,False,612.6666666666666
ARX,603,556,680,False,False,False,False,613.0
TCF15,595,634,615,False,False,False,False,614.6666666666666
ERF,583,704,569,False,False,False,False,618.6666666666666
SATB2,611,582,664,False,False,False,False,619.0
SIN3A,605,635,619,False,False,False,False,619.6666666666666
HEYL,540,744,576,False,False,False,False,620.0
SMAD3,670,687,506,False,False,False,False,621.0
TFEB,674,493,697,False,False,False,False,621.3333333333334
TCF7L1,650,572,651,False,False,False,False,624.3333333333334
MAFG,557,668,649,False,False,False,False,624.6666666666666
PAX5,682,598,595,False,False,False,False,625.0
TAF1,719,447,712,False,False,False,False,626.0
KDM2A,652,690,536,False,False,False,False,626.0
PROP1,690,458,730,False,False,False,False,626.0
TBX20,588,657,633,False,False,False,False,626.0
MYF6,564,703,612,False,False,False,False,626.3333333333334
NFYB,644,597,638,False,False,False,False,626.3333333333334
OLIG2,679,535,666,False,False,False,False,626.6666666666666
HOXC13,705,471,705,False,False,False,False,627.0
MYOG,666,518,703,False,False,False,False,629.0
KDM5C,658,560,669,False,False,False,False,629.0
PRDM4,664,628,596,False,False,False,False,629.3333333333334
SOX9,720,431,744,False,False,False,False,631.6666666666666
SOX3,608,636,654,False,False,False,False,632.6666666666666
NFIA,584,746,568,False,False,False,False,632.6666666666666
JARID2,570,726,606,False,False,False,False,634.0
PA2G4,567,751,585,False,False,False,False,634.3333333333334
KLF5,700,568,636,False,False,False,False,634.6666666666666
HOXA5,640,669,598,False,False,False,False,635.6666666666666
TCF3,623,664,621,False,False,False,False,636.0
EWSR1,697,508,707,False,False,False,False,637.3333333333334
POU2AF1,590,736,587,False,False,False,False,637.6666666666666
HDAC9,753,476,689,False,False,False,False,639.3333333333334
AHR,635,750,535,False,False,False,False,640.0
NR1D1,665,646,613,False,False,False,False,641.3333333333334
HNF4G,742,483,702,False,False,False,False,642.3333333333334
IKZF4,659,580,692,False,False,False,False,643.6666666666666
PML,531,745,657,False,False,False,False,644.3333333333334
MAFA,744,494,695,False,False,False,False,644.3333333333334
NUPR1,693,537,704,False,False,False,False,644.6666666666666
GFI1B,683,593,662,False,False,False,False,646.0
RLF,622,701,616,False,False,False,False,646.3333333333334
MLXIPL,598,766,578,False,False,False,False,647.3333333333334
ARID3A,699,502,753,False,False,False,False,651.3333333333334
PAX9,660,722,575,False,False,False,False,652.3333333333334
BCL6,728,474,759,False,False,False,False,653.6666666666666
FOXF1,618,643,701,False,False,False,False,654.0
LITAF,735,480,749,False,False,False,False,654.6666666666666
THRA,677,652,637,False,False,False,False,655.3333333333334
ID3,663,682,622,False,False,False,False,655.6666666666666
NHLH2,757,473,751,False,False,False,False,660.3333333333334
NR4A2,689,625,670,False,False,False,False,661.3333333333334
DNMT3B,684,674,626,False,False,False,False,661.3333333333334
ZFPM2,713,610,667,False,False,False,False,663.3333333333334
SOX6,639,718,640,False,False,False,False,665.6666666666666
FOXO4,676,676,648,False,False,False,False,666.6666666666666
NR2C2,747,660,594,False,False,False,False,667.0
KLF9,749,531,722,False,False,False,False,667.3333333333334
KLF2,662,658,684,False,False,False,False,668.0
NCOR2,657,692,656,False,False,False,False,668.3333333333334
SF1,673,626,713,False,False,False,False,670.6666666666666
SIRT1,627,720,679,False,False,False,False,675.3333333333334
PURA,655,673,698,False,False,False,False,675.3333333333334
MSC,656,665,708,False,False,False,False,676.3333333333334
KLF10,696,696,655,False,False,False,False,682.3333333333334
MEOX2,721,612,717,False,False,False,False,683.3333333333334
NR1D2,766,515,769,False,False,False,False,683.3333333333334
TBPL2,732,680,641,False,False,False,False,684.3333333333334
FOXA1,726,583,748,False,False,False,False,685.6666666666666
VSX2,626,742,691,False,False,False,False,686.3333333333334
PBRM1,718,630,716,False,False,False,False,688.0
HES6,667,737,663,False,False,False,False,689.0
POU1F1,762,553,755,False,False,False,False,690.0
TFAP2D,702,623,745,False,False,False,False,690.0
SNAI1,710,723,645,False,False,False,False,692.6666666666666
RFX2,761,550,770,False,False,False,False,693.6666666666666
SMARCA5,695,713,677,False,False,False,False,695.0
ZFP64,671,733,682,False,False,False,False,695.3333333333334
FOSL1,678,702,706,False,False,False,False,695.3333333333334
KLF4,716,749,624,False,False,False,False,696.3333333333334
DLX1,756,569,764,False,False,False,False,696.3333333333334
FOXI1,638,761,693,False,False,False,False,697.3333333333334
DNMT1,649,732,714,False,False,False,False,698.3333333333334
PBX1,731,611,754,False,False,False,False,698.6666666666666
HOXD8,621,754,725,False,False,False,False,700.0
SP4,738,716,646,False,False,False,False,700.0
INSM1,624,741,740,False,False,False,False,701.6666666666666
PKNOX1,770,577,766,False,False,False,False,704.3333333333334
MXI1,736,769,609,False,False,False,False,704.6666666666666
SMARCC1,733,714,673,False,False,False,False,706.6666666666666
IKZF1,765,586,771,False,False,False,False,707.3333333333334
LMX1A,737,637,757,False,False,False,False,710.3333333333334
MNX1,675,757,699,False,False,False,False,710.3333333333334
POU5F1,687,707,737,False,False,False,False,710.3333333333334
SALL3,703,755,676,False,False,False,False,711.3333333333334
BCL3,711,699,732,False,False,False,False,714.0
SP6,724,728,690,False,False,False,False,714.0
RB1,681,748,715,False,False,False,False,714.6666666666666
TSC22D1,746,662,738,False,False,False,False,715.3333333333334
SOX4,755,752,644,False,False,False,False,717.0
FOXN4,771,648,733,False,False,False,False,717.3333333333334
HEY1,730,691,731,False,False,False,False,717.3333333333334
ZFPM1,717,729,710,False,False,False,False,718.6666666666666
TOX3,723,767,668,False,False,False,False,719.3333333333334
TCF7L2,714,709,736,False,False,False,False,719.6666666666666
NFX1,764,675,721,False,False,False,False,720.0
HIVEP3,709,724,734,False,False,False,False,722.3333333333334
TTF1,688,770,709,False,False,False,False,722.3333333333334
PDX1,750,694,727,False,False,False,False,723.6666666666666
GLI1,694,759,719,False,False,False,False,724.0
HOXB5,712,739,723,False,False,False,False,724.6666666666666
NR6A1,768,650,761,False,False,False,False,726.3333333333334
ZBTB14,748,712,720,False,False,False,False,726.6666666666666
PPARGC1A,692,765,726,False,False,False,False,727.6666666666666
GABPA,734,710,743,False,False,False,False,729.0
NR1H2,725,717,750,False,False,False,False,730.6666666666666
GATA3,759,688,763,False,False,False,False,736.6666666666666
MSX1,708,763,741,False,False,False,False,737.3333333333334
GFI1,760,695,765,False,False,False,False,740.0
MTA2,739,747,735,False,False,False,False,740.3333333333334
NRL,763,697,762,False,False,False,False,740.6666666666666
BACH2,751,725,747,False,False,False,False,741.0
VSX1,704,764,760,False,False,False,False,742.6666666666666
DACH1,727,756,746,False,False,False,False,743.0
NR1H4,754,758,718,False,False,False,False,743.3333333333334
NR2F6,752,768,711,False,False,False,False,743.6666666666666
NR0B1,741,760,752,False,False,False,False,751.0
ZNF76,769,735,768,False,False,False,False,757.3333333333334
SATB1,758,762,758,False,False,False,False,759.3333333333334
ZNF160,767,771,767,False,False,False,False,768.3333333333334
