target,n_sig,n_total,pct_sig,odds_ratio,pvalue,padj
TUBB,22,24,91.66666666666667,18.589792060491494,5.2507244920459904e-08,1.7327390823751768e-05
TUBB1,9,9,100.0,inf,0.00016160383738446585,0.026664633168436865
TUBA1A,8,8,100.0,inf,0.0004282650497168441,0.03533186660163964
TUBA4A,8,8,100.0,inf,0.0004282650497168441,0.03533186660163964
AKT3,6,6,100.0,inf,0.0029973931083528073,0.1978279451512853
TUBB4B,7,8,87.5,11.516544117647058,0.006071286881279965,0.23748576166179935
TUBA3C,5,5,100.0,inf,0.007916192055393312,0.23748576166179935
TUBA1B,5,5,100.0,inf,0.007916192055393312,0.23748576166179935
TUBB4A,5,5,100.0,inf,0.007916192055393312,0.23748576166179935
TUBB3,5,5,100.0,inf,0.007916192055393312,0.23748576166179935
TUBA1C,5,5,100.0,inf,0.007916192055393312,0.23748576166179935
AKT1,9,12,75.0,4.942804428044281,0.010332188831421568,0.27938569576699523
MTOR,19,32,59.375,2.4258241758241756,0.011006103166578601,0.27938569576699523
AKT2,6,7,85.71428571428571,9.853211009174313,0.01417989508649624,0.3342403841816971
HSP90AA1,7,9,77.77777777777777,5.751838235294118,0.01835534934644431,0.40381768562177484
RARB,4,4,100.0,inf,0.020883117250333726,0.4307142932881331
OPRK1,6,8,75.0,4.921100917431192,0.03850571970214507,0.6725617080379175
NR3C1,15,27,55.55555555555556,2.0615671641791047,0.047487738336887235,0.6725617080379175
SLC7A11,3,3,100.0,inf,0.055027776112193255,0.6725617080379175
TUBA3D,3,3,100.0,inf,0.055027776112193255,0.6725617080379175
TUBA3E,3,3,100.0,inf,0.055027776112193255,0.6725617080379175
TUBB2B,3,3,100.0,inf,0.055027776112193255,0.6725617080379175
DHFR,3,3,100.0,inf,0.055027776112193255,0.6725617080379175
TUBB2A,3,3,100.0,inf,0.055027776112193255,0.6725617080379175
XPO1,3,3,100.0,inf,0.055027776112193255,0.6725617080379175
TUBB8,3,3,100.0,inf,0.055027776112193255,0.6725617080379175
TUBB6,3,3,100.0,inf,0.055027776112193255,0.6725617080379175
MAOA,4,5,80.0,6.544789762340036,0.07275081803009541,0.857420355354696
PLK1,5,7,71.42857142857143,4.093406593406593,0.0783359160508448,0.8668710645490125
NR1I2,6,9,66.66666666666667,3.2770642201834863,0.0788064604135466,0.8668710645490125
PIK3CA,11,21,52.38095238095238,1.8048148148148149,0.12923055563858796,1.0
OPRD1,5,8,62.5,2.725885225885226,0.14471957663201104,1.0
TNF,5,8,62.5,2.725885225885226,0.14471957663201104,1.0
IMPDH1,5,8,62.5,2.725885225885226,0.14471957663201104,1.0
OPRM1,5,8,62.5,2.725885225885226,0.14471957663201104,1.0
PLA2G1B,4,6,66.66666666666667,3.2687385740402193,0.1532320805090945,1.0
CYP3A5,4,6,66.66666666666667,3.2687385740402193,0.1532320805090945,1.0
PPARA,4,6,66.66666666666667,3.2687385740402193,0.1532320805090945,1.0
CHUK,3,4,75.0,4.899635036496351,0.15746175269777185,1.0
HCK,3,4,75.0,4.899635036496351,0.15746175269777185,1.0
RARA,3,4,75.0,4.899635036496351,0.15746175269777185,1.0
CACNA1G,3,4,75.0,4.899635036496351,0.15746175269777185,1.0
MAOB,3,4,75.0,4.899635036496351,0.15746175269777185,1.0
SRC,7,13,53.84615384615385,1.9087009803921569,0.18590599925882936,1.0
ERBB2,12,25,48.0,1.5122020836306551,0.20403099858862647,1.0
BCL2,6,11,54.54545454545455,1.961834862385321,0.2050246876190374,1.0
IKBKB,5,9,55.55555555555556,2.042124542124542,0.22711097190509147,1.0
CA2,4,7,57.142857142857146,2.176721511273614,0.2530936331200941,1.0
ADORA1,4,7,57.142857142857146,2.176721511273614,0.2530936331200941,1.0
ERBB4,4,7,57.142857142857146,2.176721511273614,0.2530936331200941,1.0
CA1,4,7,57.142857142857146,2.176721511273614,0.2530936331200941,1.0
EGFR,20,46,43.47826086956522,1.2603215993046502,0.2680355284918631,1.0
ACHE,3,5,60.0,2.447080291970803,0.28452815469928655,1.0
TRPV1,3,5,60.0,2.447080291970803,0.28452815469928655,1.0
SCN4A,3,5,60.0,2.447080291970803,0.28452815469928655,1.0
PPARG,3,5,60.0,2.447080291970803,0.28452815469928655,1.0
ADORA3,3,5,60.0,2.447080291970803,0.28452815469928655,1.0
STAT3,3,5,60.0,2.447080291970803,0.28452815469928655,1.0
KIF11,3,5,60.0,2.447080291970803,0.28452815469928655,1.0
SLC12A1,3,5,60.0,2.447080291970803,0.28452815469928655,1.0
ADORA2B,3,5,60.0,2.447080291970803,0.28452815469928655,1.0
PRKACA,3,5,60.0,2.447080291970803,0.28452815469928655,1.0
TOP1,6,12,50.0,1.6330275229357798,0.28454734789990266,1.0
FLT3,10,22,45.45454545454545,1.361675908810844,0.305597711395472,1.0
CSF1R,5,10,50.0,1.6318681318681318,0.3191051473226562,1.0
AGTR1,2,3,66.66666666666667,3.2604735883424407,0.3244533903008553,1.0
CYP2B6,2,3,66.66666666666667,3.2604735883424407,0.3244533903008553,1.0
DNMT3A,2,3,66.66666666666667,3.2604735883424407,0.3244533903008553,1.0
EPHB4,2,3,66.66666666666667,3.2604735883424407,0.3244533903008553,1.0
FGR,2,3,66.66666666666667,3.2604735883424407,0.3244533903008553,1.0
FRK,2,3,66.66666666666667,3.2604735883424407,0.3244533903008553,1.0
IL1B,2,3,66.66666666666667,3.2604735883424407,0.3244533903008553,1.0
SLC12A2,2,3,66.66666666666667,3.2604735883424407,0.3244533903008553,1.0
HIF1A,2,3,66.66666666666667,3.2604735883424407,0.3244533903008553,1.0
CA7,2,3,66.66666666666667,3.2604735883424407,0.3244533903008553,1.0
RARG,2,3,66.66666666666667,3.2604735883424407,0.3244533903008553,1.0
YES1,2,3,66.66666666666667,3.2604735883424407,0.3244533903008553,1.0
NOS3,2,3,66.66666666666667,3.2604735883424407,0.3244533903008553,1.0
TLR4,2,3,66.66666666666667,3.2604735883424407,0.3244533903008553,1.0
MIF,2,3,66.66666666666667,3.2604735883424407,0.3244533903008553,1.0
PDGFRA,9,20,45.0,1.335961086883596,0.33586397965064624,1.0
CHEK1,5,11,45.45454545454545,1.3583638583638584,0.414172197075672,1.0
PTPN1,3,6,50.0,1.6295620437956204,0.41582422888947845,1.0
ATP1A1,3,6,50.0,1.6295620437956204,0.41582422888947845,1.0
ESR1,8,19,42.10526315789474,1.185334003013561,0.44275511349980873,1.0
LCK,4,9,44.44444444444444,1.303107861060329,0.4689530637706455,1.0
KCNN4,2,4,50.0,1.6284153005464481,0.4914450279039388,1.0
MMP13,2,4,50.0,1.6284153005464481,0.4914450279039388,1.0
KCNJ11,2,4,50.0,1.6284153005464481,0.4914450279039388,1.0
CYP2C19,2,4,50.0,1.6284153005464481,0.4914450279039388,1.0
GPER1,2,4,50.0,1.6284153005464481,0.4914450279039388,1.0
HDAC11,2,4,50.0,1.6284153005464481,0.4914450279039388,1.0
CACNB1,2,4,50.0,1.6284153005464481,0.4914450279039388,1.0
CYP2C9,2,4,50.0,1.6284153005464481,0.4914450279039388,1.0
CYP3A7,2,4,50.0,1.6284153005464481,0.4914450279039388,1.0
CYP2D6,2,4,50.0,1.6284153005464481,0.4914450279039388,1.0
ATR,2,4,50.0,1.6284153005464481,0.4914450279039388,1.0
MAP2,2,4,50.0,1.6284153005464481,0.4914450279039388,1.0
KCNH1,2,4,50.0,1.6284153005464481,0.4914450279039388,1.0
PKIA,2,4,50.0,1.6284153005464481,0.4914450279039388,1.0
SCN9A,2,4,50.0,1.6284153005464481,0.4914450279039388,1.0
SCN3A,2,4,50.0,1.6284153005464481,0.4914450279039388,1.0
SCN7A,2,4,50.0,1.6284153005464481,0.4914450279039388,1.0
SCN8A,2,4,50.0,1.6284153005464481,0.4914450279039388,1.0
PTK2,2,4,50.0,1.6284153005464481,0.4914450279039388,1.0
SCN11A,2,4,50.0,1.6284153005464481,0.4914450279039388,1.0
CA12,2,4,50.0,1.6284153005464481,0.4914450279039388,1.0
ADA,2,4,50.0,1.6284153005464481,0.4914450279039388,1.0
SCN2A,2,4,50.0,1.6284153005464481,0.4914450279039388,1.0
BRAF,5,12,41.666666666666664,1.163003663003663,0.5067613750583644,1.0
FLT4,8,20,40.0,1.0853284223449968,0.5140158693992504,1.0
GABRA1,6,15,40.0,1.0850152905198778,0.5363784276836512,1.0
HDAC2,6,15,40.0,1.0850152905198778,0.5363784276836512,1.0
KIT,9,23,39.130434782608695,1.0461254612546125,0.5376413921027059,1.0
CDK9,3,7,42.857142857142854,1.2208029197080292,0.5378721757165168,1.0
IMPDH2,3,7,42.857142857142854,1.2208029197080292,0.5378721757165168,1.0
CACNA1C,3,7,42.857142857142854,1.2208029197080292,0.5378721757165168,1.0
SCN5A,3,7,42.857142857142854,1.2208029197080292,0.5378721757165168,1.0
MDM2,3,7,42.857142857142854,1.2208029197080292,0.5378721757165168,1.0
SYK,3,7,42.857142857142854,1.2208029197080292,0.5378721757165168,1.0
SERPINA6,3,7,42.857142857142854,1.2208029197080292,0.5378721757165168,1.0
HMGCR,3,7,42.857142857142854,1.2208029197080292,0.5378721757165168,1.0
KDR,16,42,38.095238095238095,1.0007189072609632,0.5583476435330184,1.0
PIK3CG,7,18,38.888888888888886,1.0352606951871657,0.5608979456488836,1.0
PDGFRB,9,24,37.5,0.9752767527675277,0.6004198479280904,1.0
DRD1,2,5,40.0,1.0843958712811173,0.6293896100403735,1.0
ADRB3,2,5,40.0,1.0843958712811173,0.6293896100403735,1.0
ALOX5,2,5,40.0,1.0843958712811173,0.6293896100403735,1.0
DNMT1,2,5,40.0,1.0843958712811173,0.6293896100403735,1.0
CA4,2,5,40.0,1.0843958712811173,0.6293896100403735,1.0
CA14,2,5,40.0,1.0843958712811173,0.6293896100403735,1.0
PRKCA,2,5,40.0,1.0843958712811173,0.6293896100403735,1.0
MMP2,2,5,40.0,1.0843958712811173,0.6293896100403735,1.0
NOS2,2,5,40.0,1.0843958712811173,0.6293896100403735,1.0
TSPO,2,5,40.0,1.0843958712811173,0.6293896100403735,1.0
MAPK8,2,5,40.0,1.0843958712811173,0.6293896100403735,1.0
LYN,2,5,40.0,1.0843958712811173,0.6293896100403735,1.0
SCN1A,2,5,40.0,1.0843958712811173,0.6293896100403735,1.0
RELA,2,5,40.0,1.0843958712811173,0.6293896100403735,1.0
DRD2,7,19,36.8421052631579,0.9479166666666666,0.629814597735844,1.0
FLT1,7,19,36.8421052631579,0.9479166666666666,0.629814597735844,1.0
TOP2A,7,19,36.8421052631579,0.9479166666666666,0.629814597735844,1.0
VDR,3,8,37.5,0.9755474452554744,0.6437148673815205,1.0
SCN10A,3,8,37.5,0.9755474452554744,0.6437148673815205,1.0
GABRA2,4,11,36.36363636363637,0.9287020109689214,0.6572399476847147,1.0
ESR2,4,11,36.36363636363637,0.9287020109689214,0.6572399476847147,1.0
PGR,5,14,35.714285714285715,0.9025234025234026,0.6697617299772097,1.0
CYP19A1,3,9,33.333333333333336,0.8120437956204379,0.731095769186958,1.0
IGF1R,3,9,33.333333333333336,0.8120437956204379,0.731095769186958,1.0
MAPK14,4,12,33.333333333333336,0.8117001828153565,0.7324792339978898,1.0
TYMS,4,12,33.333333333333336,0.8117001828153565,0.7324792339978898,1.0
GABRA5,4,12,33.333333333333336,0.8117001828153565,0.7324792339978898,1.0
GABRA3,4,12,33.333333333333336,0.8117001828153565,0.7324792339978898,1.0
GABRQ,2,6,33.333333333333336,0.8123861566484517,0.7361723006158212,1.0
GABRP,2,6,33.333333333333336,0.8123861566484517,0.7361723006158212,1.0
GABRE,2,6,33.333333333333336,0.8123861566484517,0.7361723006158212,1.0
INSR,2,6,33.333333333333336,0.8123861566484517,0.7361723006158212,1.0
GABRG3,2,6,33.333333333333336,0.8123861566484517,0.7361723006158212,1.0
GABRD,2,6,33.333333333333336,0.8123861566484517,0.7361723006158212,1.0
GABRG1,2,6,33.333333333333336,0.8123861566484517,0.7361723006158212,1.0
GRIN2D,2,6,33.333333333333336,0.8123861566484517,0.7361723006158212,1.0
CDK6,2,6,33.333333333333336,0.8123861566484517,0.7361723006158212,1.0
ADRB2,5,15,33.333333333333336,0.8113553113553114,0.7364533811239891,1.0
PIK3CD,5,15,33.333333333333336,0.8113553113553114,0.7364533811239891,1.0
MET,5,15,33.333333333333336,0.8113553113553114,0.7364533811239891,1.0
HTR2A,6,18,33.333333333333336,0.8110091743119267,0.7415986719466194,1.0
PRKCE,1,3,33.333333333333336,0.8127272727272727,0.762882344298769,1.0
CACNA1D,1,3,33.333333333333336,0.8127272727272727,0.762882344298769,1.0
CACNB3,1,3,33.333333333333336,0.8127272727272727,0.762882344298769,1.0
CACNA1F,1,3,33.333333333333336,0.8127272727272727,0.762882344298769,1.0
CACNA1S,1,3,33.333333333333336,0.8127272727272727,0.762882344298769,1.0
CACNB4,1,3,33.333333333333336,0.8127272727272727,0.762882344298769,1.0
PARP2,1,3,33.333333333333336,0.8127272727272727,0.762882344298769,1.0
PLK3,1,3,33.333333333333336,0.8127272727272727,0.762882344298769,1.0
OPRL1,1,3,33.333333333333336,0.8127272727272727,0.762882344298769,1.0
CACNB2,1,3,33.333333333333336,0.8127272727272727,0.762882344298769,1.0
PDPK1,1,3,33.333333333333336,0.8127272727272727,0.762882344298769,1.0
MMP12,1,3,33.333333333333336,0.8127272727272727,0.762882344298769,1.0
CCR2,1,3,33.333333333333336,0.8127272727272727,0.762882344298769,1.0
GPR55,1,3,33.333333333333336,0.8127272727272727,0.762882344298769,1.0
GABBR1,1,3,33.333333333333336,0.8127272727272727,0.762882344298769,1.0
EDNRA,1,3,33.333333333333336,0.8127272727272727,0.762882344298769,1.0
HTR4,1,3,33.333333333333336,0.8127272727272727,0.762882344298769,1.0
SIRT1,1,3,33.333333333333336,0.8127272727272727,0.762882344298769,1.0
CETP,1,3,33.333333333333336,0.8127272727272727,0.762882344298769,1.0
CHRNA7,1,3,33.333333333333336,0.8127272727272727,0.762882344298769,1.0
GPR119,1,3,33.333333333333336,0.8127272727272727,0.762882344298769,1.0
EPHA2,1,3,33.333333333333336,0.8127272727272727,0.762882344298769,1.0
DPYD,1,3,33.333333333333336,0.8127272727272727,0.762882344298769,1.0
DHODH,1,3,33.333333333333336,0.8127272727272727,0.762882344298769,1.0
CXCR2,1,3,33.333333333333336,0.8127272727272727,0.762882344298769,1.0
ALDH2,1,3,33.333333333333336,0.8127272727272727,0.762882344298769,1.0
CXCR1,1,3,33.333333333333336,0.8127272727272727,0.762882344298769,1.0
TYK2,1,3,33.333333333333336,0.8127272727272727,0.762882344298769,1.0
BTK,1,3,33.333333333333336,0.8127272727272727,0.762882344298769,1.0
PRKCG,1,3,33.333333333333336,0.8127272727272727,0.762882344298769,1.0
PRKDC,1,3,33.333333333333336,0.8127272727272727,0.762882344298769,1.0
PDE5A,1,3,33.333333333333336,0.8127272727272727,0.762882344298769,1.0
AR,5,16,31.25,0.7367632367632367,0.7927212863893963,1.0
KCNH2,4,13,30.76923076923077,0.7206987609181393,0.7945581991510601,1.0
ADRB1,4,13,30.76923076923077,0.7206987609181393,0.7945581991510601,1.0
HDAC1,7,22,31.818181818181817,0.7557598039215686,0.7950143439216296,1.0
GABRB2,3,10,30.0,0.6952554744525548,0.8006289525230949,1.0
HTR7,3,10,30.0,0.6952554744525548,0.8006289525230949,1.0
NTRK1,2,7,28.571428571428573,0.6491803278688525,0.8154923505755429,1.0
MAPK11,2,7,28.571428571428573,0.6491803278688525,0.8154923505755429,1.0
TGFBR1,2,7,28.571428571428573,0.6491803278688525,0.8154923505755429,1.0
RRM2,2,7,28.571428571428573,0.6491803278688525,0.8154923505755429,1.0
PARP1,2,7,28.571428571428573,0.6491803278688525,0.8154923505755429,1.0
GABRA4,2,7,28.571428571428573,0.6491803278688525,0.8154923505755429,1.0
CDK7,2,7,28.571428571428573,0.6491803278688525,0.8154923505755429,1.0
GRIN1,2,7,28.571428571428573,0.6491803278688525,0.8154923505755429,1.0
GABRB1,2,7,28.571428571428573,0.6491803278688525,0.8154923505755429,1.0
CDK2,5,17,29.41176470588235,0.6746031746031746,0.839119698837461,1.0
PIK3CB,4,14,28.571428571428573,0.6478976234003656,0.8444767868206002,1.0
RET,4,14,28.571428571428573,0.6478976234003656,0.8444767868206002,1.0
HTR1F,1,4,25.0,0.5412121212121213,0.8533614497637124,1.0
MAPK1,1,4,25.0,0.5412121212121213,0.8533614497637124,1.0
MAPK12,1,4,25.0,0.5412121212121213,0.8533614497637124,1.0
MMP8,1,4,25.0,0.5412121212121213,0.8533614497637124,1.0
RPS6KB1,1,4,25.0,0.5412121212121213,0.8533614497637124,1.0
BRD3,1,4,25.0,0.5412121212121213,0.8533614497637124,1.0
RPL3,1,4,25.0,0.5412121212121213,0.8533614497637124,1.0
FAAH,1,4,25.0,0.5412121212121213,0.8533614497637124,1.0
KCNK2,1,4,25.0,0.5412121212121213,0.8533614497637124,1.0
GSK3A,1,4,25.0,0.5412121212121213,0.8533614497637124,1.0
ADORA2A,1,4,25.0,0.5412121212121213,0.8533614497637124,1.0
AHR,1,4,25.0,0.5412121212121213,0.8533614497637124,1.0
BRD2,1,4,25.0,0.5412121212121213,0.8533614497637124,1.0
CNR2,1,4,25.0,0.5412121212121213,0.8533614497637124,1.0
CNR1,1,4,25.0,0.5412121212121213,0.8533614497637124,1.0
GABRG2,3,11,27.272727272727273,0.6076642335766423,0.8543998293374875,1.0
FGFR2,3,11,27.272727272727273,0.6076642335766423,0.8543998293374875,1.0
FGFR3,3,11,27.272727272727273,0.6076642335766423,0.8543998293374875,1.0
HDAC9,3,11,27.272727272727273,0.6076642335766423,0.8543998293374875,1.0
GABRB3,2,8,25.0,0.5403764420157863,0.8727515116402171,1.0
HDAC7,2,8,25.0,0.5403764420157863,0.8727515116402171,1.0
CDK5,2,8,25.0,0.5403764420157863,0.8727515116402171,1.0
CHRM5,2,8,25.0,0.5403764420157863,0.8727515116402171,1.0
GABRA6,2,8,25.0,0.5403764420157863,0.8727515116402171,1.0
GRIN2B,2,8,25.0,0.5403764420157863,0.8727515116402171,1.0
RAF1,2,8,25.0,0.5403764420157863,0.8727515116402171,1.0
BRD4,2,8,25.0,0.5403764420157863,0.8727515116402171,1.0
RRM1,2,8,25.0,0.5403764420157863,0.8727515116402171,1.0
MAP2K2,2,8,25.0,0.5403764420157863,0.8727515116402171,1.0
HRH2,2,8,25.0,0.5403764420157863,0.8727515116402171,1.0
GRIN2A,2,8,25.0,0.5403764420157863,0.8727515116402171,1.0
HRH1,4,15,26.666666666666668,0.5883330563403689,0.8837580252557317,1.0
HTR1A,4,15,26.666666666666668,0.5883330563403689,0.8837580252557317,1.0
ABL1,4,15,26.666666666666668,0.5883330563403689,0.8837580252557317,1.0
CHRM3,4,15,26.666666666666668,0.5883330563403689,0.8837580252557317,1.0
PTGS1,4,15,26.666666666666668,0.5883330563403689,0.8837580252557317,1.0
ADRA2A,4,15,26.666666666666668,0.5883330563403689,0.8837580252557317,1.0
DRD3,3,12,25.0,0.5395377128953771,0.8950400277840199,1.0
PTGS2,5,19,26.31578947368421,0.5769230769230769,0.906426523432029,1.0
CYP3A4,5,19,26.31578947368421,0.5769230769230769,0.906426523432029,1.0
BCR,1,5,20.0,0.40545454545454546,0.9093544096945471,1.0
TOP2B,1,5,20.0,0.40545454545454546,0.9093544096945471,1.0
SLC6A2,1,5,20.0,0.40545454545454546,0.9093544096945471,1.0
XIAP,1,5,20.0,0.40545454545454546,0.9093544096945471,1.0
SLC6A4,1,5,20.0,0.40545454545454546,0.9093544096945471,1.0
GRIN2C,1,5,20.0,0.40545454545454546,0.9093544096945471,1.0
MMP9,1,5,20.0,0.40545454545454546,0.9093544096945471,1.0
CHRM4,2,9,22.22222222222222,0.46265938069216755,0.913224580912577,1.0
AURKC,2,9,22.22222222222222,0.46265938069216755,0.913224580912577,1.0
DRD4,2,9,22.22222222222222,0.46265938069216755,0.913224580912577,1.0
HDAC4,2,9,22.22222222222222,0.46265938069216755,0.913224580912577,1.0
HDAC5,2,9,22.22222222222222,0.46265938069216755,0.913224580912577,1.0
ALK,2,9,22.22222222222222,0.46265938069216755,0.913224580912577,1.0
FGFR1,4,16,25.0,0.538695917123705,0.9141036048778435,1.0
CDK1,4,16,25.0,0.538695917123705,0.9141036048778435,1.0
JAK2,4,17,23.529411764705884,0.496695260863451,0.9371755759671919,1.0
JAK3,2,10,20.0,0.40437158469945356,0.9413734880099475,1.0
HTR2C,2,10,20.0,0.40437158469945356,0.9413734880099475,1.0
HTR6,1,6,16.666666666666668,0.324,0.9439908315102923,1.0
HDAC10,1,6,16.666666666666668,0.324,0.9439908315102923,1.0
HTR2B,1,6,16.666666666666668,0.324,0.9439908315102923,1.0
HDAC3,4,18,22.22222222222222,0.4606946983546618,0.9544749444997698,1.0
CDK4,2,11,18.181818181818183,0.359036632260676,0.9607009677149386,1.0
HDAC8,2,11,18.181818181818183,0.359036632260676,0.9607009677149386,1.0
AURKA,5,22,22.727272727272727,0.47349709114414995,0.961445960096103,1.0
ROCK1,1,7,14.285714285714286,0.2696969696969697,0.9654072449994171,1.0
GLRA1,1,7,14.285714285714286,0.2696969696969697,0.9654072449994171,1.0
HTR1D,1,7,14.285714285714286,0.2696969696969697,0.9654072449994171,1.0
SLC6A3,1,7,14.285714285714286,0.2696969696969697,0.9654072449994171,1.0
ADRA2C,2,12,16.666666666666668,0.3227686703096539,0.9738331557011224,1.0
ADRA2B,2,12,16.666666666666668,0.3227686703096539,0.9738331557011224,1.0
ADRA1A,4,20,20.0,0.40219378427787933,0.9766749076744741,1.0
JAK1,1,8,12.5,0.2309090909090909,0.9786437783364458,1.0
NR3C2,1,8,12.5,0.2309090909090909,0.9786437783364458,1.0
CHRM2,2,13,15.384615384615385,0.29309488325881766,0.982678351942434,1.0
HDAC6,2,13,15.384615384615385,0.29309488325881766,0.982678351942434,1.0
ADRA1B,2,14,14.285714285714286,0.26836672738312084,0.988592111981735,1.0
CHRM1,2,15,13.333333333333334,0.2474429031806081,0.9925208625451786,1.0
AURKB,3,20,15.0,0.2830613997423787,0.9944091386387861,1.0
MAP2K1,2,16,12.5,0.22950819672131148,0.9951164482002468,1.0
ADRA1D,1,12,8.333333333333334,0.14628099173553719,0.9969110768034538,1.0
GSK3B,1,15,6.666666666666667,0.11454545454545455,0.9992788237416472,1.0
VEGFA,0,4,0.0,0.0,1.0,1.0
USP7,0,3,0.0,0.0,1.0,1.0
TYR,0,3,0.0,0.0,1.0,1.0
APP,0,3,0.0,0.0,1.0,1.0
RRM2B,0,4,0.0,0.0,1.0,1.0
ROCK2,0,4,0.0,0.0,1.0,1.0
PSMB1,0,3,0.0,0.0,1.0,1.0
POLE,0,4,0.0,0.0,1.0,1.0
POLD1,0,3,0.0,0.0,1.0,1.0
POLA1,0,5,0.0,0.0,1.0,1.0
PNP,0,3,0.0,0.0,1.0,1.0
PDE3A,0,3,0.0,0.0,1.0,1.0
TEK,0,4,0.0,0.0,1.0,1.0
SGK1,0,3,0.0,0.0,1.0,1.0
HTR3A,0,6,0.0,0.0,1.0,1.0
HTR1E,0,4,0.0,0.0,1.0,1.0
HTR1B,0,7,0.0,0.0,1.0,1.0
GRIA1,0,5,0.0,0.0,1.0,1.0
GLRB,0,5,0.0,0.0,1.0,1.0
FGFR4,0,6,0.0,0.0,1.0,1.0
DPP4,0,3,0.0,0.0,1.0,1.0
DNMT3B,0,3,0.0,0.0,1.0,1.0
CYP17A1,0,3,0.0,0.0,1.0,1.0
CFTR,0,3,0.0,0.0,1.0,1.0
CCL2,0,3,0.0,0.0,1.0,1.0
CASP3,0,3,0.0,0.0,1.0,1.0
CA9,0,3,0.0,0.0,1.0,1.0
CA6,0,3,0.0,0.0,1.0,1.0
TRPM2,0,3,0.0,0.0,1.0,1.0
TP53,0,3,0.0,0.0,1.0,1.0
BIRC2,0,3,0.0,0.0,1.0,1.0
BCL2L1,0,4,0.0,0.0,1.0,1.0
