tf,rank_42,importance_mean_42,rank_123,importance_mean_123,rank_456,importance_mean_456,mean_rank,in_top20_all_seeds
IRX1,4,0.002825479132518398,5,0.00346203157845814,5,0.002158810359436426,4.666666666666667,True
KLF8,19,0.0016315851150300825,3,0.004097077911923765,6,0.002135681351622528,9.333333333333334,True
AEBP1,6,0.0027003328335316232,16,0.002651902990637058,14,0.0016663003456359906,12.0,True
MZF1,2,0.003326493409104208,4,0.0038194614638941307,33,0.0011675661173808983,13.0,False
SPDEF,13,0.0018249342650078963,2,0.004239017704314778,31,0.0012194406830717112,15.333333333333334,False
HIVEP1,5,0.0028043867295667897,17,0.002568091723581099,27,0.0012766182784286104,16.333333333333332,False
BCOR,7,0.002587742303810294,11,0.002827632332672224,50,0.0010085709751971688,22.666666666666668,False
CREB3L1,49,0.0011260819809456625,8,0.00312199621244376,15,0.0016342278108685136,24.0,False
ASXL1,18,0.0016533233069684215,33,0.002067836481287624,22,0.0013969037302586278,24.333333333333332,False
REL,58,0.0010594669419002787,10,0.0028295257481218096,9,0.0019116472405626569,25.666666666666668,False
PROX1,27,0.001365389503345079,19,0.00253809897328734,32,0.001174191881545994,26.0,False
RELA,3,0.003094336944576009,62,0.0015091479947179985,23,0.001371428559898711,29.333333333333332,False
ZXDC,20,0.001551688336114625,7,0.0031320263241826924,63,0.0008824267415272488,30.0,False
RELB,12,0.0019018337824849314,59,0.0015244957634642947,26,0.0013097431424698284,32.333333333333336,False
HR,38,0.0011955586396101298,6,0.0032743131763929728,54,0.0009802878207251938,32.666666666666664,False
ZEB1,1,0.003442694135821622,98,0.0011785459130006723,1,0.0030883389294048716,33.333333333333336,False
TRPS1,29,0.0012992107537381041,35,0.0019012593738531878,43,0.0010424261477744562,35.666666666666664,False
STAT2,62,0.0010311493433894639,41,0.0018136139590227906,10,0.0018532090451282618,37.666666666666664,False
THRB,23,0.001506071327832725,37,0.0018709530938367332,56,0.000949875831738058,38.666666666666664,False
TET1,10,0.0019493742545157809,15,0.0027138043633110074,92,0.000770200368260944,39.0,False
FOXP2,83,0.0009100773200826194,13,0.0027341854974193584,34,0.0011500418625914651,43.333333333333336,False
TLX1,33,0.0012599355720725946,50,0.0016465179083531962,47,0.0010248274826759978,43.333333333333336,False
IRF3,36,0.0012291796010686085,100,0.0011709909998568367,2,0.002948458156121584,46.0,False
ZNF335,78,0.0009514593504277537,20,0.002463537005992707,40,0.001092562941700883,46.0,False
LHX8,65,0.0010120098234465606,60,0.0015238789437165851,16,0.0015928703767051709,47.0,False
DNMT3A,17,0.0016540016705689734,39,0.0018248885639464293,100,0.00073738100857237,52.0,False
MEF2A,85,0.0009028875952715294,36,0.0019012047985487504,45,0.0010323344040168167,55.333333333333336,False
KLF12,60,0.0010389841743634668,25,0.0023343233719281147,89,0.0007739101549139542,58.0,False
BARX1,90,0.0008654356826920059,65,0.0014912502649553282,21,0.001409058590097905,58.666666666666664,False
E2F5,55,0.0010776944347791566,111,0.0011322848866698084,25,0.0013579090383852115,63.666666666666664,False
HOXB9,8,0.0022695970540856556,87,0.0012778210650801404,98,0.0007459204036532549,64.33333333333333,False
CXXC1,30,0.0012785524749729534,88,0.0012603275038903423,80,0.0008225120262922604,66.0,False
PHF5A,110,0.0007700791073589106,18,0.0025662000716141792,72,0.0008535406278414567,66.66666666666667,False
ZBTB7B,16,0.0016768993673119412,104,0.0011543209346365818,84,0.0007950045377528471,68.0,False
PRDM1,92,0.0008604424476674687,57,0.0015456384732687818,57,0.0009288918225854903,68.66666666666667,False
ZEB2,77,0.0009540167611152301,48,0.001668291456911847,83,0.0007974313467098964,69.33333333333333,False
TFAP2B,59,0.0010567014428626421,24,0.002344968261295986,126,0.0006549667841957698,69.66666666666667,False
ZNF362,14,0.0017526112361944495,202,0.0008191783679022234,4,0.0021675943286082297,73.33333333333333,False
VENTX,57,0.0010694051711514917,64,0.0014965764992556421,105,0.0007193223246124971,75.33333333333333,False
FOSB,37,0.001210776777070626,80,0.0013392831174176977,115,0.0006793708490118715,77.33333333333333,False
TFAP2C,32,0.0012678147358559672,31,0.0020841794703852484,169,0.0005658399947440722,77.33333333333333,False
TBXT,79,0.0009506085724421031,32,0.002073138781644895,121,0.0006623353342444137,77.33333333333333,False
RUNX2,22,0.0015318082554255273,14,0.0027339833071561193,205,0.0004831770795504147,80.33333333333333,False
SETBP1,11,0.0019490989313150446,1,0.004241313770321678,237,0.0004235184390245539,83.0,False
ZIC2,152,0.000649625507128693,69,0.0014470723000351536,29,0.0012484173502977656,83.33333333333333,False
EGR1,131,0.0006836952688900055,67,0.001457990824719397,61,0.0008838891730137578,86.33333333333333,False
NR3C2,86,0.0008862601795099732,112,0.001129203806847341,62,0.0008827809410969635,86.66666666666667,False
GRHL3,43,0.0011816831376673883,126,0.0010905093483594983,93,0.0007699459422934578,87.33333333333333,False
PGR,186,0.0005674314703686501,52,0.0016235024196441482,36,0.001112413515908305,91.33333333333333,False
ESR1,25,0.001421264789355932,78,0.0013577627567732027,180,0.0005456757982728684,94.33333333333333,False
ID4,81,0.0009481073790966273,150,0.0010025808931624686,67,0.0008724832383780846,99.33333333333333,False
RFXANK,50,0.0011243987156018247,182,0.0008677736923070343,75,0.0008338820928408743,102.33333333333333,False
SMARCB1,279,0.00039830925005513893,9,0.0028342501016485394,30,0.0012390233535949267,106.0,False
ZNF699,113,0.0007497632299088185,149,0.0010028791340268774,60,0.0008940578866706732,107.33333333333333,False
E2F1,45,0.001156429250344941,157,0.000964245996301267,120,0.0006626600090082017,107.33333333333333,False
GATA1,138,0.00067015262450723,63,0.0015068402472851712,125,0.0006551674481615368,108.66666666666667,False
E2F7,191,0.0005574120443932109,72,0.0014401784944559702,74,0.0008365832998220646,112.33333333333333,False
HOXD10,201,0.0005330300950156401,75,0.0014112969882703371,64,0.0008803885016139689,113.33333333333333,False
MAML1,267,0.0004092420723199294,56,0.0015502930006429476,17,0.0015656965355667512,113.33333333333333,False
SALL1,108,0.0007873887942409827,229,0.0007451134098863059,11,0.0018444008292686758,116.0,False
MAX,72,0.0009647078068431283,96,0.0011875457654020988,183,0.0005399102572648025,117.0,False
DMTF1,97,0.0008253706014467311,221,0.0007550422739189922,39,0.0010956216609139863,119.0,False
PAX4,188,0.0005657316388199737,47,0.0016815306551121246,123,0.0006573541432895912,119.33333333333333,False
IRF6,269,0.0004090557880717273,71,0.0014465820317899202,18,0.0015453093279079026,119.33333333333333,False
HMGB2,88,0.0008834965857121543,116,0.001116104265802829,159,0.0005877876922595808,121.0,False
LHX1,26,0.0014130747087041198,209,0.0007873148871581317,129,0.0006464605251659867,121.33333333333333,False
UTF1,137,0.000672596089040753,123,0.001099102873371466,113,0.0006826644291295177,124.33333333333333,False
EP300,285,0.00039450356072820523,26,0.002296546641225701,65,0.000875007444144351,125.33333333333333,False
ETV4,133,0.0006797198985816177,99,0.0011768942836307829,155,0.0005990155758095136,129.0,False
TWIST1,94,0.0008413953008364457,118,0.0011058499665137567,191,0.000518628929140422,134.33333333333334,False
ZBTB33,87,0.0008848064626087735,233,0.0007354066521078163,88,0.0007749649348487296,136.0,False
HOPX,320,0.00035363367238239857,76,0.0013738370428958053,13,0.001689769294457757,136.33333333333334,False
SP1,75,0.0009588365679531541,119,0.0011047485207778993,221,0.00045101196198602065,138.33333333333334,False
HDGF,67,0.0010099809554627757,46,0.0016921025909334385,311,0.0003398835294447191,141.33333333333334,False
HTATIP2,24,0.0014279779064633078,21,0.002445530721381532,382,0.0002687176543559238,142.33333333333334,False
LMX1B,177,0.0005935244375216301,175,0.0008959931775197302,76,0.0008322554742445584,142.66666666666666,False
ZHX2,203,0.0005304458987032403,45,0.0016983002535033104,188,0.0005216191860709483,145.33333333333334,False
STAT1,155,0.0006449684271611852,214,0.0007727959100245216,79,0.0008253943876821502,149.33333333333334,False
PHOX2B,166,0.0006283505569599308,109,0.00113945420051812,179,0.0005458095866798072,151.33333333333334,False
RFXAP,263,0.00041367377328718,183,0.0008666826554073134,12,0.0017602089705950207,152.66666666666666,False
LEF1,276,0.00040258894105963094,53,0.0016074180497195232,131,0.000641273376183535,153.33333333333334,False
NKRF,160,0.0006378104755475016,161,0.0009595723395525993,142,0.0006247469968498494,154.33333333333334,False
NFATC4,109,0.000777686250936919,124,0.001099053323328421,233,0.00042784802895029674,155.33333333333334,False
RFX1,41,0.0011849486812793382,419,0.00038893101692117466,8,0.002075341245830659,156.0,False
RXRB,258,0.0004160043571380701,84,0.0013127235121801002,127,0.0006523802667013088,156.33333333333334,False
TP73,290,0.0003896125974113767,95,0.0011931316942013148,87,0.0007807202660243009,157.33333333333334,False
MEOX1,117,0.0007405304327221529,312,0.0005412769913191644,44,0.0010339391085863374,157.66666666666666,False
TBX6,126,0.00071745630136568,272,0.0006262473955268543,77,0.00083175525381221,158.33333333333334,False
USF2,93,0.0008427789336675426,287,0.0005945682912142454,97,0.000748774110406609,159.0,False
ARID1A,47,0.0011392094532890371,341,0.0005007494769553446,90,0.0007721354090101544,159.33333333333334,False
PPARGC1B,48,0.0011374711278249654,256,0.00067492581142274,175,0.0005593091579309354,159.66666666666666,False
RXRG,106,0.0007936286084176655,66,0.0014728580402680275,307,0.0003494817943099158,159.66666666666666,False
KDM5B,123,0.0007233414736137175,181,0.0008682457540668441,177,0.0005515289286401612,160.33333333333334,False
NCOA1,224,0.0004764735788767487,198,0.0008256698374335622,59,0.0009187361928056679,160.33333333333334,False
KAT7,124,0.0007225612687479401,224,0.0007520976953607963,139,0.000628574734670992,162.33333333333334,False
DAXX,69,0.0009979146404723658,273,0.0006258821344862085,147,0.0006173937171655725,163.0,False
JUND,42,0.0011832262913561533,292,0.0005887144515685522,157,0.0005978294692223437,163.66666666666666,False
NSD2,54,0.0010820369607417338,285,0.0005985629341287704,154,0.0006031200664851481,164.33333333333334,False
BCL11A,98,0.0008232184957181964,177,0.0008877394167498234,219,0.0004544873203843908,164.66666666666666,False
HOXD13,145,0.0006543313742661143,251,0.000693658798258129,102,0.0007273737710144787,166.0,False
TBX2,44,0.0011718026372281283,204,0.0007935841484581805,250,0.0004072668548360525,166.0,False
CREB5,206,0.0005270111969090949,259,0.0006650809635754161,35,0.0011208956796536133,166.66666666666666,False
XBP1,150,0.0006522027405287989,127,0.0010884761778112133,223,0.0004466977625821583,166.66666666666666,False
CREB1,198,0.0005424085705575029,81,0.0013348304352499933,222,0.0004469731145801151,167.0,False
ARID1B,199,0.0005380520955213797,30,0.002129094930668626,276,0.0003762874526456251,168.33333333333334,False
SMARCA4,205,0.0005272604653741423,86,0.0012821076414900635,220,0.00045277446034478174,170.33333333333334,False
CIITA,261,0.00041405202806675913,212,0.0007758039338306954,41,0.0010681509587756768,171.33333333333334,False
ZFHX3,240,0.0004429961901829908,128,0.001088093666498246,148,0.000616862750355336,172.0,False
CTBP1,51,0.0011127862609121373,246,0.0007083945533712254,230,0.0004321396403900673,175.66666666666666,False
NFKB,469,0.00021203965474330056,23,0.0024365512826162476,37,0.0011056219098629133,176.33333333333334,False
NFAT5,21,0.001536180745681508,457,0.000332936389234171,52,0.0009926545804553439,176.66666666666666,False
SIX3,15,0.0016920503058469021,117,0.00111596603746324,402,0.0002507276015862634,178.0,False
KLF6,346,0.00032384806825052004,94,0.0011973085585685278,99,0.0007444473927590121,179.66666666666666,False
NPAS2,163,0.0006302800639153274,103,0.0011571522349682214,277,0.00037604615772579564,181.0,False
FOXC1,70,0.0009960995058380913,255,0.0006814880084262272,228,0.0004367029845401372,184.33333333333334,False
TBX10,200,0.00053519441837235,131,0.0010755477858104066,225,0.00044391713457557535,185.33333333333334,False
NFKB2,52,0.0011048758346022983,58,0.0015370002932313857,448,0.00021780034312817435,186.0,False
AR,225,0.000469857078683438,176,0.0008901430045053723,158,0.0005948267898654167,186.33333333333334,False
HLX,68,0.0010006547981919484,185,0.0008559358187388474,315,0.0003377766469501501,189.33333333333334,False
ARID4B,112,0.0007585194458876933,438,0.0003533569248853989,19,0.0015208045626808819,189.66666666666666,False
ELF5,74,0.0009619606271647199,158,0.0009629167604240744,343,0.0003071024434644421,191.66666666666666,False
SPI1,459,0.00022228022438260572,28,0.0021866177976886374,95,0.0007641231303833509,194.0,False
SP3,125,0.0007189752027029913,217,0.0007661663730686996,242,0.0004185450059897751,194.66666666666666,False
MEIS2,289,0.000392288373081907,284,0.0005990328686355938,20,0.0015009250099396784,197.66666666666666,False
SMAD4,159,0.0006383719828039775,151,0.000996411179530145,283,0.0003731358830374588,197.66666666666666,False
APEX1,286,0.00039412868033933233,97,0.001186833939837842,213,0.0004631318061828179,198.66666666666666,False
NFKB1,95,0.0008382342394366842,364,0.0004458356853512779,137,0.0006327360218589009,198.66666666666666,False
NOTCH1,136,0.0006726164797190436,51,0.0016313477629437605,414,0.00023948078083004944,200.33333333333334,False
TTF1,528,0.00016843059234595398,40,0.0018166376786680441,38,0.0010981126820159702,202.0,False
THAP11,135,0.0006731948117455679,142,0.0010460168108913808,331,0.00031996628684172526,202.66666666666666,False
BRD4,237,0.0004449351911744364,121,0.0011020984115241322,251,0.0004068058072086635,203.0,False
ELK3,151,0.0006514367797728593,336,0.0005067369714224972,130,0.0006444755552255435,205.66666666666666,False
TCF21,35,0.0012540781679104618,231,0.0007392814007868186,351,0.0003001963607127409,205.66666666666666,False
GTF2IRD1,391,0.00028073428766771087,42,0.001768291854673545,184,0.0005357748131285516,205.66666666666666,False
VDR,141,0.0006655803431110116,136,0.0010726070232025945,341,0.0003091684974137796,206.0,False
PPARA,328,0.0003459743456363812,250,0.0006938832464749629,42,0.0010509310983858693,206.66666666666666,False
GSC,154,0.0006464705902269061,83,0.0013270621372309204,387,0.00026236130895411367,208.0,False
MYBL2,358,0.000310063368860111,170,0.000912309970279542,103,0.0007251520377752913,210.33333333333334,False
TP53,517,0.00017600261712618015,61,0.0015188830668304229,53,0.0009863343458908441,210.33333333333334,False
RFX5,460,0.0002219502156680552,29,0.0021478360580879257,143,0.0006203386304729396,210.66666666666666,False
HDAC3,241,0.0004372711823772547,195,0.0008299474051675519,199,0.000503726150837434,211.66666666666666,False
FOXM1,148,0.0006527665083205758,271,0.000626645758419534,216,0.0004601989061980434,211.66666666666666,False
MESP2,293,0.0003832896692956362,208,0.0007873272067599553,138,0.0006306106473242711,213.0,False
EGR2,296,0.0003816448021979974,289,0.0005914813596339654,55,0.0009726421594677959,213.33333333333334,False
PAWR,292,0.00038505042764978555,43,0.0017514926987897443,305,0.0003512047952985616,213.33333333333334,False
FOXD3,445,0.00023446853705791275,171,0.0009117824601796174,24,0.0013635503157936248,213.33333333333334,False
CEBPG,265,0.000409808527916594,173,0.000905455260125922,204,0.0004835079649141831,214.0,False
JUNB,316,0.00035717626235165164,134,0.0010729056529354157,195,0.0005126022160215089,215.0,False
MBD1,255,0.0004181224806512601,146,0.0010295593346695982,245,0.00041184845848406303,215.33333333333334,False
TCF20,196,0.0005499136621534544,82,0.001331865076363928,369,0.00027894924601861766,215.66666666666666,False
ARID5B,187,0.0005671397806453928,267,0.0006382909747172204,196,0.0005125998950185904,216.66666666666666,False
CEBPZ,252,0.0004240005093213933,102,0.0011617384037835468,298,0.0003604716776332377,217.33333333333334,False
PRDM16,181,0.0005875123473136531,291,0.0005897306742333582,182,0.0005410300214090526,218.0,False
MEF2B,89,0.0008714968651364677,358,0.00046003860378815176,210,0.0004683497038995759,219.0,False
ZNF263,71,0.000994323059289441,101,0.0011704712222016303,486,0.00019115605563341074,219.33333333333334,False
MECP2,266,0.0004097530758282587,277,0.000620040909408007,117,0.0006726259714572403,220.0,False
GLI2,229,0.00046085504767357963,388,0.00041665727980161495,46,0.0010291073327111503,221.0,False
CUX1,140,0.0006673009164373842,192,0.0008407047974866476,337,0.0003155910659381444,223.0,False
ZGPAT,362,0.0003072131496330919,207,0.0007887511142006119,101,0.0007347308990464433,223.33333333333334,False
ZBTB18,298,0.000379347140937391,264,0.0006427562981447078,114,0.0006801464771452822,225.33333333333334,False
STAT5B,394,0.00027855524599958284,22,0.0024412132478380845,264,0.000394086123792063,226.66666666666666,False
IRF1,274,0.0004036041847085113,167,0.0009256662247714827,239,0.00042154428494927055,226.66666666666666,False
YBX1,324,0.00035128114851693573,166,0.0009480889933890714,194,0.0005143477931624423,228.0,False
NONO,101,0.0008161843673433671,469,0.00032193266531866163,116,0.0006754549009256704,228.66666666666666,False
HOXB7,9,0.001966445864650957,238,0.0007265854525912525,442,0.00022143191782435446,229.66666666666666,False
POU2F1,302,0.00037146192367786034,260,0.0006627024108487858,132,0.0006404701277433285,231.33333333333334,False
HIC1,272,0.000405120085416098,220,0.0007558811331143785,207,0.00048017671311258295,233.0,False
MITF,204,0.0005299351831843413,417,0.00038988528923723743,85,0.0007877746708634896,235.33333333333334,False
ETS2,165,0.0006288688894004956,249,0.0006960764188933712,300,0.000356609915017154,238.0,False
TBX18,119,0.0007376830835606928,510,0.00026995250666338893,86,0.000785063773533197,238.33333333333334,False
ZNF219,39,0.0011926894259169894,152,0.0009953423069611854,524,0.00016437420711592623,238.33333333333334,False
PAX1,342,0.00032899825975729266,184,0.0008573344514871044,190,0.0005189790050887192,238.66666666666666,False
CDX2,398,0.0002761429731415112,85,0.0012845245622553523,234,0.00042595513199709484,239.0,False
TRIM28,210,0.0005209761482850203,200,0.000821780515776261,314,0.00033833091655458594,241.33333333333334,False
STAT6,259,0.0004144499494755523,278,0.0006197782372923525,192,0.0005185944981101122,243.0,False
NKX3-2,61,0.0010348918367526494,226,0.0007487212916396057,443,0.0002204958888355715,243.33333333333334,False
WWTR1,193,0.0005535214325832247,120,0.0011025518788060115,420,0.0002352966512653154,244.33333333333334,False
GTF3A,427,0.00025028095908717,165,0.0009499316800043523,141,0.0006267271725818953,244.33333333333334,False
PBX2,231,0.0004553825056339547,371,0.0004373292794105399,134,0.0006353293150768326,245.33333333333334,False
SMAD6,134,0.0006762236725990078,556,0.00020831338422960306,48,0.0010228317589528822,246.0,False
SMAD5,143,0.0006638351301124644,589,0.00018002032719309545,7,0.002123384506734455,246.33333333333334,False
HINFP,522,0.00017256387471923406,141,0.001057159041506979,82,0.0008024788948012318,248.33333333333334,False
HOXA1,192,0.0005558041505633864,245,0.0007100402067752646,310,0.0003453305282515761,249.0,False
DLX4,399,0.000274679550288552,293,0.0005806399717447207,58,0.0009273249863437024,250.0,False
TBPL1,129,0.0007013319715924533,337,0.0005058594961982718,288,0.0003690286947596288,251.33333333333334,False
GRHL2,46,0.00114892841928381,649,0.00012012951705483746,66,0.0008737530856568342,253.66666666666666,False
TAL1,331,0.00034233368405418304,169,0.0009160431847814118,265,0.0003915519847589277,255.0,False
FOS,104,0.000805173963051471,612,0.0001622568000708601,49,0.001017366924522569,255.0,False
TGFB1I1,487,0.00019760887356011207,49,0.0016501770437709197,232,0.0004291823746288256,256.0,False
MED1,322,0.00035309393159409274,191,0.0008418772934722559,263,0.0003944781987174241,258.6666666666667,False
PITX1,164,0.0006289564291336953,502,0.0002776142248932119,110,0.000691343041994101,258.6666666666667,False
HIF1A,144,0.0006552910682110065,545,0.00022386958724065622,91,0.0007702383518473212,260.0,False
HNF1A,132,0.0006814862807583598,481,0.00030652557026052927,170,0.0005640956247024212,261.0,False
HOXA10,167,0.0006270403502474602,205,0.000791552524815691,412,0.00024264428012433007,261.3333333333333,False
LYL1,157,0.0006402901285858234,359,0.00045622512129050324,271,0.00038816222527340426,262.3333333333333,False
ZMYND8,128,0.0007033118925419606,332,0.0005104619514041229,328,0.0003219217024262765,262.6666666666667,False
E2F2,147,0.0006528218701202456,68,0.001450049043741632,573,0.00013317351666844698,262.6666666666667,False
HOXA13,121,0.0007295670174602437,498,0.00027947291778089453,171,0.0005636944193941996,263.3333333333333,False
ZNF410,120,0.0007328772245466208,412,0.0003956849453226658,260,0.000395750618046329,264.0,False
NFIA,589,0.00013473360196737292,55,0.0015789341891694207,150,0.0006115602257550838,264.6666666666667,False
E2F3,404,0.00027034381664083355,239,0.0007260646189851369,151,0.0006108717273519053,264.6666666666667,False
RBPJ,295,0.00038227453120326214,323,0.0005241134479574887,176,0.0005528563144638831,264.6666666666667,False
ZNF804A,367,0.00030555953071598196,228,0.000747690683938069,206,0.000481841746615387,267.0,False
FOXG1,82,0.0009173877249739951,130,0.0010804717551791603,593,0.00012388073254972673,268.3333333333333,False
FOXN1,299,0.00037519874794353115,240,0.0007219205766556446,269,0.00039035268486204035,269.3333333333333,False
SOX4,761,3.407052389741755e-05,44,0.001740629563397361,3,0.002336573689800306,269.3333333333333,False
DLX5,429,0.0002478981972203518,105,0.001154058897141526,275,0.00038236133420441274,269.6666666666667,False
BACH1,355,0.0003119210395831915,159,0.0009597199043513904,297,0.0003628123752219615,270.3333333333333,False
CEBPA,318,0.0003556566626050908,70,0.0014469840550163733,425,0.0002324568705592934,271.0,False
OVOL1,345,0.0003243822591299029,107,0.0011424557949684447,361,0.0002897580845127102,271.0,False
SKIL,146,0.0006539291432339021,155,0.0009705920529086143,515,0.00016861188805188993,272.0,False
SOX2,435,0.00023792590484795323,242,0.0007176140454772174,144,0.0006202113135342105,273.6666666666667,False
MEIS1,53,0.0010902462623066226,147,0.0010250926026139605,622,0.00010825774636418139,274.0,False
MAF,169,0.0006161885878072733,422,0.0003817124326305378,235,0.00042532593783823296,275.3333333333333,False
HDAC1,127,0.0007171122043666511,596,0.00017381666508285753,104,0.0007210973043804573,275.6666666666667,False
HOXC6,281,0.00039693758575402063,243,0.0007146579478792388,304,0.00035335685342116364,276.0,False
HOXA11,509,0.00018204009863135676,133,0.0010729832169035394,186,0.0005326890173323177,276.0,False
DDIT3,494,0.00019224154914871343,54,0.0015913289056642857,284,0.0003723220519821718,277.3333333333333,False
MXD1,465,0.00021772520328037595,168,0.0009248803413136171,209,0.0004691241394511687,280.6666666666667,False
SUPT20H,183,0.0005782476274555048,163,0.0009564991455728446,500,0.00017776872650446504,282.0,False
LHX2,153,0.0006487958136417684,542,0.00022704186903865775,156,0.000598261605911389,283.6666666666667,False
FEV,457,0.00022424194861686732,113,0.00112159652516394,282,0.0003732367850633719,284.0,False
CREBZF,211,0.0005206118222083729,508,0.00027133706237236765,136,0.0006334449041484428,285.0,False
CREB3,576,0.00014249377846047565,90,0.0012399207911529988,189,0.0005190921086423397,285.0,False
STAT3,56,0.0010730763364280751,492,0.0002864617831309343,309,0.00034595162349897055,285.6666666666667,False
SMAD9,268,0.0004090798178691385,219,0.0007631159113302464,374,0.00027675921204249653,287.0,False
SALL4,352,0.0003162557588127308,361,0.00045327715902961546,149,0.0006148708916608678,287.3333333333333,False
ESRRA,413,0.0002605968894303342,275,0.0006201198420691953,174,0.0005598449323301655,287.3333333333333,False
FIGLA,174,0.0005975615957030448,363,0.0004521468945313245,325,0.00032342198370095116,287.3333333333333,False
EOMES,189,0.0005613346405549568,490,0.0002868360267408813,185,0.0005342151346419334,288.0,False
SALL2,232,0.0004551790365384835,247,0.0007082852525028019,395,0.000256190264470509,291.3333333333333,False
ATF5,392,0.00028025946644585486,153,0.0009943882063398082,330,0.0003203864987771147,291.6666666666667,False
POU4F2,99,0.00081833727036803,194,0.0008347185335107056,584,0.00012789284027763182,292.3333333333333,False
HOXA9,142,0.0006648721350343708,382,0.0004230732072370081,357,0.0002951282271252157,293.6666666666667,False
NR0B2,156,0.0006406701711581043,524,0.00025652125265024193,203,0.00048784420610128575,294.3333333333333,False
KMT2A,614,0.00011787950006043333,174,0.0009052972814198724,96,0.0007612616435918343,294.6666666666667,False
FOXQ1,356,0.0003109298231858261,462,0.00032827060448339853,68,0.0008686684940529989,295.3333333333333,False
FGF2,64,0.0010124216247332338,744,4.2661388209549756e-05,78,0.0008298386146083376,295.3333333333333,False
BMAL2,118,0.0007401981323930544,203,0.0008162243231268031,566,0.0001360541889879582,295.6666666666667,False
ID2,447,0.0002324459721531832,321,0.0005266008634366285,119,0.0006642648059603358,295.6666666666667,False
SIM2,373,0.0003016600596352377,335,0.0005068656366871217,181,0.0005431512637724981,296.3333333333333,False
NFIL3,348,0.00032053293935777304,471,0.000320231419016526,70,0.0008636908346075375,296.3333333333333,False
NEUROD2,236,0.0004455842025284558,585,0.00018191713263948975,69,0.000866970965393138,296.6666666666667,False
TSHZ3,347,0.0003218196964305455,122,0.0010998231494644035,423,0.0002345029215575778,297.3333333333333,False
HOXD3,31,0.0012784822756657377,303,0.0005561261196183323,558,0.00014014835690588688,297.3333333333333,False
SOX10,590,0.00013470796214127228,89,0.0012529994103191932,217,0.00045975930835552526,298.6666666666667,False
IRF9,485,0.00019905050847875938,193,0.0008374430618101596,227,0.00043734319789371403,301.6666666666667,False
FOXC2,220,0.00048630540766570255,299,0.0005664392808257342,386,0.00026384348261947736,301.6666666666667,False
BARX2,251,0.0004260460342045531,386,0.000418785952984818,272,0.0003879088148316827,303.0,False
ONECUT1,311,0.000361373158081292,527,0.0002485936721110661,71,0.0008573519794343597,303.0,False
PAX9,634,0.00010768945866315232,115,0.0011188454808496208,162,0.0005825198554151884,303.6666666666667,False
PPARG,282,0.0003967333192452894,38,0.0018400426578767965,592,0.00012436088374039917,304.0,False
SNAI2,488,0.00019705015368064562,27,0.0022422633513942305,398,0.0002546695556512492,304.3333333333333,False
OLIG1,256,0.0004174012937062688,244,0.000710511624757518,415,0.00023894054395027936,305.0,False
NR4A3,238,0.00044451416085917805,482,0.0003053786299047219,202,0.0004906088063445636,307.3333333333333,False
NFATC3,338,0.00033366349384778005,348,0.0004834931634942415,240,0.00042127295929469364,308.6666666666667,False
SOX5,173,0.0005976866558546934,265,0.0006404447605305132,489,0.00018898642072730527,309.0,False
CTNNB1,363,0.000307187116265361,140,0.0010580421886984507,426,0.00023073853465620454,309.6666666666667,False
NACC1,179,0.000589371711006,294,0.0005778858546612107,458,0.00020603236651727354,310.3333333333333,False
KAT6B,401,0.000274397588410383,186,0.0008522063515997478,347,0.0003026646817295731,311.3333333333333,False
HAND2,553,0.00015338427593636686,125,0.0010913085851908281,257,0.00040221581437980137,311.6666666666667,False
CEBPD,222,0.00048088799776684277,148,0.0010229043603734074,565,0.00013711493965495197,311.6666666666667,False
LMO4,418,0.0002549214443592284,108,0.0011411532097113334,411,0.00024287506678113212,312.3333333333333,False
SIX1,228,0.0004618428636769584,172,0.0009114741053715327,537,0.0001549437655133564,312.3333333333333,False
ELF2,122,0.0007233549132996069,711,6.999567645579825e-05,108,0.0006991016014195118,313.6666666666667,False
ATF7,248,0.0004330135937235272,197,0.0008275510318168072,497,0.0001804709160022958,314.0,False
CEBPB,114,0.0007474345386423341,403,0.000403500331065681,427,0.0002303818380713699,314.6666666666667,False
PPARD,96,0.000831210142239898,473,0.0003166186844682119,376,0.00027196983667336514,315.0,False
MYC,684,8.153722420563743e-05,138,0.0010597823929305323,124,0.0006555228200699221,315.3333333333333,False
KDM5D,245,0.00043431115968952793,370,0.0004392241160420588,333,0.0003184832480449338,316.0,False
EGR4,28,0.0013421546992145577,562,0.00020408331265846783,359,0.0002939473847101743,316.3333333333333,False
ETS1,343,0.0003265055132680683,269,0.0006292788410505499,346,0.000303655468856205,319.3333333333333,False
EPAS1,420,0.00025226473642512496,106,0.0011520710268638195,434,0.00022510337492170066,320.0,False
LRRFIP1,521,0.00017284593936169173,254,0.0006827881817585104,187,0.0005233003582609606,320.6666666666667,False
REST,116,0.0007433631976847678,160,0.0009596618267206588,686,7.621783568755414e-05,320.6666666666667,False
IRF4,175,0.0005963992912945811,680,9.508465936435049e-05,109,0.0006959268059400722,321.3333333333333,False
MLXIPL,592,0.00013364874868111173,164,0.0009510514385262716,218,0.0004592356252887288,324.6666666666667,False
TFDP1,80,0.0009490184436964972,222,0.0007531426112054208,673,8.443967289457015e-05,325.0,False
NCOR1,184,0.0005781664729676612,518,0.00026222728375256395,273,0.000387549847111972,325.0,False
DMAP1,217,0.000501438208823057,376,0.0004274022728691996,389,0.00026226103166278114,327.3333333333333,False
JUN,172,0.0006083595420179653,315,0.0005355810326088404,499,0.0001798206521477892,328.6666666666667,False
AHR,495,0.00019159769962326126,34,0.0020265212147161506,457,0.00020748379095934842,328.6666666666667,False
USF1,368,0.00030483969947791786,326,0.0005208509282746056,292,0.00036754285117936115,328.6666666666667,False
FOXA2,364,0.0003065909408536699,236,0.0007312796160063458,391,0.0002603665194418213,330.3333333333333,False
ISL1,428,0.00024969665429697477,199,0.0008242645641406522,364,0.00028220266236448054,330.3333333333333,False
ASCL2,111,0.0007639639741297067,631,0.00014044079402923893,254,0.0004049636278123768,332.0,False
TFAP4,361,0.00030781045719171135,485,0.0002981586874215502,152,0.0006086425316949096,332.6666666666667,False
NKX3-1,207,0.0005240529094959184,252,0.0006935061646524418,544,0.0001507479843729181,334.3333333333333,False
ING4,423,0.0002513877442183774,346,0.0004880377419987891,238,0.00042220970926516173,335.6666666666667,False
BHLHA15,518,0.00017459797694062797,327,0.0005207384110483624,167,0.0005704684085547783,337.3333333333333,False
PATZ1,313,0.00035918474714669696,423,0.0003755539948928565,278,0.0003757070369098956,338.0,False
TFE3,247,0.00043304151635807517,480,0.00030932432519241985,287,0.000369384711396406,338.0,False
HOXB1,250,0.00042707813598540133,162,0.0009593904238554938,605,0.00011520286073212473,339.0,False
TBX1,270,0.0004088325600867282,468,0.0003241885679292891,280,0.0003746653490204401,339.3333333333333,False
PITX3,209,0.0005213051793389516,317,0.0005330481623345942,492,0.00018699565331785223,339.3333333333333,False
ZKSCAN7,162,0.0006352491346233639,391,0.0004116351115388887,468,0.00020128652473107596,340.3333333333333,False
MLX,253,0.000419956148768754,213,0.0007736882967451079,555,0.0001421790389211019,340.3333333333333,False
E2F4,242,0.0004364648358535884,698,7.853718812808356e-05,81,0.0008133618693494955,340.3333333333333,False
NHLH2,757,3.625540676369699e-05,144,0.0010417985032483666,122,0.0006579552220611015,341.0,False
ARNT,219,0.0004887660266886638,640,0.000132730717449149,166,0.0005776493120113931,341.6666666666667,False
PAX5,681,8.202701724785601e-05,180,0.0008698657857166836,165,0.0005802037050505697,342.0,False
ZNF300,66,0.0010112249236761163,693,8.296655407362282e-05,268,0.0003904776083483298,342.3333333333333,False
ETV7,610,0.00012053658550333542,306,0.0005480772283452538,112,0.0006846663271641195,342.6666666666667,False
HOXB4,473,0.00020992430836486164,411,0.00039586069151758267,146,0.00061843976899664,343.3333333333333,False
SCX,185,0.0005753742807566155,305,0.0005489942859536644,540,0.00015373570891190894,343.3333333333333,False
SHOX2,254,0.00041938173705024053,454,0.0003361382195538626,322,0.0003285135207713183,343.3333333333333,False
POU2F3,249,0.0004302231013615242,529,0.0002481300926554082,255,0.000404610125494373,344.3333333333333,False
POU2AF1,629,0.0001091741737651098,91,0.0012327447620918974,324,0.0003235187971795588,348.0,False
HMGA2,319,0.0003544289867353324,447,0.00034185908903468356,279,0.00037545582421389,348.3333333333333,False
NR1I2,414,0.00026017088876098126,360,0.0004557828084271574,274,0.00038262630618584643,349.3333333333333,False
MAZ,170,0.0006147515753351593,179,0.0008719325924985379,702,7.011019664110609e-05,350.3333333333333,False
FOXF1,601,0.00012628418317741776,314,0.0005362814208638156,140,0.0006275450562525568,351.6666666666667,False
AP1,221,0.00048323860794356955,703,7.5877922108035e-05,133,0.0006401447537813731,352.3333333333333,False
PLAGL1,218,0.000494305503073547,477,0.0003140759214478418,362,0.0002853250414525312,352.3333333333333,False
VEZF1,449,0.00022946887160783675,365,0.0004428177107360115,244,0.0004138628509915152,352.6666666666667,False
NR2E1,103,0.0008053362319542705,663,0.00010879650160818115,296,0.0003631166182768456,354.0,False
POU3F1,194,0.000552359526326737,350,0.0004770141073563674,519,0.00016600730773599494,354.3333333333333,False
NOTO,297,0.00038064811539670427,349,0.00048227793046283875,418,0.0002360244311052101,354.6666666666667,False
WT1,182,0.0005795486574766762,187,0.0008511813159037212,699,7.212897962719208e-05,356.0,False
ZBTB17,462,0.00021899801068188523,395,0.00040701066129920286,211,0.00046444185414884487,356.0,False
MSX1,747,4.173122238860356e-05,12,0.0027415755976107903,313,0.00033892739729984015,357.3333333333333,False
TEAD4,329,0.00034403213529995725,634,0.0001362245975697492,111,0.00068724954237978,358.0,False
PAX8,284,0.0003956933767450678,719,6.598186346602206e-05,73,0.0008404469167957855,358.6666666666667,False
MTA1,527,0.00016847555056029054,210,0.0007804772372544518,340,0.00030924653564204965,359.0,False
FLI1,370,0.0003039261371833907,404,0.0004030019109367541,303,0.00035382281815414404,359.0,False
ZNF148,208,0.0005216036623261806,331,0.0005135289429193963,541,0.0001524036191919246,360.0,False
HIVEP2,178,0.0005926652531453522,697,7.914951374466523e-05,214,0.00046206109195598844,363.0,False
HSF2,308,0.0003635864339671433,280,0.0006146374626317111,508,0.00017466970878172793,365.3333333333333,False
IRF5,277,0.00040233486543923624,338,0.0005058551557450494,481,0.000194431081318023,365.3333333333333,False
NR1H3,359,0.0003082227873771141,286,0.0005948702025004119,455,0.0002118242236561359,366.6666666666667,False
EHF,333,0.0003395016287179191,374,0.00043334767906344496,394,0.00025838806724013096,367.0,False
NCOA6,84,0.0009089370548529339,313,0.0005392914670554808,708,6.665368507247587e-05,368.3333333333333,False
HOXA2,212,0.0005204843103966238,550,0.0002192723687037621,348,0.00030195166915759864,370.0,False
ZNF331,393,0.0002799694987130131,310,0.0005421637461591727,407,0.0002461038308252462,370.0,False
SOX11,350,0.00031696605952729993,491,0.0002864943149192682,270,0.00038894298896511003,370.3333333333333,False
ZNF217,390,0.00028180662449509936,344,0.0004950693718814309,379,0.0002699641950784732,371.0,False
TFCP2,556,0.00015223456186545676,110,0.0011391353089314207,447,0.0002187158357569508,371.0,False
KAT5,171,0.0006129045556476877,655,0.0001156094855986973,289,0.00036851976686634634,371.6666666666667,False
FOXL2,323,0.0003521182744048984,506,0.0002748516480454727,286,0.0003705227739539458,371.6666666666667,False
FOXE1,100,0.0008182052218244555,674,0.0001005300961782213,342,0.000307266785787788,372.0,False
VSX2,596,0.00013017885942793217,79,0.0013403087598844925,441,0.00022153636651485917,372.0,False
TWIST2,197,0.0005495624189996196,489,0.00029200504203882616,431,0.0002265920515211209,372.3333333333333,False
NFE2L3,491,0.00019491946550191864,218,0.000764163140543546,408,0.0002445007033229834,372.3333333333333,False
ZNF350,107,0.0007884870562768563,340,0.0005033154528505155,676,8.253896677375265e-05,374.3333333333333,False
MYCN,40,0.001187985591197062,455,0.00033543925374860095,632,0.00010416271988137024,375.6666666666667,False
IRF7,190,0.0005609964706019872,401,0.00040431392559377963,538,0.0001545403928103593,376.3333333333333,False
HDAC5,605,0.00012378227250503022,190,0.0008465769767347163,336,0.0003159805449175827,377.0,False
NANOG,405,0.00027027663161954314,407,0.00039778723156345995,320,0.00033233936138651296,377.3333333333333,False
TBPL2,701,6.991060407541221e-05,178,0.0008831326994106458,256,0.000403412558274464,378.3333333333333,False
HOXB3,376,0.0002991084362537494,201,0.0008201748452002063,559,0.00013965597146529152,378.6666666666667,False
PA2G4,508,0.00018259191208592324,503,0.00027686260502582974,128,0.0006519172043915729,379.6666666666667,False
TBP,534,0.00016528180393899646,93,0.001201079425465485,512,0.0001696482712532088,379.6666666666667,False
KLF4,699,7.148070965518565e-05,392,0.00041022679451688503,51,0.000993443239608358,380.6666666666667,False
CTBP2,305,0.00036610746343168296,415,0.00039315359827979233,422,0.00023466984748321204,380.6666666666667,False
TCF7,233,0.00045486693764387656,653,0.00011786081527685438,258,0.00040187665308621945,381.3333333333333,False
RFX3,406,0.00026890095355983334,206,0.0007893882426825174,533,0.00015855762369758878,381.6666666666667,False
GATA4,214,0.0005170517546447985,398,0.00040653762511228155,535,0.00015700574865742524,382.3333333333333,False
RFX4,382,0.00029100234454379904,601,0.00016818760395000427,164,0.0005819384898267909,382.3333333333333,False
SREBF2,102,0.0008122825853261571,755,3.441288689764337e-05,290,0.0003681948662481525,382.3333333333333,False
HIPK2,76,0.0009551711033661073,413,0.0003945671872997991,665,8.755501797643525e-05,384.6666666666667,False
NFIX,481,0.00020148604890189083,143,0.001041823961355531,531,0.00016118448820634512,385.0,False
TEAD1,91,0.0008627726017011535,513,0.000266843496154417,551,0.0001467724757972202,385.0,False
NFE2L1,383,0.000288607538440181,479,0.0003100519467848657,294,0.00036389138307585557,385.3333333333333,False
MYF6,571,0.00014461201929159208,211,0.000777045283581229,384,0.00026583098581961,388.6666666666667,False
ATF2,442,0.00023520906659965394,402,0.000404299492345217,323,0.00032779835884288,389.0,False
BCL3,708,6.633504748413432e-05,282,0.000614234152966343,178,0.000546651559723228,389.3333333333333,False
BATF,230,0.00046002311015317076,474,0.00031517840502739557,465,0.00020312246397483332,389.6666666666667,False
ELF3,130,0.000683842829444488,586,0.00018136412047004507,456,0.0002087803166137009,390.6666666666667,False
TCF12,475,0.00020786396445063556,378,0.0004266985343526881,321,0.00032937739615590544,391.3333333333333,False
CREBBP,539,0.00016303733092244826,437,0.0003545201051786011,201,0.0004978560031145896,392.3333333333333,False
TOX3,753,3.807327957422951e-05,114,0.0011210987186958928,312,0.00033963733916276726,393.0,False
VHL,34,0.0012593650963577657,731,5.407832839084263e-05,416,0.00023772824399105903,393.6666666666667,False
NEUROG2,643,0.00010228315243170293,405,0.00040142156076123655,135,0.0006344231400307211,394.3333333333333,False
HAND1,531,0.00016728020825046934,342,0.0005006393320482774,316,0.0003358837516139712,396.3333333333333,False
RCOR2,379,0.0002977374436644216,137,0.0010700358184156798,679,8.025802027804495e-05,398.3333333333333,False
TLX3,73,0.0009626225609364072,487,0.00029447064050393897,635,0.00010198019180181332,398.3333333333333,False
TCF3,619,0.00011460265885819932,135,0.0010728177690135922,444,0.0002204266815665919,399.3333333333333,False
RXRA,105,0.00079671771538525,505,0.0002757933906044248,589,0.00012557405873601303,399.6666666666667,False
LHX3,287,0.0003936421294245961,526,0.00025440779532028967,388,0.0002623482711318171,400.3333333333333,False
PAX7,498,0.00019014710080406957,597,0.00017336244197643035,106,0.0007133209897856983,400.3333333333333,False
RORB,213,0.0005179786726192547,496,0.0002795590698107817,493,0.00018316761164785785,400.6666666666667,False
NR3C1,477,0.00020640130308934067,77,0.0013600288109845485,650,9.205443854815536e-05,401.3333333333333,False
HOXB13,375,0.0002996254621104361,324,0.0005215440793714757,506,0.0001748638218983119,401.6666666666667,False
AHRR,158,0.000639909884987653,408,0.0003976125620035666,641,9.935680628986478e-05,402.3333333333333,False
ATF4,300,0.00037241413242279094,357,0.00046165263863644435,552,0.0001452650023787761,403.0,False
SRSF2,670,8.681573800720688e-05,301,0.0005590711274855879,241,0.00042025714796953696,404.0,False
CEBPE,642,0.00010314153668023243,253,0.0006858652920500115,317,0.00033543769470931943,404.0,False
ZNF395,384,0.0002861427748843143,620,0.00015368120377763766,212,0.0004634273027821826,405.3333333333333,False
YBX3,301,0.0003715373909058557,466,0.000324882203268785,451,0.00021447224278083675,406.0,False
KAT6A,397,0.0002763829862336327,129,0.0010872281656261432,692,7.500318704549635e-05,406.0,False
OTX2,633,0.00010826702711726325,235,0.0007336469773580382,353,0.0002982625229227172,407.0,False
MYRF,388,0.0002818667286247188,227,0.0007479050053172449,611,0.00011190950483937327,408.6666666666667,False
TCF4,351,0.00031670644070938136,154,0.0009923692811174658,723,5.959243047912261e-05,409.3333333333333,False
ETV1,499,0.00018972424180975796,533,0.000243214584991096,197,0.0005104269488666349,409.6666666666667,False
PRRX1,317,0.0003562876580782827,390,0.00041188746209544746,525,0.00016416231254626464,410.6666666666667,False
HHEX,234,0.0004528297091300456,414,0.0003936980727399769,586,0.00012683277948718452,411.3333333333333,False
ETV2,628,0.00011031960497982227,261,0.000659586258817316,350,0.0003007398758696085,413.0,False
SMAD1,486,0.0001980552602397052,635,0.00013571032182244848,118,0.000668146895722285,413.0,False
ENO1,439,0.00023553215926381887,406,0.00039849857341433756,396,0.0002560935291533249,413.6666666666667,False
KLF5,671,8.613846943138593e-05,547,0.00022044804623102678,28,0.0012656888496332447,415.3333333333333,False
NEUROD6,602,0.00012613803988353374,484,0.0003003673394122223,161,0.0005868554603831867,415.6666666666667,False
RARG,257,0.0004168941643249789,729,5.645717752575806e-05,262,0.0003947449795856356,416.0,False
NKX6-3,223,0.00047918026211846154,770,1.9739271707383963e-05,259,0.00039737393217365025,417.3333333333333,False
TFDP3,332,0.0003409655379024998,576,0.00018981579934819766,344,0.0003059173271994399,417.3333333333333,False
TBX3,378,0.00029903402258407203,379,0.00042478097870888166,496,0.0001817254707851024,417.6666666666667,False
KCNIP3,294,0.00038324169474545863,525,0.00025534110016616813,435,0.00022496666539347754,418.0,False
NFKBIZ,149,0.0006522604148675314,592,0.000175394858360469,514,0.00016873965327676794,418.3333333333333,False
MYOCD,563,0.00014786116293125264,600,0.00016885923096334878,94,0.0007659237337176103,419.0,False
TADA2A,591,0.00013467492931685035,237,0.000730938907564092,430,0.0002269803575211082,419.3333333333333,False
SPIB,381,0.00029175737146898206,298,0.0005684435882082626,581,0.00012927134196890589,420.0,False
RUNX3,262,0.00041398981884964144,588,0.00018015541671488654,410,0.00024335492112599738,420.0,False
SP4,729,5.408047707116047e-05,139,0.001059054514081998,393,0.00025901070154594146,420.3333333333333,False
MSX2,424,0.00025070051270686787,732,5.116474478712844e-05,107,0.0007039451044571857,421.0,False
TBR1,365,0.000306111368872459,534,0.00024282051424851295,365,0.0002817314651138352,421.3333333333333,False
ETV3,180,0.0005892034417532462,615,0.0001592567252759402,469,0.00020108377920581861,421.3333333333333,False
HEYL,489,0.00019697845033478546,544,0.00022535349187984883,231,0.0004315549475436318,421.3333333333333,False
NFIC,430,0.00024474256931419154,673,0.00010076167368114594,163,0.0005821595077577513,422.0,False
KLF13,436,0.00023776881873968395,283,0.0005996950639283485,553,0.00014289602367770468,424.0,False
SALL3,718,6.005609726408929e-05,362,0.0004531154226049583,193,0.0005159806287613746,424.3333333333333,False
KLF15,541,0.0001625280432714741,580,0.00018542239935083092,153,0.0006069462259333567,424.6666666666667,False
HOXD1,478,0.0002059153982965213,440,0.00035160510161045806,358,0.0002942803022657851,425.3333333333333,False
TP63,357,0.0003103702926988593,690,8.505300281077173e-05,229,0.00043530018928956423,425.3333333333333,False
FOSL1,644,0.00010169302405908336,74,0.0014330056544691395,560,0.0001395983299310253,426.0,False
MEOX2,696,7.472072722842513e-05,441,0.0003510196553544588,145,0.00061940888654514,427.3333333333333,False
HMGA1,525,0.00017140020544860764,223,0.0007527429278883519,536,0.0001565867612154045,428.0,False
AIRE,647,0.00010059070908658379,373,0.0004339308922102315,267,0.0003910941118881579,429.0,False
MYOD1,479,0.0002053145415312897,463,0.0003279177659888691,345,0.00030508187096116177,429.0,False
HNF1B,711,6.362441150330231e-05,420,0.000386155408429631,160,0.0005872119940332512,430.3333333333333,False
RORA,310,0.00036175391219192977,509,0.0002706840670560434,472,0.00019889060273257974,430.3333333333333,False
HOXB2,682,8.184305322215964e-05,241,0.0007206903885548165,370,0.00027860470235864477,431.0,False
NFIB,246,0.0004341739521061589,543,0.00022680077197698913,507,0.00017474420025626552,432.0,False
NFYC,366,0.0003055801678432214,475,0.0003149804008478785,463,0.00020461982569830786,434.6666666666667,False
ID1,467,0.00021223220606412778,268,0.0006360811203469921,571,0.00013331779893377416,435.3333333333333,False
HSF1,395,0.00027809920564350523,619,0.00015385018313088838,293,0.0003673455736374494,435.6666666666667,False
NFKBIB,664,9.113939561853896e-05,290,0.0005898885726007089,354,0.0002972611006856768,436.0,False
EN1,419,0.0002542355681119564,642,0.00012901424008070921,249,0.0004076009244217306,436.6666666666667,False
PPARGC1A,767,2.3827353966897714e-05,73,0.0014360582784072242,470,0.0002002222072957066,436.6666666666667,False
NEUROG1,422,0.00025171287360204917,430,0.00036533429890065844,459,0.0002060023625262781,437.0,False
TEF,484,0.00019914259472257484,428,0.00036966300051448564,401,0.0002529776753831494,437.6666666666667,False
NFATC1,450,0.00022902377957672633,302,0.0005576451928914828,561,0.00013935834535190722,437.6666666666667,False
SMAD3,680,8.233328347790285e-05,356,0.00046264762107911696,281,0.00037463340137919385,439.0,False
CHD4,463,0.00021880657967895704,605,0.00016588109569552628,252,0.0004065285070144896,440.0,False
BCL11B,456,0.00022525394684414619,535,0.00023728496076232247,335,0.0003173664901734093,442.0,False
TRERF1,470,0.00021126292964860718,476,0.00031477893946540655,381,0.0002694583696748768,442.3333333333333,False
EBF3,551,0.00015544691841844752,416,0.000390424388487273,360,0.00029217416390152226,442.3333333333333,False
MNT,501,0.00018742251836556534,584,0.00018333328078810928,247,0.00041071235835082035,444.0,False
MECOM,176,0.0005954412183310717,736,4.732978311494662e-05,421,0.00023500886067987872,444.3333333333333,False
HOXD4,557,0.0001510241485944293,451,0.00034034146621265927,326,0.0003230971181465341,444.6666666666667,False
HES6,641,0.00010317573246469912,215,0.0007704735242882497,478,0.00019583673342408886,444.6666666666667,False
SRY,341,0.00033195454860581526,733,4.976686296137399e-05,261,0.0003955675143570812,445.0,False
IRF2,530,0.00016738163800765525,263,0.0006478886076386268,543,0.00015078376484693607,445.3333333333333,False
ATF3,139,0.0006693870607595079,712,6.925941948006177e-05,487,0.00019113715043966357,446.0,False
ERF,575,0.00014304888753196627,281,0.0006146132847348009,483,0.00019299092564599988,446.3333333333333,False
PRDM2,195,0.0005499432128283044,375,0.00043300203963030293,771,2.4305881430047354e-05,447.0,False
ELF4,275,0.0004034730592055976,500,0.0002779563610602054,570,0.00013337988402058315,448.3333333333333,False
CTCFL,438,0.00023568264614506475,394,0.00040776698789662106,517,0.0001669536401990537,449.6666666666667,False
TFEB,690,7.802391710584695e-05,257,0.0006736856445389673,404,0.0002471416073603905,450.3333333333333,False
FOXD1,371,0.00030244394788910125,296,0.0005747596760832521,685,7.693177195561117e-05,450.6666666666667,False
PARK7,552,0.00015503011157610067,189,0.0008481009255609189,614,0.00011107761010591007,451.6666666666667,False
KAT2B,554,0.00015335528411069942,329,0.0005154537259455317,477,0.00019622799995335245,453.3333333333333,False
NKX6-2,415,0.0002581656856570837,347,0.0004840142056778087,601,0.00011741341759227109,454.3333333333333,False
NR2C1,239,0.0004435637174262383,632,0.0001388981387814662,494,0.00018316374624908238,455.0,False
MTF2,353,0.00031492369744641604,424,0.0003739154418795034,594,0.00012359699592614314,457.0,False
ESRRB,425,0.00025067549188062196,722,6.331642004115014e-05,226,0.00044275801144866625,457.6666666666667,False
PHF20,303,0.00037032919945803854,638,0.00013477351820146203,433,0.00022514486042354926,458.0,False
MAFK,503,0.00018584656572784297,557,0.00020730671453885876,319,0.0003336998040336684,459.6666666666667,False
GLIS3,616,0.00011659528295791516,92,0.0012323476679960027,672,8.531628652414811e-05,460.0,False
EGR3,340,0.0003334751185541267,316,0.0005338801454468701,725,5.8955996062574435e-05,460.3333333333333,False
HNF4A,476,0.00020708342162317257,322,0.0005249099786769049,585,0.0001273415500445584,461.0,False
KLF9,737,4.965669862661509e-05,432,0.00036165858642617064,215,0.0004617662852428056,461.3333333333333,False
TFAP2A,639,0.00010371650142987522,578,0.00018643067656226418,172,0.00056306847424518,463.0,False
PBX1,712,6.319049327239348e-05,325,0.0005209801742735594,356,0.00029700185536906895,464.3333333333333,False
HBP1,559,0.00014966153469920369,598,0.00017105053232378188,236,0.00042526178119508336,464.3333333333333,False
EMX2,653,9.84288420554411e-05,410,0.0003958795667020957,332,0.00031984573778379746,465.0,False
PBRM1,713,6.276648959680279e-05,132,0.0010743648106819653,550,0.00014691092439816754,465.0,False
NFATC2,63,0.0010275577857982805,691,8.42266156475737e-05,642,9.909695168458353e-05,465.3333333333333,False
ATOH1,280,0.0003982256379885891,435,0.00035467875615281764,682,7.90228313490209e-05,465.6666666666667,False
ETV5,271,0.00040698661308796903,664,0.00010790177708486226,467,0.0002025853368012797,467.3333333333333,False
FOXJ1,349,0.0003186938196110435,334,0.0005098928192747928,720,6.161050932233665e-05,467.6666666666667,False
EZH2,337,0.00033428638237113995,300,0.0005628195890356878,767,3.4631507244734884e-05,468.0,False
SMAD2,472,0.0002106353160039968,355,0.0004656237632650917,578,0.00013040036268563426,468.3333333333333,False
NPM1,638,0.00010449559161946291,521,0.00025862810587561785,248,0.00040912219378008035,469.0,False
PURA,679,8.275369585912055e-05,425,0.0003734624838905416,306,0.00034993260768797796,470.0,False
IKZF2,336,0.0003344006272941029,572,0.000193524610286507,504,0.00017521977757482864,470.6666666666667,False
FOXO4,678,8.298560116447685e-05,232,0.0007362824353825117,505,0.00017508946297256801,471.6666666666667,False
SMAD7,168,0.0006265330762629721,608,0.00016507991558407383,639,0.00010099006747934985,471.6666666666667,False
NHLH1,339,0.0003336047699177112,546,0.00022337973640870504,530,0.00016159524907758774,471.6666666666667,False
NAB2,202,0.0005323820305420668,735,4.783314535755477e-05,479,0.00019470368799857874,472.0,False
TBX21,432,0.0002411147380839931,274,0.0006227939742199272,711,6.50611416714045e-05,472.3333333333333,False
ATF6,538,0.00016383630425438739,145,0.001036108541305139,737,5.1911054783974095e-05,473.3333333333333,False
ZNF382,464,0.0002180146204795385,262,0.0006550049205763956,694,7.457297008571548e-05,473.3333333333333,False
MYBL1,307,0.0003642286742846905,399,0.0004059933935147428,715,6.404393011972719e-05,473.6666666666667,False
HEY2,544,0.00016092318930194585,389,0.0004129608595245703,491,0.00018850172180216097,474.6666666666667,False
CREB3L3,330,0.0003426637699290454,504,0.00027657108647403993,595,0.00012304245900174988,476.3333333333333,False
FOXA1,740,4.891631703553573e-05,465,0.00032668637457831983,224,0.0004446063928546871,476.3333333333333,False
NKX2-1,377,0.0002990765161367755,343,0.0004962161763573517,710,6.562876575016132e-05,476.6666666666667,False
ZIC1,558,0.00014995039455725694,445,0.0003447806765658849,428,0.00022928743191235327,477.0,False
BMAL1,408,0.0002665524690424319,297,0.0005701410793962526,728,5.788633805364594e-05,477.6666666666667,False
INSM1,613,0.00012000664946409609,383,0.00042208239328415817,438,0.00022285002143868923,478.0,False
MLXIP,607,0.00012147513707757203,385,0.0004207292554624611,445,0.00021977460369443537,479.0,False
ELK1,434,0.00023827996858127528,670,0.00010274346144948747,334,0.00031752359457255585,479.3333333333333,False
DOT1L,278,0.0003985558598466896,467,0.0003243772653907702,695,7.390352998489409e-05,480.0,False
PML,524,0.00017143270409206073,626,0.00014760135852129403,291,0.00036772849489352666,480.3333333333333,False
ZFPM2,728,5.4322256965044105e-05,234,0.000734256568621001,480,0.00019468076636092684,480.6666666666667,False
SIX4,226,0.000467586803675989,583,0.00018346632535240408,633,0.00010405296223559685,480.6666666666667,False
FOXO1,312,0.00036026031238141815,759,3.01841908955271e-05,372,0.0002774785423797987,481.0,False
GBX2,631,0.00010884562934120088,448,0.0003416475429441396,368,0.00028054299098965714,482.3333333333333,False
HSF4,335,0.00033540115490400996,662,0.00011128938487645152,450,0.0002155263955363339,482.3333333333333,False
SMARCA1,446,0.00023300969549426776,367,0.00044107458325015614,634,0.00010277579498520164,482.3333333333333,False
AIP,426,0.00025065992799062025,318,0.0005325087256094872,704,6.907465116049482e-05,482.6666666666667,False
ZBED1,735,5.063881009141498e-05,339,0.0005036473478352229,375,0.0002743052468276525,483.0,False
TOX,334,0.0003385186278826564,459,0.00033156382673813357,658,8.886168790215007e-05,483.6666666666667,False
E4F1,507,0.0001832355046756771,660,0.0001116196851577997,285,0.0003706376456358901,484.0,False
POU3F2,536,0.00016455170824449604,443,0.00034856297253499537,473,0.0001985218590127922,484.0,False
NR5A1,510,0.0001807634760304857,591,0.0001762526809615696,355,0.0002971835948563129,485.3333333333333,False
RARA,304,0.00036832898951450426,687,9.032710047070698e-05,466,0.00020300511614522497,485.6666666666667,False
TCF15,566,0.00014625375584645636,366,0.00044169238729161657,526,0.00016385295012613906,486.0,False
SOX7,288,0.000392863518231245,555,0.0002123467353075367,618,0.00011017701520726729,487.0,False
PAX6,597,0.00012874646206416753,666,0.00010667576233579939,198,0.0005052448580527473,487.0,False
FOSL2,235,0.00044716143302001444,685,9.151928115484638e-05,542,0.00015093746795304415,487.3333333333333,False
PIN1,483,0.00019916614327794989,380,0.0004243376757985419,600,0.00011758727952582149,487.6666666666667,False
CRX,402,0.0002726687427387774,328,0.0005166791233105786,734,5.427607623367046e-05,488.0,False
NR4A1,548,0.00015830128679130158,309,0.0005436253683607598,607,0.00011367633779390086,488.0,False
PAX3,594,0.00013222393803082676,372,0.00043575525618314606,498,0.0001802114962564896,488.0,False
ESRRG,325,0.00035041493083554087,429,0.000366631253586313,712,6.431683522747838e-05,488.6666666666667,False
RREB1,386,0.00028351647861165583,616,0.0001582071533558712,464,0.00020379600377826577,488.6666666666667,False
RLF,603,0.00012588147689105298,618,0.0001567669405355418,246,0.00041169380169363154,489.0,False
LMO2,511,0.00017999850842381255,708,7.107871784548728e-05,253,0.00040498892682686954,490.6666666666667,False
ASCL1,344,0.00032560726961519595,461,0.00032978016858550927,668,8.599790677373787e-05,491.0,False
MTA2,724,5.850303831831921e-05,353,0.00046876204187080447,397,0.0002549227479958614,491.3333333333333,False
ID3,635,0.0001061479259898547,248,0.0007023448206382454,596,0.00012233670878372598,493.0,False
SMARCA5,625,0.00011153732050435868,225,0.0007508894753052366,630,0.00010489872577130137,493.3333333333333,False
STAT5A,532,0.00016673811412395233,569,0.00019934446064243357,380,0.00026989260190689356,493.6666666666667,False
NKX2-2,389,0.00028182864947335804,761,2.9549246758878407e-05,338,0.00031334658997435105,496.0,False
ZBTB7A,636,0.00010613788167850571,587,0.0001805476746416058,266,0.00039110711033131474,496.3333333333333,False
HOXB6,471,0.0002107022446080698,704,7.557541642046489e-05,318,0.00033511907031424926,497.6666666666667,False
NR1D1,662,9.3546951028468e-05,659,0.00011265880063795272,173,0.0005621204386305621,498.0,False
NR2F1,568,0.00014572837820499748,488,0.00029214409181770924,439,0.00022260613390430578,498.3333333333333,False
HOXA7,283,0.000396220988091734,606,0.00016567961740127595,608,0.00011353842100210916,499.0,False
MTF1,115,0.0007440906257133148,676,9.861378262857298e-05,707,6.697548166405822e-05,499.3333333333333,False
MKX,396,0.0002775780691424953,726,6.125594447196777e-05,377,0.00027169777368988326,499.6666666666667,False
HDAC4,309,0.0003629208130419239,575,0.00019063127450119117,615,0.0001110260038854683,499.6666666666667,False
TBX15,326,0.0003502898176851555,549,0.0002195237647163484,624,0.00010788066099239173,499.6666666666667,False
SIN3A,599,0.00012835086440744726,501,0.0002776400409939842,403,0.000249172374141739,501.0,False
GLI3,515,0.0001774689059847002,418,0.00038930087202884624,572,0.00013327033549399636,501.6666666666667,False
ELF1,526,0.00017059861024928537,650,0.00011979670664907121,329,0.00032167228401345767,501.6666666666667,False
DEAF1,572,0.00014446597953627298,270,0.0006277585635788538,663,8.803192405814502e-05,501.6666666666667,False
NR5A2,519,0.00017438880830540754,540,0.0002333339228857078,449,0.00021658575894028246,502.6666666666667,False
DBP,216,0.0005136095662278835,728,5.8719102294188275e-05,568,0.00013458673850623649,504.0,False
TBX5,482,0.00019925991978068808,530,0.0002462438712124519,502,0.0001758391352243057,504.6666666666667,False
NFYA,264,0.0004130246807797062,682,9.403195852009105e-05,569,0.00013357185156337437,505.0,False
ESR2,244,0.00043504628419296665,720,6.565970999896777e-05,556,0.0001409924487416681,506.6666666666667,False
TGIF1,409,0.0002637663067368769,721,6.397939527211996e-05,392,0.0002600162434425852,507.3333333333333,False
PIAS1,369,0.00030404127394859006,758,3.1333548614129263e-05,399,0.00025448710154953665,508.6666666666667,False
YY1,360,0.00030801244214513423,760,3.0035420386187788e-05,406,0.000246110554075351,508.6666666666667,False
HIF3A,540,0.00016276431230807881,624,0.00015058721674895045,363,0.00028336506893262566,509.0,False
NRF1,480,0.00020286419479623763,594,0.000174787752281659,453,0.0002126570459839775,509.0,False
MIXL1,448,0.0002298526710960273,593,0.0001748730287682988,488,0.00019058166869647474,509.6666666666667,False
IRF2BPL,606,0.00012290686343917378,311,0.0005416104729165179,613,0.00011113028630595842,510.0,False
ZBTB16,585,0.00013667980158171497,746,4.175692087797374e-05,200,0.0004989968735819937,510.3333333333333,False
ATF1,291,0.00038918381872835283,519,0.0002620236988153727,721,6.135506590109297e-05,510.3333333333333,False
SNAI1,703,6.900809140378524e-05,661,0.000111314425379133,168,0.0005703032054911587,510.6666666666667,False
PITX2,600,0.0001280376192233124,307,0.000546906534950584,625,0.00010760830909771185,510.6666666666667,False
ZFP42,215,0.0005164644189996827,741,4.461369429090061e-05,577,0.00013239622383266715,511.0,False
IRX4,626,0.00011085083843047896,610,0.00016382269382120285,299,0.00035953996537114796,511.6666666666667,False
NFE2,550,0.00015582764214369408,319,0.0005315029790360561,666,8.747215518048384e-05,511.6666666666667,False
LHX4,403,0.0002707572704931601,444,0.00034653266635414735,689,7.52189948436601e-05,512.0,False
MEF2D,542,0.00016174452045533778,450,0.00034066491433336387,545,0.00014924241833630896,512.3333333333334,False
RARB,451,0.00022824894730199435,718,6.612506880503679e-05,371,0.00027761802120139555,513.3333333333334,False
SON,663,9.279367405366484e-05,279,0.000618339738249426,598,0.0001195691593404528,513.3333333333334,False
MXI1,754,3.729890309898995e-05,156,0.0009645498126412184,631,0.00010468245863673033,513.6666666666666,False
ZNF436,620,0.00011436107470699702,230,0.0007445281007676385,691,7.507565538887637e-05,513.6666666666666,False
HOXA4,573,0.0001437053434230937,258,0.0006691726480450156,713,6.427951674505962e-05,514.6666666666666,False
ELK4,273,0.00040490194388357025,520,0.0002593240542616761,752,4.1282345903853766e-05,515.0,False
LMX1A,730,5.402417825321622e-05,295,0.0005777127611178333,521,0.00016571118004032377,515.3333333333334,False
KLF10,666,8.968631865538114e-05,453,0.00033822836590071813,429,0.00022709605437312624,516.0,False
BRCA1,354,0.00031276112930079376,577,0.000189757726351066,620,0.00010905636482933136,517.0,False
ZNF423,500,0.00018960025785087385,633,0.00013874394846750832,419,0.00023585834105688264,517.3333333333334,False
ZFP64,649,9.984801418867887e-05,532,0.00024362348947513303,373,0.00027736515504316094,518.0,False
NPAS4,327,0.0003462053001853884,629,0.0001448282742427237,604,0.0001156002419906365,520.0,False
ZNF202,440,0.0002354758437248124,354,0.0004666110143123886,766,3.513698759618287e-05,520.0,False
KDM2A,651,9.93021535199053e-05,702,7.694066677934394e-05,208,0.0004785544831038075,520.3333333333334,False
FOXO3,632,0.0001087045558705313,478,0.00031391414223903803,452,0.00021306919101615415,520.6666666666666,False
NRL,756,3.6677326716490675e-05,345,0.000490228713371118,461,0.00020523316485113438,520.6666666666666,False
STAT4,622,0.00011301486050414992,196,0.0008299383817674508,747,4.49191143378508e-05,521.6666666666666,False
MBD2,513,0.00017922444018362663,752,3.663332686077217e-05,302,0.00035498257093016707,522.3333333333334,False
PREB,161,0.0006370217823848978,707,7.145602205534244e-05,700,7.075291155789535e-05,522.6666666666666,False
ZNF354C,584,0.0001391058141633273,512,0.0002680272596218415,474,0.00019737600500362035,523.3333333333334,False
MYT1,504,0.0001857988370788503,304,0.0005527067582575414,764,3.567552268739774e-05,524.0,False
KLF7,443,0.0002349615037997644,623,0.0001511749440251978,510,0.00017129431286916184,525.3333333333334,False
NCOR2,705,6.760205273318813e-05,571,0.0001988563133112841,301,0.00035592013340867584,525.6666666666666,False
KLF17,545,0.0001598868258304609,499,0.0002783689287615275,534,0.0001581254728091005,526.0,False
ERG,588,0.00013606558804619425,486,0.0002971710745799955,509,0.0001729561400571294,527.6666666666666,False
LITAF,743,4.491836618612841e-05,288,0.0005935699405888569,554,0.00014266290703758523,528.3333333333334,False
GLI1,710,6.509850651286108e-05,381,0.00042424883422702834,495,0.00018233636152823843,528.6666666666666,False
KMT2B,314,0.0003576058045451425,686,9.107589674482425e-05,587,0.00012651631970393075,529.0,False
NR2F2,374,0.0003003564410982673,458,0.00033207356359594775,757,3.780221649497775e-05,529.6666666666666,False
MTA3,497,0.0001907361656569926,464,0.0003273273334729531,628,0.00010661406966634827,529.6666666666666,False
PRDM4,677,8.33191201030042e-05,216,0.0007666173739766457,698,7.214226107090795e-05,530.3333333333334,False
GATA5,547,0.00015841400496548997,426,0.00037188976082716454,621,0.00010862585206266982,531.3333333333334,False
RORC,412,0.00026145245239163296,637,0.0001349835807890155,546,0.00014908823585942216,531.6666666666666,False
NR0B1,741,4.652039618408156e-05,276,0.0006200556408381972,582,0.0001280270354446643,533.0,False
IRF8,706,6.64969775375005e-05,377,0.0004273403745476874,518,0.0001668849157188864,533.6666666666666,False
SOX18,582,0.00013984067953915104,421,0.0003821830986811564,599,0.00011776417424223176,534.0,False
SIRT1,656,9.728844975573779e-05,320,0.0005299691114707842,627,0.00010670640398733198,534.3333333333334,False
FEZF2,452,0.00022799267846053363,767,2.0742543100458065e-05,385,0.0002638736671156728,534.6666666666666,False
HDAC7,561,0.00014929290666094113,522,0.0002585632410476578,522,0.00016555826360245467,535.0,False
NFE2L2,260,0.00041437027076343924,740,4.582911571929165e-05,609,0.00011281499158402849,536.3333333333334,False
HOXA5,621,0.00011390394067132135,639,0.00013374427603731888,352,0.00029925513359020954,537.3333333333334,False
MNX1,659,9.50527246872794e-05,630,0.0001438275545283294,327,0.00032305883289643935,538.6666666666666,False
NEUROG3,694,7.631607879403914e-05,333,0.0005103356519970421,590,0.0001255708203713928,539.0,False
NUPR1,702,6.937086694828547e-05,368,0.00044090103856984626,547,0.00014771765939492593,539.0,False
OLIG2,672,8.60501613900486e-05,188,0.0008505012173731247,759,3.748138752602051e-05,539.6666666666666,False
CDX1,533,0.00016605638584086122,611,0.0001626360516101241,476,0.00019629403471877924,540.0,False
SREBF1,611,0.00012052907222272496,507,0.0002744378937842901,503,0.00017553597657834788,540.3333333333334,False
VSX1,697,7.302646097838134e-05,266,0.0006396419845590241,664,8.763836130883233e-05,542.3333333333334,False
SOX3,623,0.00011217301950579757,559,0.00020657566466125542,446,0.00021931503889652848,542.6666666666666,False
DLX3,441,0.00023540250296002452,446,0.00034343845618423074,742,4.673170776580912e-05,543.0,False
DLX2,617,0.0001154204994579135,439,0.0003517083718951185,576,0.00013253961656566776,544.0,False
MYF5,567,0.00014593123985446943,553,0.0002140864103101635,513,0.00016925298501229753,544.3333333333334,False
E2F6,520,0.0001740869909461678,643,0.00012841801581640593,471,0.00019901734871189436,544.6666666666666,False
MAFB,407,0.0002683473802476604,668,0.00010476972055891676,562,0.00013912858595472932,545.6666666666666,False
PEG3,411,0.0002618810342896309,483,0.000302444937309095,746,4.541160624707131e-05,546.6666666666666,False
PLAGL2,243,0.00043594556077688606,747,4.072376874335525e-05,651,9.176264983886651e-05,547.0,False
FOXH1,454,0.00022552175540002997,715,6.795021873916663e-05,475,0.00019718408024842077,548.0,False
FOXA3,580,0.00014044399559183645,528,0.00024839581636005084,539,0.00015423944639945657,549.0,False
PAX2,581,0.0001403599913950526,409,0.0003959003703185414,657,8.909604361296067e-05,549.0,False
HOXC8,380,0.0002946473417165235,739,4.621124353382749e-05,528,0.00016234664389853725,549.0,False
YAP1,410,0.00026226615536319457,554,0.000213784340165589,684,7.705410729816762e-05,549.3333333333334,False
ZNF24,595,0.00013054034320880703,652,0.00011919329507855647,405,0.00024693728954396045,550.6666666666666,False
KDM5C,652,9.844858132882192e-05,574,0.0001911919429899585,432,0.0002262263138329052,552.6666666666666,False
FEZF1,444,0.0002344849634606693,648,0.00012292137462006366,567,0.00013470716824789028,553.0,False
CREM,506,0.0001836676338880903,694,8.029436371819456e-05,462,0.00020518107177133172,554.0,False
JDP2,496,0.00019136572598199564,497,0.0002795095018896201,671,8.547477428971268e-05,554.6666666666666,False
ETV6,372,0.00030209711944321913,552,0.00021442440670811763,740,5.0185413080112774e-05,554.6666666666666,False
FOXI1,615,0.00011739517667394645,396,0.00040695384002516,654,8.963877011863684e-05,555.0,False
NFYB,673,8.556724703518712e-05,470,0.0003202379161727935,523,0.000164784055312573,555.3333333333334,False
BHLHE40,609,0.00012114407717107993,700,7.74814548818044e-05,366,0.00028146555831309536,558.3333333333334,False
ARID3A,700,7.144003810307967e-05,539,0.00023427882003047807,437,0.00022317851328262412,558.6666666666666,False
SRF,685,8.095168885888322e-05,568,0.00019939880923722987,424,0.000233361241658837,559.0,False
POU5F1,654,9.804972917681562e-05,678,9.692876090449548e-05,349,0.0003011313876730569,560.3333333333334,False
FHL2,637,0.00010610518080339358,654,0.00011735393845948707,390,0.000261701904870885,560.3333333333334,False
SP6,722,5.9614746305346564e-05,308,0.0005464166242745705,652,9.142250161348233e-05,560.6666666666666,False
ZNF384,560,0.0001495098172337307,433,0.00035799411982610985,690,7.519236317423818e-05,561.0,False
ZBTB4,227,0.0004647884746770036,756,3.3659904298650126e-05,701,7.025452587904088e-05,561.3333333333334,False
NCOA3,650,9.94170921556457e-05,351,0.0004763449731013459,688,7.596567416421543e-05,563.0,False
BTG2,661,9.418280698097857e-05,651,0.00011929483724943015,378,0.00027158207605066997,563.3333333333334,False
SP7,683,8.166113792952525e-05,352,0.0004760092861584836,660,8.863173903724449e-05,565.0,False
POU4F3,437,0.00023653660703833643,658,0.00011316013320317848,602,0.00011695279802166404,565.6666666666666,False
NR4A2,695,7.628900887842367e-05,710,7.001158835563639e-05,295,0.00036330165036788185,566.6666666666666,False
SOX6,665,8.981396831586608e-05,699,7.825250333301923e-05,339,0.00031271754696580035,567.6666666666666,False
TFAM,669,8.70253611176188e-05,536,0.00023697297103464018,501,0.00017724618007350452,568.6666666666666,False
FOXO6,385,0.00028481205015740477,717,6.641500448859954e-05,610,0.000112026385481427,570.6666666666666,False
MYB,570,0.00014539291272754008,617,0.00015815067897826586,529,0.00016205647756351027,572.0,False
FOXP3,466,0.0002138521808584907,603,0.000167452572510008,647,9.37079185622079e-05,572.0,False
PTF1A,604,0.0001254360994328801,369,0.00044019685256127116,745,4.5901277292654875e-05,572.6666666666666,False
TLX2,468,0.0002120661150856353,614,0.00016081108978224537,640,0.00010006110092750518,574.0,False
TSC22D1,716,6.084222052598334e-05,566,0.0002019604605789716,440,0.00022242736006526022,574.0,False
RB1,688,7.940009059104864e-05,625,0.00015004415252640297,409,0.0002442801506310757,574.0,False
NR2C2,745,4.346080587228326e-05,560,0.00020557881232159133,417,0.00023690407672829954,574.0,False
SOX17,739,4.913056830527818e-05,427,0.00036996708717417664,557,0.00014088399117292394,574.3333333333334,False
ARID3B,461,0.0002196062902261143,607,0.0001655664729806824,656,8.942435722370978e-05,574.6666666666666,False
CLOCK,417,0.00025686468286563246,701,7.729365301078029e-05,606,0.00011518339531386432,574.6666666666666,False
NEUROD1,321,0.00035338743954884137,667,0.00010509221582803245,743,4.667713304789259e-05,577.0,False
KDM5A,516,0.00017731994979493365,538,0.00023497505245276525,677,8.253609145491441e-05,577.0,False
HDAC9,762,3.3917256050733954e-05,393,0.0004098771093016363,583,0.00012795411814717133,579.3333333333334,False
POU3F4,421,0.00025195754834716024,563,0.0002039287569011845,754,3.9740359480255556e-05,579.3333333333334,False
POU2F2,668,8.765627724557996e-05,688,8.869725673385929e-05,383,0.0002686045526471307,579.6666666666666,False
NR2F6,752,3.827843957365627e-05,330,0.0005152784930639124,661,8.840178891618548e-05,581.0,False
NKX6-1,583,0.00013953058284889929,495,0.00028052396665964005,667,8.666328343977194e-05,581.6666666666666,False
NKX2-5,565,0.00014690123667592024,493,0.00028625092184511505,693,7.479734732772737e-05,583.6666666666666,False
NR1I3,732,5.210784801011993e-05,456,0.00033423514791634676,564,0.0001377114646071608,584.0,False
TFDP2,387,0.0002830267473351948,753,3.659991965881118e-05,617,0.00011048092669879549,585.6666666666666,False
KLF2,624,0.00011208162758177568,531,0.0002446760657214713,603,0.00011680383019379957,586.0,False
HEY1,727,5.4357957051681837e-05,730,5.598985005190805e-05,308,0.0003491545986628008,588.3333333333334,False
ARID4A,474,0.0002078783319313626,541,0.00022825400101696275,753,4.057804536736293e-05,589.3333333333334,False
ARX,598,0.0001286442477655128,537,0.0002351671927788795,636,0.00010191425457409505,590.3333333333334,False
TCF7L1,646,0.00010113489943948521,727,6.078831969110373e-05,400,0.00025406315289315404,591.0,False
TFAP2D,715,6.098262560506169e-05,442,0.0003503237247500555,619,0.00010985390588690403,592.0,False
ZNF160,768,2.333708636739678e-05,765,2.6042979709734745e-05,243,0.0004170114539661971,592.0,False
HCFC1,555,0.00015254104103536466,609,0.00016395285548710626,612,0.00011187241638439941,592.0,False
ZNF236,502,0.00018608937881588983,647,0.00012520559112538126,629,0.00010622928278170355,592.6666666666666,False
SSRP1,569,0.00014557427997124165,724,6.275371943224062e-05,485,0.00019292447101096596,592.6666666666666,False
DMRT1,593,0.00013226473680388705,460,0.0003309905701330122,727,5.827262042921368e-05,593.3333333333334,False
NRG1,458,0.0002223948660269853,706,7.287131432385443e-05,616,0.00011078722724693952,593.3333333333334,False
HOXB5,675,8.461573174551604e-05,452,0.00033839654478277117,655,8.944536263429241e-05,594.0,False
TCF7L2,709,6.534130859503159e-05,621,0.00015148045171351689,454,0.0002126158231331746,594.6666666666666,False
THRA,714,6.24042476173062e-05,561,0.00020554861681155285,511,0.00017102552026520271,595.3333333333334,False
HES1,453,0.00022612321679320524,565,0.00020228101282376002,768,3.456257022966208e-05,595.3333333333334,False
TEAD2,315,0.0003572851166512864,750,3.85152706581776e-05,722,6.0341244278561135e-05,595.6666666666666,False
MSC,667,8.782247079156232e-05,449,0.00034124268090222773,674,8.441967842222972e-05,596.6666666666666,False
IKZF1,744,4.4306874193033465e-05,517,0.0002622384976430939,532,0.00015866873370255647,597.6666666666666,False
MAFA,738,4.955294036704166e-05,387,0.00041733027488920595,670,8.549427764998627e-05,598.3333333333334,False
MEF2C,505,0.00018549749774771925,734,4.8749188550477705e-05,563,0.00013864914228978512,600.6666666666666,False
FOXP1,549,0.00015731401913399168,705,7.51688972245161e-05,549,0.00014740492179862142,601.0,False
GATA6,306,0.0003652778717340962,763,2.747688230682122e-05,735,5.28357841558516e-05,601.3333333333334,False
ZNF143,577,0.00014186739606025117,656,0.00011544309759267091,575,0.00013263134387688243,602.6666666666666,False
EWSR1,693,7.635273731450077e-05,590,0.0001767349203598287,527,0.00016297553371202866,603.3333333333334,False
JARID2,564,0.00014762674999591388,627,0.00014713524691008692,623,0.00010808008568862316,604.6666666666666,False
SFPQ,579,0.00014103732849669154,558,0.00020718475004535074,678,8.151239429336807e-05,605.0,False
EBF1,529,0.00016782336829099663,613,0.00016187474446985905,675,8.267149151327165e-05,605.6666666666666,False
FOXF2,431,0.0002443014526293017,672,0.00010218989301206834,714,6.426420652279792e-05,605.6666666666666,False
SOX9,719,6.0032505865562666e-05,384,0.0004211754930701883,718,6.249685142088104e-05,607.0,False
ZNF91,535,0.00016495338078882605,567,0.00020130331237548185,719,6.208615028152116e-05,607.0,False
KLF11,514,0.00017789127644901424,602,0.0001680793137700565,706,6.860324430652491e-05,607.3333333333334,False
IKZF4,660,9.423202528992216e-05,434,0.00035799344759928346,729,5.707844149478178e-05,607.6666666666666,False
PLAG1,578,0.00014162978406299467,579,0.00018622821584191377,669,8.566184214872064e-05,608.6666666666666,False
ZFX,546,0.0001587202242593445,636,0.00013503128658350872,648,9.365711642317365e-05,610.0,False
HLF,455,0.00022538069567941199,681,9.505405859647797e-05,697,7.369829975491196e-05,611.0,False
SATB2,627,0.00011074180729958078,689,8.73711483074768e-05,520,0.00016586783309066684,612.0,False
NR1H2,717,6.0676205201256906e-05,709,7.103685828089155e-05,413,0.0002399260643944676,613.0,False
IKZF3,648,0.0001000025361973354,548,0.00022037309730821465,644,9.789399894433507e-05,613.3333333333334,False
SF1,674,8.486685396057896e-05,397,0.00040665473324858766,770,2.6392095598952658e-05,613.6666666666666,False
ATOH7,493,0.000193692242147115,595,0.0001739288394756758,756,3.806762821110793e-05,614.6666666666666,False
GFI1B,686,8.019296729578468e-05,677,9.724394924364098e-05,484,0.00019296684667730887,615.6666666666666,False
RUNX1,400,0.0002745060619831334,745,4.212037970405342e-05,703,6.987604054153212e-05,616.0,False
SATB1,759,3.5531595145997564e-05,723,6.329610040206097e-05,367,0.0002813193425963894,616.3333333333334,False
ZGLP1,574,0.00014369019891350118,516,0.000263572101506394,760,3.7453941820998715e-05,616.6666666666666,False
PHOX2A,587,0.00013608056225376512,582,0.00018462191098115343,683,7.769229830441778e-05,617.3333333333334,False
KLF3,523,0.00017163296844902368,737,4.664662259796849e-05,597,0.0001203177240604272,619.0,False
MAFG,537,0.00016398231723634854,695,8.017850896635537e-05,626,0.00010740446961155958,619.3333333333334,False
ZBTB32,645,0.0001012697717326439,573,0.00019314938459281234,649,9.292198687875718e-05,622.3333333333334,False
GABPA,726,5.4426889805563924e-05,657,0.0001140084676039392,490,0.00018859697321328315,624.3333333333334,False
STOX1,676,8.460853915738825e-05,436,0.00035466296702163,762,3.621882857145083e-05,624.6666666666666,False
BCL6,723,5.948473415776679e-05,564,0.00020299750073690754,588,0.00012580306972525597,625.0,False
CTCF,691,7.800343665048166e-05,431,0.0003635049903151054,755,3.934163090956952e-05,625.6666666666666,False
GCM1,490,0.000195424928307375,683,9.376463229197422e-05,705,6.893580847768945e-05,626.0,False
UBTF,416,0.0002575330380557606,725,6.274497832926113e-05,744,4.6410996600601805e-05,628.3333333333334,False
BCLAF1,433,0.00024017813689859008,771,1.7259022682381335e-05,681,8.001520533505094e-05,628.3333333333334,False
NR2E3,512,0.00017998448679050355,628,0.0001455630947131078,749,4.398767553204903e-05,629.6666666666666,False
NFX1,758,3.604504750864487e-05,400,0.00040443738607515996,732,5.4914416694779874e-05,630.0,False
ATRX,562,0.00014810702186774836,738,4.6329449830726375e-05,591,0.00012449399782419525,630.3333333333334,False
GATA3,765,2.918207942304355e-05,665,0.00010776634237365876,482,0.00019384209024269006,637.3333333333334,False
MYOG,698,7.252488001775032e-05,757,3.298048627501752e-05,460,0.0002052477272668925,638.3333333333334,False
HNF4G,750,3.8638268910084364e-05,514,0.00026609443408564073,662,8.821896133695466e-05,642.0,False
BACH2,748,4.102096612365013e-05,754,3.5512832476465036e-05,436,0.00022467625653503504,646.0,False
FOXN4,771,1.5415285029567393e-05,523,0.0002574800399804989,645,9.627376799931591e-05,646.3333333333334,False
PROP1,692,7.76577970541301e-05,511,0.00026927737072776034,750,4.1947759305216437e-05,651.0,False
HOXD8,725,5.54050482926207e-05,714,6.797460815377576e-05,516,0.00016782204417695263,651.6666666666666,False
ZNF76,751,3.853719304440043e-05,494,0.00028554454991425507,717,6.364785850387238e-05,654.0,False
HESX1,492,0.00019431392339549458,716,6.746267152982799e-05,761,3.652040667670021e-05,656.3333333333334,False
SPIC,608,0.00012141470577978797,646,0.0001260532134865295,716,6.402930295328615e-05,656.6666666666666,False
GTF2I,630,0.00010895352542407043,581,0.00018507786024780546,763,3.571542624685781e-05,658.0,False
HES5,658,9.676617268420766e-05,742,4.390201864322135e-05,574,0.00013285567375174705,658.0,False
POU1F1,763,3.134819716166248e-05,472,0.00031806328197627875,741,4.9692860947644995e-05,658.6666666666666,False
ABL1,655,9.803369460204328e-05,692,8.35657805403185e-05,646,9.435250829838107e-05,664.3333333333334,False
DNMT1,657,9.694189837178459e-05,762,2.8048873575770017e-05,579,0.0001299497087617593,666.0,False
GFI1,764,2.9445936378506715e-05,515,0.000263826527578093,724,5.941614287109611e-05,667.6666666666666,False
SP2,618,0.00011512118792531758,748,3.916008306463702e-05,638,0.00010117887080265532,668.0,False
TBX20,612,0.00012040343508109193,713,6.84833775749272e-05,680,8.015452596356626e-05,668.3333333333334,False
TAF1,720,5.99410400192802e-05,743,4.3693041047965906e-05,548,0.00014752941902687863,670.3333333333334,False
NCOA2,543,0.00016142096721909405,749,3.855333020889399e-05,726,5.838536152723326e-05,672.6666666666666,False
ZBTB38,586,0.0001361986221564676,675,9.904867708857265e-05,758,3.7676703710525835e-05,673.0,False
HIVEP3,689,7.886985158844448e-05,604,0.0001659327934844717,739,5.073719010176197e-05,677.3333333333334,False
KLF1,640,0.0001033663856097953,669,0.00010346977363999967,730,5.681215356562018e-05,679.6666666666666,False
BHLHE41,742,4.530915577542297e-05,641,0.00013248397996187234,659,8.877444237110798e-05,680.6666666666666,False
GATA2,734,5.127940505558675e-05,551,0.0002175522685265054,765,3.521488562721188e-05,683.3333333333334,False
DLX1,755,3.7258250819494414e-05,570,0.00019927609564822916,731,5.638094362301204e-05,685.3333333333334,False
PDX1,731,5.2888637597340335e-05,599,0.00016888703931334186,733,5.427778534555278e-05,687.6666666666666,False
SMARCC1,721,5.9801151716480185e-05,768,2.057014683258403e-05,580,0.0001298455454540696,689.6666666666666,False
NR1H4,749,3.87662676764852e-05,645,0.00012832989614942176,696,7.382494598207393e-05,696.6666666666666,False
RFX2,760,3.463048400559837e-05,622,0.0001512590091062355,709,6.566830080859373e-05,697.0,False
NR1D2,769,2.119687373181023e-05,684,9.212946530419556e-05,643,9.84922800929174e-05,698.6666666666666,False
HOXC13,707,6.641215394154187e-05,644,0.00012840800802609232,751,4.193974186377169e-05,700.6666666666666,False
DNMT3B,687,7.974494607162453e-05,769,2.0168494495335793e-05,653,9.097042225164441e-05,703.0,False
ZFPM1,704,6.785694917901061e-05,671,0.00010260884379352898,748,4.484670250203708e-05,707.6666666666666,False
POU4F1,733,5.1704150966756835e-05,766,2.4760172149568103e-05,637,0.00010120635804826627,712.0,False
DACH1,736,5.037607236066472e-05,679,9.624506008886976e-05,736,5.264595014369199e-05,717.0,False
ZBTB14,746,4.2169185614208495e-05,751,3.788308079149925e-05,687,7.604555019113945e-05,728.0,False
PKNOX1,770,1.929595491180113e-05,696,7.992025670815069e-05,769,2.9519374000174e-05,745.0,False
NR6A1,766,2.48488728043085e-05,764,2.6395968540246926e-05,738,5.154275659268956e-05,756.0,False
