tf,importance_mean,importance_std,rank
HOXB7,0.004614839535512293,0.0021226582645115302,1
HIVEP1,0.004293512756354322,0.0015306998018606744,2
RELB,0.003934884095285426,0.002168308876650214,3
ZEB1,0.003832017445364672,0.00027385804520107696,4
RUNX2,0.0038207779771347317,0.0012887791054570182,5
ID4,0.003712231972527165,0.001387270034088487,6
MZF1,0.003513909979312413,0.0012519386711207032,7
KLF8,0.003409466030250475,0.001908292284934877,8
RELA,0.0033993986520304454,0.0006926965054980424,9
IRX1,0.003317660327365497,0.0007796473877441016,10
NR3C2,0.003079955000614082,0.0015947539942011346,11
SETBP1,0.003041934192291169,0.0014943377625439315,12
HOXB9,0.0030207300567073824,0.0005817900291085365,13
DNMT3A,0.0030071531784617235,0.0005704042839105326,14
HOXD3,0.0029568295263155534,0.002612505811914351,15
AEBP1,0.0029543148410066168,0.0007474828709769524,16
FOSB,0.0029188721130163006,0.0022938400042256495,17
TET1,0.0028884502860617232,0.0016566768014641422,18
BCOR,0.002653110837686677,0.00020480873617278938,19
HLX,0.0026062216419255363,0.000969270557396786,20
NFKB2,0.002569626374238534,0.001545151608259254,21
PROX1,0.0025463464752086876,0.0009210186148431586,22
ESR1,0.002498278614292198,0.00041529478179213393,23
RFXANK,0.0024859400186731805,0.0005123307066434377,24
STAT2,0.0023920193557525195,0.001058132227792276,25
HR,0.0023903316870969734,0.000361940464590689,26
REL,0.002307316144771278,0.0011009677488681884,27
PPARGC1B,0.002306659297527854,0.0008050019799847105,28
FOS,0.0022962887319408765,0.001638448618836382,29
STAT3,0.0022909030235978485,0.0013140467726774705,30
TLX3,0.0022781136394447884,0.0020818898740318165,31
TBX2,0.002216275090030089,0.0016329949816638399,32
NFAT5,0.0022066498597298804,0.0011402435680616149,33
SREBF2,0.002142274175226207,0.0018635602949589453,34
CEBPB,0.0021267119263066346,0.0014487491609911798,35
SIX3,0.0021203974932664416,0.000581336142092213,36
TLX1,0.00207730081421912,0.0015449703110734442,37
ZXDC,0.002066454514194925,0.0007684008619207549,38
PHF5A,0.0020093262303017777,0.00048222370347185395,39
CTBP1,0.0020075081185853085,0.0007232033138103213,40
TRPS1,0.0019836027925365014,0.0011648216574357093,41
SPDEF,0.001979193289500215,0.0002186844764583467,42
IRF3,0.0018815655862683821,0.0008737042260872841,43
HTATIP2,0.0018728519082627587,0.0005012134185916952,44
PRDM2,0.0018665694254866479,0.0008466089627632623,45
ZNF362,0.00181661840088973,1.823075715370636e-05,46
NSD2,0.0018014080923963738,0.0006355787699593795,47
ASXL1,0.0017924619156345749,0.00016381424524348549,48
FGF2,0.0017912279493917007,0.0003576488408760901,49
CXXC1,0.0017744882176765429,0.00023230979815121766,50
MAX,0.0017611896492606392,0.0006996141464464556,51
ZBTB7B,0.0017508719106215243,0.00032586183456006476,52
VENTX,0.001744954981377029,0.0012159909498457152,53
GRHL3,0.0016862647999648353,0.0006715928616542043,54
LHX1,0.0016835966098714187,0.0001544224452977748,55
AP1,0.0016830549693042825,0.00017359825307250153,56
JUND,0.001678904475454027,0.0002206956549255329,57
RFX1,0.001622799341011977,0.0003584344785027701,58
SMAD4,0.0016112183828530153,0.0006154228018026133,59
CREB3L1,0.0015721296354426195,0.0009493564125093296,60
NFATC4,0.0015389952541962047,0.0005444918815983768,61
TCF21,0.0015327958088593933,0.0004228592622640655,62
FOXE1,0.0015264245261039262,0.0007199600841790423,63
RARG,0.001520564269917991,0.00111097537959594,64
TFDP1,0.001505270604186558,0.00044487183123742693,65
E2F1,0.0014965445258580113,0.0007156828023933714,66
MEF2B,0.0014870884970977468,0.0007531439809165462,67
FOXG1,0.0014853393243016639,0.0005936756652966283,68
PPARD,0.0014853159462364426,0.0011970984543450323,69
KLF12,0.0014812225408926255,0.0005626286207434267,70
VHL,0.0014760715495472738,0.0001656331423006011,71
THRB,0.0014729512819177777,0.00017475452941476623,72
SP1,0.001467168995490779,0.0004426523280220506,73
ETS2,0.0014526765195537015,0.0002745212935268671,74
POU4F2,0.0014514191465459958,0.000558110210358475,75
ZNF335,0.0014483639523942572,0.0007375035222777751,76
NEUROD1,0.0014422349531006985,0.0005143746719572887,77
EGR4,0.0014320095332679024,0.00037045912092755807,78
NFKB1,0.001424425039961837,0.0008392282808556261,79
MTF1,0.0014199836213899262,0.0003712616589329637,80
DAXX,0.001416512471618574,0.00020197473301212843,81
PHOX2B,0.0014108916551744774,0.0009340191913359497,82
ZBTB33,0.0013759056324641212,0.0003121134451169127,83
ATF7,0.0013710385997414548,0.0003883403262438139,84
ZNF219,0.001370380293879825,0.0004567075669820672,85
TBPL1,0.0013683026919545339,0.00070535729738933,86
USF2,0.001367122650837627,0.00047340267586189986,87
BMAL2,0.0013613984715181177,0.0004355653923127442,88
ARID1A,0.0013599009774643124,0.0002710939374758131,89
GRHL2,0.001349473470184816,0.00011101879601564912,90
ELF3,0.0013476429070615635,0.0004260611834185255,91
DBP,0.0013407793214465721,0.000865095882120788,92
EOMES,0.0013219058740546507,0.0011418121147860247,93
HDGF,0.0012985286903980835,0.00041604376003394897,94
ASCL2,0.0012846328652978461,0.0010151927334472385,95
MYCN,0.0012775449201647214,0.0002715460161542746,96
HOXA13,0.0012731700096055372,0.0004888201881809812,97
TFAP2C,0.0012432046980871067,0.00015131443857839622,98
HOXA1,0.001235894622397214,0.000693377565297069,99
HIPK2,0.0012335013210083687,0.0005242583875835923,100
NCOA6,0.0012317206868176825,0.0001449656658754395,101
BCL11A,0.0012283876865951996,0.0005829938528972417,102
FOXP2,0.0012250991416894149,0.00036869341045236704,103
BARX1,0.001207469531694031,0.0005134184367501723,104
SMAD7,0.0012070416977302547,0.0008359885265741731,105
ZMYND8,0.001205524365407958,0.0005312117081671022,106
SALL1,0.0012012235597605027,0.00021663103374247548,107
FOXC1,0.0012000279488659938,0.00018721322121502661,108
RXRG,0.0011921829358542057,0.000544469792378827,109
TFAP2B,0.001188515770866046,0.00030572239195698886,110
ZNF350,0.0011743408577473535,0.0002089177085469457,111
MLX,0.0011697656963856344,0.00046558724356687614,112
NAB2,0.0011664842032137175,0.0005726157503821666,113
FOXC2,0.001166032637105916,0.0006831255372400572,114
NR2C1,0.0011538386921951902,0.00047897070910102925,115
TWIST1,0.0011488633155033422,0.00019145568326475572,116
TCF7,0.001143908703930591,0.0002112545046246266,117
NKX3-2,0.0011358551353145912,0.0004704120129667382,118
ZNF410,0.0011338721861841007,0.0006940404842070464,119
E2F5,0.0011295784314724086,0.00014169782417774082,120
THAP11,0.001127925355335306,0.00043007842002892226,121
NR0B2,0.0011202439676515385,0.00020048223427396886,122
MEIS1,0.0011114685379551602,4.2051633242024424e-05,123
ZNF300,0.0011066034102386213,0.00013839690352576486,124
ZEB2,0.0011031726408974566,0.0001749345485305712,125
ZNF263,0.0010951567261567694,0.00015279476122795934,126
ATF3,0.0010940561046487631,0.0004367019758722741,127
SNAI2,0.0010836189703322494,0.0009635094806725957,128
SKIL,0.0010779008457070126,0.0002494581529948616,129
XBP1,0.001072014487086296,0.00039059406276006404,130
MEF2A,0.0010704909369552396,0.00023430508834187892,131
SMAD5,0.001068595511988594,0.0004328857206008795,132
HNF1A,0.0010600811442290333,0.0007579229237626345,133
HOXA9,0.0010600311514423599,0.00023218859228674914,134
RXRA,0.001056907769663961,0.00034554672662689143,135
ELF5,0.0010539518180674424,0.0001359143330948576,136
DMTF1,0.0010519602751766358,0.00031406332675045667,137
SMARCA4,0.001051475565717085,3.239556742535164e-05,138
TCF20,0.00104542408256509,0.00030433104947064337,139
GATA4,0.0010381518893402906,0.0006346226509681988,140
ZFP42,0.001034314390748514,0.0002911586609261094,141
LHX8,0.0010299018188233177,5.796190724798803e-05,142
PRDM1,0.0010287008989131082,9.053656578163641e-05,143
EGR1,0.0010217890258587947,0.0006740332849775946,144
FOXM1,0.0010204598200776085,0.00030581433861375407,145
PITX1,0.0010182849593749982,9.616748916194885e-06,146
TBXT,0.0010169986930435183,0.00016613589181349673,147
LYL1,0.0010168380001250809,0.0003322569347899619,148
NFATC2,0.0010166670801109747,5.138551699185844e-05,149
HMGB2,0.0010151549483057949,0.0002888087141951301,150
NKRF,0.0010069982064959905,7.814010200014589e-05,151
E2F7,0.0010053092456390996,0.00027309558323275484,152
NKX2-1,0.001003911768181081,0.0005277520738429955,153
SIX1,0.0010029663169829328,0.0005004861678652433,154
ZBTB4,0.0009975129154901254,0.0007568417665456052,155
TEAD1,0.0009973307294307914,0.00011058549297233125,156
UTF1,0.0009893145853963844,0.0003874492409513551,157
RFXAP,0.0009837704236393032,0.00041843223811525207,158
TBX6,0.000979692672224315,0.00033161300070471913,159
NR2E1,0.0009790436999969412,0.0002542495892495155,160
FIGLA,0.0009669528294809902,0.00029389129088675523,161
GATA1,0.0009575985935071279,0.00026009079533290304,162
MECP2,0.0009527660042956335,0.0007642382151250974,163
SP3,0.0009524740618832829,0.00010705867619541228,164
PAX4,0.0009520786535966805,0.0005234955127140232,165
HOXA10,0.0009426457529559569,0.00039182270547711987,166
SIX4,0.0009410321749875047,0.0002733280726956458,167
CEBPZ,0.0009394833864232599,0.0003045609747208243,168
JUN,0.000938558041381995,0.0003990681870903607,169
CUX1,0.0009350368009476406,0.00021962277741513055,170
LHX2,0.0009314393162989143,0.0003275426999617468,171
MEOX1,0.0009296890670676209,0.0002590185186795392,172
E2F2,0.0009277858135001591,0.0003229319694976554,173
JUNB,0.0009260489520595848,0.0004115899973019492,174
MBD1,0.0009227733961000868,0.0006713582692013476,175
CREB1,0.0009213748820029926,0.0001545281955467849,176
HOXD10,0.0009116796742881603,0.0005565027835054519,177
MECOM,0.000906495079851249,0.000256813193320909,178
TBX18,0.0009032993938251251,0.00033089368085713555,179
MESP2,0.0008943468015841614,0.00045637326965384525,180
HDAC1,0.0008920731328672821,0.0002584001902199596,181
KAT7,0.0008915185068569068,3.708132258142878e-05,182
AHRR,0.0008873040318023167,0.0002646646085218678,183
TEAD2,0.0008708905139656054,0.00045785718303222316,184
ZHX2,0.0008635792826570458,0.00025984528640673977,185
EGR2,0.0008632409367157031,0.0004369666747424051,186
PREB,0.0008624913469505216,0.00020525529827589901,187
WWTR1,0.0008541453294786018,0.00020478065104383964,188
STAT1,0.0008540221333888817,0.00028840679285890635,189
GATA6,0.0008518185338169757,0.000674746409084815,190
RORA,0.0008498623538578227,0.0004049057867515422,191
NOTCH1,0.0008429100224094152,0.0004164218143983777,192
ZKSCAN7,0.0008349023807127334,0.00018890241945635722,193
NONO,0.0008341862126259241,0.00011585272287431775,194
SALL2,0.0008327317885007255,0.000502780050381704,195
KDM5D,0.0008264926071784761,0.0005127658988965363,196
ZNF699,0.0008261881893340981,0.0001287007531641503,197
HOXC8,0.0008238646398350478,0.0003569173450113357,198
SCX,0.0008096243857219844,0.00026095194813325294,199
REST,0.0008084350579108537,0.0001123655979792889,200
CREB5,0.000805158611417092,8.757242002910485e-05,201
ELK4,0.0007994511845860567,0.0005668369163064355,202
HSF2,0.0007982853116292899,0.00048431190849075026,203
VDR,0.0007972600484401593,0.000135219970601907,204
NFYA,0.0007968136195230351,0.0004416001802120789,205
HOXD13,0.0007963313320381144,0.00033674240951315647,206
RARA,0.0007934159866153728,0.0005509062880447065,207
KLF6,0.0007880155042520794,0.00034905489906198893,208
ETV4,0.0007837525938037913,0.00010931119881067559,209
NFKBIZ,0.0007797213832721658,0.00023225377358987144,210
NCOA1,0.0007791528192750076,0.0004173125427898105,211
KDM5B,0.0007778049356593236,0.00012356220438905963,212
SMAD6,0.0007755751137595307,4.8156636668641165e-05,213
RBPJ,0.000775338875809386,0.0003454153471779039,214
PPARG,0.0007740041610763956,0.0003303133913318935,215
TBX3,0.0007722472464478176,0.00042371678039564316,216
HIVEP2,0.0007691184201034084,3.778962388816882e-05,217
NFE2L2,0.0007679655898335004,0.0003632785859965034,218
EZH2,0.0007626071127735413,0.0006121303758518413,219
HHEX,0.0007547346714789162,0.00018735127560874095,220
ESR2,0.0007522731372705953,0.0001836612767897745,221
PLAGL1,0.0007509722568712068,0.00031660081471074174,222
ETS1,0.0007484027503585136,0.0007173821576179541,223
HOXC6,0.0007457066668862491,3.822991474475187e-05,224
CREBZF,0.0007396154046362407,0.00024082914825905908,225
AR,0.0007393549829542664,0.00028101037943817873,226
NKX3-1,0.0007329318638360774,0.00032447467611161667,227
LMO4,0.000730608578236331,0.000351988596986677,228
TBX10,0.0007302729666781773,0.0004899334492127609,229
HIF1A,0.0007300504399296702,0.00010623350553041288,230
MAZ,0.0007245324561425131,9.113100044334526e-05,231
NFIC,0.0007189815549775224,0.0004133038089198339,232
PAX8,0.0007176586424350837,0.00013732863048398876,233
ARNT,0.0007173107715704711,0.0003111217066894069,234
POU3F1,0.000712178526987143,0.00020871902596435944,235
KCNIP3,0.00070914050487166,0.0001937203506986848,236
EP300,0.0007048808677674368,0.00036965169002275094,237
TWIST2,0.000698303862183747,0.0001640246860802337,238
NR2F2,0.0006952142685813762,0.00021702675598181257,239
SUPT20H,0.0006926844724886499,0.00021454179529087643,240
ELK3,0.0006891183076784801,5.35571122401714e-05,241
EHF,0.0006876355181102233,0.00045523206480688064,242
ELF2,0.0006835012452231442,9.832381599268426e-05,243
NKX6-3,0.0006795524145305499,0.0003415851280639717,244
PATZ1,0.0006749213674501877,0.0005430686641100109,245
ZNF148,0.0006727667455035054,0.0001650661880525907,246
CEBPD,0.0006719863739670821,8.603537433121629e-05,247
BRD4,0.0006673269886143133,0.00016724171299432,248
GSC,0.0006656586471551852,0.0002009052363963516,249
RUNX3,0.0006645778799251311,0.00018414894087405672,250
IRF7,0.0006644124837322638,0.00013981796180771375,251
HDAC3,0.0006564920758759711,0.0003513193616578483,252
MEIS2,0.0006550732127019306,0.0002447552069314385,253
KAT5,0.0006550001606440058,5.702805379374586e-05,254
ONECUT1,0.0006473484774325748,0.0003943131289580864,255
NCOR1,0.0006451690166287712,0.0001550829790131927,256
HMGA2,0.0006451200208239886,0.00031414965010726306,257
APEX1,0.0006444577681739274,0.0003359513540770499,258
FOXJ1,0.0006413758828647119,0.00023530266474721745,259
FOXQ1,0.0006411659269653655,0.0003501466833481335,260
PBX2,0.0006380876216971589,0.00020866372193790398,261
ESRRG,0.000637766866847497,0.0002715578089354037,262
ETV5,0.0006356798051224386,0.00029122547050998285,263
HIC1,0.0006299474076155148,0.00014671408288606725,264
WT1,0.0006233600637311941,3.038794505412857e-05,265
PRDM16,0.0006183117587519371,4.9459276737926915e-05,266
NKX2-5,0.0006174097387415576,0.00032391360427288515,267
DLX3,0.0006164088923777294,0.00030651305716282635,268
ETV3,0.000616237793124553,0.00017245937239895604,269
CIITA,0.0006149136659293407,0.0002478978869010122,270
GLI2,0.000613420876327313,0.00011510926192905528,271
TFDP3,0.0006062978524888155,0.00011420563653528276,272
SOX7,0.0006041966056373996,0.0002545437497975448,273
LHX3,0.0006005506114224956,0.0001291770825606823,274
FEZF1,0.0005992562787606871,0.0003634994489783639,275
GTF3A,0.0005986379838585054,0.0005481723830879548,276
SMARCB1,0.0005961136875553143,0.0002509849572587922,277
NACC1,0.0005953931608698872,0.00016315175748284245,278
HDAC7,0.0005950198830813024,0.0003669057476365261,279
RORB,0.0005949204059763562,0.0001282088978315992,280
SMAD9,0.0005924747436649634,0.00028354069794596636,281
ARID4B,0.0005905791668481577,0.00016525319260932785,282
IRF4,0.0005888993375926724,0.0001360927490730122,283
HOXB1,0.0005886960362737098,5.288512109281647e-05,284
TP73,0.000587263505395879,0.00026982225832039705,285
ZIC2,0.0005864727757724346,0.00011981144799805759,286
TSHZ3,0.0005824500866388788,0.00012808949889327482,287
TCF4,0.000579233145129025,0.00023379821943530143,288
LEF1,0.0005792035527216721,0.0004943298513940675,289
PLAGL2,0.0005760376139604511,6.21514299096775e-05,290
ZBTB18,0.00057597547941348,0.00034405532630100115,291
LMX1B,0.0005721811828630283,5.1226362819382964e-05,292
MAF,0.0005710965800285475,1.5252415013515599e-05,293
BACH1,0.0005699958574730387,0.00044565851747547326,294
NEUROD2,0.0005686651802281833,8.518719154956291e-05,295
MAFB,0.0005680694470990575,0.00029062215175756857,296
SOX5,0.0005677465953312727,7.45919238772163e-05,297
NPAS2,0.0005672703811154318,0.00010226733457728724,298
NPAS4,0.0005669709902241838,0.00032253739339419907,299
SOX10,0.000566967553549598,0.0002798103248459057,300
PPARA,0.0005669123875619412,0.0002653542172093036,301
HOXA7,0.0005650899535307551,9.53837376658833e-05,302
ATF6,0.0005647879494118212,0.00027082276399415233,303
MYRF,0.0005620286283695837,0.00016227306527445134,304
PITX3,0.0005576169015647784,5.6594117936169356e-05,305
HOXA2,0.0005524302443330206,7.1249921988494e-05,306
SHOX2,0.0005512686323049591,0.00012439162822179924,307
HESX1,0.0005505541396199289,0.00034752438626803393,308
TRIM28,0.0005479175913662421,9.15405545647431e-05,309
HOXB3,0.0005473369004561152,0.00017604070956232836,310
FLI1,0.0005454334052846015,0.0002361840174817277,311
ZNF395,0.0005443521720280842,0.0003268092123818186,312
FOSL2,0.0005423373019236622,0.00010538208056097663,313
YY1,0.0005411880660491616,0.0004316583477981086,314
ETV6,0.0005410966503845747,0.00023321971472689852,315
KMT2B,0.0005404103139628407,0.00019765286498783712,316
RFX5,0.0005383268473503714,0.0002390177403890665,317
BARX2,0.0005370892594319137,8.211213328653597e-05,318
YBX1,0.0005343883376576971,0.00018849321846629074,319
FOXO6,0.0005286229211342782,0.0002814176446142467,320
ARID5B,0.0005276333793883876,0.00022562198938384868,321
TCF12,0.0005220726622491099,0.00025682138433920034,322
ARID1B,0.0005178416497784323,2.7168186198322245e-05,323
TFE3,0.0005178055221262359,0.00023945202865488738,324
YBX3,0.0005174453990381989,4.9502183110612584e-05,325
FOXO1,0.0005171012416950003,0.0001240298489191139,326
HOXB13,0.0005165881646718162,0.0001887763339542712,327
PGR,0.0005143931966006681,0.00012412466568422381,328
CEBPA,0.0005136775613746894,0.00013414198065909083,329
HDAC4,0.0005130679226135955,0.00016717708486514745,330
FOXF2,0.0005112743823060969,0.0002578530793688634,331
DMAP1,0.0005110496967375579,1.4641849358818174e-05,332
SALL4,0.000509237706495756,0.00022355632396345258,333
HOXD1,0.0005072658013519649,0.00022245637947242557,334
ATF4,0.000505967408452022,0.00021511321591339533,335
AIP,0.0005047130611861998,0.00032367451073202794,336
ATOH1,0.0005041853295938841,0.00013332983606046238,337
FOXD1,0.0005021789187860967,0.00035319066173453335,338
BMAL1,0.0004960255428873993,0.0002057564687307145,339
TBR1,0.0004958107558673193,0.00014226634276650035,340
TOX,0.0004957460272603064,0.00031917818289039303,341
POU3F4,0.0004946714525890502,9.586780606694569e-05,342
KLF7,0.0004909812111192896,0.00028347712785924606,343
STAT5B,0.0004906147586819251,0.0003619610155449555,344
CREB3L3,0.0004902443396912706,0.0001840991654384984,345
PRRX1,0.00048759126051212473,0.0001565307985815505,346
KAT6B,0.0004872240962863497,0.00012515641281513287,347
E2F4,0.00048533232050269334,0.00013461113180638593,348
ELF4,0.00048508058016339404,0.00012855744440081772,349
ZNF331,0.00048354166890912713,0.00024383030806437192,350
GLI3,0.0004807165288009929,0.00021462631899551077,351
PHF20,0.00047833502944143614,0.0003138903302132325,352
CRX,0.0004781598594309348,0.00021463704312896803,353
CTBP2,0.0004768424939924348,8.987455236798872e-05,354
ZNF217,0.0004764174980944591,0.00021640555351401522,355
POU2F3,0.0004749860895204583,0.00019872176551220613,356
IRF6,0.0004742738211214944,0.00023751645461187352,357
OLIG1,0.00047379573885736494,5.5824849783991214e-05,358
PAX1,0.00047114273031363126,0.00035579913614308765,359
DOT1L,0.0004657908000671159,7.833734802750428e-05,360
ID2,0.0004654699655046431,0.00019731046889950093,361
BATF,0.0004654394198739898,6.832632843073605e-05,362
HMGA1,0.0004651654200546491,0.0001434057832396408,363
PAWR,0.00046297318974600237,0.00015850067059951014,364
TLX2,0.0004614605508157061,0.00011921107719419305,365
NR3C1,0.0004590619307852437,6.901681317351749e-05,366
STAT6,0.0004584861408241148,7.56695456581744e-05,367
ESRRA,0.0004583268593379593,0.00020233501971421729,368
TAL1,0.0004559925842207149,0.00018550074943599727,369
SPIB,0.00045531231379849064,0.0003270031830311454,370
KAT6A,0.0004516435350101668,0.00012961745712726045,371
ATF5,0.0004489503167091854,0.00020887736699605402,372
TBX1,0.00044803295554572166,0.00015134665798544845,373
ASCL1,0.00044721797526645486,0.0002389770135255383,374
CTNNB1,0.0004416091931025703,0.00018157891518725674,375
TFDP2,0.0004407825271509681,0.0001547324040114504,376
TP63,0.0004385146916437214,0.0003257381110383832,377
ZNF24,0.00043740912929268516,0.00015252466682082302,378
TGIF1,0.0004350491558627732,0.00017380934623705726,379
ZFHX3,0.000434471242883636,5.035291537185977e-05,380
POU3F2,0.0004341064999460635,0.00021514012146971553,381
ZNF202,0.0004314698362830111,0.000115176245070244,382
NFATC3,0.0004265891113548156,8.491319373358166e-05,383
JDP2,0.00042455069756449715,0.00021110691535899752,384
PIAS1,0.0004221939730190239,0.00027360385843856,385
POU2F1,0.00041872114399432053,4.360194582346466e-05,386
RXRB,0.0004182789497993629,5.23937987283492e-05,387
ATF1,0.00041761796608475013,3.4427833819581503e-05,388
GCM1,0.00041760845737477356,0.00021378486096644707,389
NHLH1,0.00041609303126035523,9.306082625708714e-05,390
DLX4,0.00041595979480566907,0.00016765086713411203,391
FEZF2,0.00041504779424122724,0.00017379811343588226,392
KLF17,0.00041396880776620035,0.0003355852115901507,393
NFYC,0.0004131619260117922,3.0446118878202864e-05,394
HCFC1,0.0004130479302846358,0.00020019961363006646,395
MITF,0.000412717287538053,0.00011308147041129695,396
SPI1,0.00041243490398736445,0.00031167745254400195,397
ENO1,0.0004123584525474382,0.00024394995256920977,398
ZNF423,0.0004122365913631118,0.000137086980706949,399
FHL2,0.00040872536709400144,0.0001793701716122021,400
SSRP1,0.0004081187260030422,0.00014798619570261797,401
E2F3,0.00040731828230583246,0.00012386316326747546,402
FOXL2,0.00040544919692743893,0.00018362338016346,403
FOXH1,0.0004032908569665595,0.0002774652320609442,404
ERG,0.0003998801648168236,0.00028668200146698893,405
FOXN1,0.0003991153052304457,3.814649818113691e-05,406
NFIB,0.0003982903192708722,9.515709425179945e-05,407
HOPX,0.00039641817399645635,0.00012340919830638615,408
HSF4,0.0003957666989312086,0.00016291112167752386,409
TEF,0.00039062845223118687,6.316384183210928e-05,410
TBP,0.0003902885129151639,7.52745774829752e-05,411
IRF5,0.000388618101474875,8.808872393442547e-05,412
PLAG1,0.0003884591320075568,0.00018079169087240965,413
GTF2IRD1,0.00038812143334566963,0.00017184882167697293,414
YAP1,0.0003871531717510408,0.00016849301359992758,415
CDX1,0.0003857295812990013,0.0002570124658973593,416
SRF,0.000384614339409914,0.0002479714331800471,417
HSF1,0.0003843679451386429,0.00013853495124978386,418
SIM2,0.0003837447013022874,9.718180376067369e-05,419
SOX2,0.0003830935474658386,7.754672814845599e-05,420
VEZF1,0.00038289798512686495,9.75442086719184e-05,421
ZGPAT,0.0003819479982579688,0.00011439272511416088,422
ZBTB38,0.0003802683246350272,0.00020728908624533524,423
NOTO,0.0003801001906431981,7.986860622748054e-05,424
MYOD1,0.00037865977342139886,0.00017161737147622814,425
ETV2,0.00037807133434375023,0.000232545569802204,426
NR4A3,0.0003762120994242834,3.6889719715401946e-05,427
TFCP2,0.0003752311635472184,0.0002684951958094458,428
ELK1,0.0003745809935108727,0.00013916967071977082,429
USF1,0.00037362822144148877,9.45437870209266e-05,430
CLOCK,0.0003725151342554124,0.0001382932629173267,431
RUNX1,0.00036855414429216366,0.00015548023378054006,432
ATF2,0.000367700739094413,0.00029184690607744193,433
HAND1,0.00036728815749631044,0.00014285308241549324,434
NFIL3,0.0003659698844893703,4.727596028283447e-05,435
CREB3,0.0003654121000617276,0.000213761606638298,436
NEUROG1,0.0003639930290543674,0.00013955180327974718,437
NR4A1,0.0003633856558207473,0.00014362888237086894,438
LHX4,0.00035972458333893,0.00014190930420331487,439
TBX15,0.0003597184153835714,6.987858462570737e-05,440
MYBL1,0.0003596418840685936,5.552088675201945e-05,441
ZNF91,0.00035752906832758267,0.0002996070209165303,442
RCOR2,0.0003566707757543536,5.5868269286739034e-05,443
TEAD4,0.0003561747311176427,0.0001266663867130633,444
SRY,0.00035602531764110645,8.831760687897425e-05,445
IRF1,0.0003555991033171152,0.00011455088008965993,446
BCLAF1,0.00035442292448921095,0.00019815788410466176,447
MAML1,0.0003510212012324792,0.00027095121438077465,448
HOXA4,0.00035023957031401625,9.43951955304153e-05,449
TFAP4,0.0003502180439923707,7.04356422838817e-05,450
SMAD2,0.00034855087113381237,0.00022082614351452522,451
NKX2-2,0.000347109558571179,7.515757858468687e-05,452
RFX4,0.00034653118964695983,0.00012945897634962836,453
MED1,0.0003461674839433898,0.00013327052805393795,454
KAT2B,0.0003422363725956465,0.0003246088556873197,455
POU4F3,0.0003421312152869003,0.00014105426248563503,456
EN1,0.00033974745996248303,6.26803671780996e-05,457
FOXA2,0.00033958220722015564,3.122051284347626e-05,458
UBTF,0.00033825119207720475,4.440605960184169e-05,459
NFE2L3,0.00033821876683054865,0.00025756250410653307,460
FOXO3,0.00033718306069015794,0.00019119547727284355,461
MIXL1,0.0003353896065983357,0.0001801419364831747,462
ZFX,0.00033434844385508283,0.0002145321878508124,463
ETV1,0.00033423895662522364,0.00018985039590436214,464
ARID4A,0.00033360628696836695,0.0001313792437279859,465
ATRX,0.00033242351296256385,0.0001672378405646798,466
MXD1,0.00033175583993020935,0.00010943881424422439,467
BRCA1,0.00033174004069697,7.70344736289502e-05,468
PITX2,0.00033091246980646504,0.00020657127876894858,469
CHD4,0.00032721993607129205,0.00010779752123608,470
IRF2,0.0003271725443969766,0.00010727739482679578,471
ZNF236,0.00032634004850998015,2.6683816527781538e-05,472
ABL1,0.00032623651456252213,0.0002805305161899364,473
RREB1,0.0003248763032641161,1.9116558239040227e-05,474
CTCFL,0.0003241212611679127,7.46934662546759e-05,475
MSX2,0.00031998493214269625,9.935011702505133e-05,476
EPAS1,0.00031927081900016903,4.866454113344015e-05,477
ZBTB17,0.000317816287958672,6.199185659543793e-05,478
SOX11,0.0003177048015045743,4.217893501172638e-05,479
NFKBIB,0.0003167184555626374,0.0002827879084863196,480
OVOL1,0.00031161068970086855,2.1464830159227568e-05,481
HBP1,0.0003110162435228227,0.00011657289265512261,482
RFX3,0.00031005913875833816,0.0001513860349904737,483
IKZF2,0.00030787750548333495,1.665952465021134e-05,484
ID1,0.0003077576504663261,0.00011455326332138686,485
NFKB,0.000307220062419359,6.385891978792896e-05,486
PEG3,0.0003065797872148672,0.0001247876310294415,487
CREM,0.0003058733434803264,0.00016856449664979397,488
SPIC,0.00030258926016119746,0.00010335516865100716,489
MKX,0.0003003670871330909,2.263112145220115e-05,490
SMARCA1,0.0003002195133978254,0.00015528584791976542,491
NR1I2,0.00029677931260234483,7.340614070142938e-05,492
TGFB1I1,0.00029636138385617106,0.00020376963862154531,493
NR2F1,0.0002951822740067717,0.0001368421615307442,494
RORC,0.000293333117275609,7.674362495177952e-05,495
NFATC1,0.0002924866353984239,5.595105508810807e-05,496
KLF13,0.0002922248221164919,6.252994539814719e-05,497
ING4,0.00028783364097757796,9.15037455252009e-05,498
NFE2L1,0.00028710119483153594,9.524362494556006e-05,499
DLX5,0.00028496267117447764,0.00017767353480074483,500
ZNF382,0.00028452898496799766,0.00016014044237997366,501
PAX3,0.00028315715013949364,0.00014987356411588765,502
TBX21,0.00028177672243174644,5.465744404948002e-05,503
ETV7,0.00028068677869283774,0.0001294790622110744,504
NFE2,0.00028067081752461225,0.00012002111656093776,505
SMAD3,0.00027997640439941514,0.00011226939242569352,506
ATOH7,0.0002799538515946646,8.715754039967526e-05,507
HES1,0.00027995362742844367,4.562369802784532e-05,508
CDX2,0.0002796332690908038,0.00020605217832683352,509
MNT,0.0002790994203448895,9.722051407852989e-05,510
EGR3,0.0002785824475957458,0.00010019725735675868,511
NEUROD6,0.00027763384631834305,0.00011573779840148926,512
HLF,0.0002762967891724179,3.316729657289134e-05,513
KLF15,0.00027607427045950317,9.324054333034072e-05,514
NR5A2,0.0002756680038943685,0.00016109579697863686,515
TADA2A,0.00027502825823057085,3.759738006161093e-05,516
NKX6-2,0.00027462295417875557,2.8182210751527377e-05,517
ZBTB16,0.0002726136950040926,3.9525277193045486e-05,518
FOXP3,0.00026955760796626595,1.622768105269054e-05,519
ISL1,0.0002694838299397944,2.443350370618581e-05,520
OTX2,0.0002694035313736681,2.5827267603550645e-05,521
STAT5A,0.000267245653819862,0.00019787355543945349,522
NEUROG2,0.0002663713214197476,0.00013219570437068745,523
PAX7,0.00026508928995742345,4.3512599139474916e-05,524
MYBL2,0.00026420678647589923,3.526949045104442e-05,525
HOXB4,0.0002638106719573305,2.2805701285587306e-05,526
CEBPG,0.0002635006974293277,5.372716138180911e-05,527
ZNF804A,0.0002612931795929031,2.9273162815093638e-05,528
RARB,0.0002600706826911511,0.00019501868680250935,529
TP53,0.000258862884262177,0.0001595932149051278,530
NR5A1,0.00025774628249789633,9.877901583369338e-05,531
NANOG,0.0002559245281581109,5.603809020712841e-05,532
LRRFIP1,0.00025417015232952244,0.0001551590246964442,533
NRG1,0.00025416913701842346,7.62346072522288e-05,534
AHR,0.00025376301192005083,2.4877079529542893e-05,535
KDM2A,0.0002522130641990849,0.0002075978601842502,536
ZNF384,0.0002508858012037816,0.0001884398752941444,537
HIF3A,0.00024904565894055185,0.00019687071739098817,538
MTF2,0.0002486480013343143,2.862108671439516e-05,539
MTA3,0.00024852505641614,7.43602419012786e-05,540
POU4F1,0.00024828696943317616,0.0003306192884820108,541
HOXA11,0.0002476858480227051,2.6782896732920136e-05,542
GTF2I,0.0002475256815272133,0.00013639511896316396,543
FEV,0.0002463371061073092,0.00013055170005465947,544
EBF3,0.00024257067400829056,0.00010748432360282767,545
CREBBP,0.0002409658140063263,0.00010724064207098821,546
E2F6,0.0002399634487563454,0.00010911901580095466,547
ESRRB,0.00023975229494410105,2.033638664428863e-05,548
DDIT3,0.00023904787046213232,0.0001368147642935719,549
MLXIP,0.00023738215732251,0.0001416170096944717,550
MYT1,0.0002368026367034706,0.00017488385711833431,551
NR1H3,0.0002367012776818054,6.697589537004051e-05,552
TBX5,0.00023612257753091278,7.704184408302729e-05,553
HEY2,0.0002360738279271067,4.514917117805908e-05,554
KLF11,0.0002357282928326438,9.0692935889528e-05,555
ELF1,0.00023456800321619453,4.5078486182860556e-05,556
IRF2BPL,0.0002299373658907559,7.542789423281804e-05,557
BHLHE40,0.00022799264778403526,2.798649388372409e-05,558
PIN1,0.00022687322545117687,8.092642695976087e-05,559
TFAP2A,0.00022630600065453582,7.727122117314977e-05,560
BCL11B,0.0002257647003183721,1.0364422522540253e-05,561
TRERF1,0.00022444399646839443,2.042061289904192e-05,562
CEBPE,0.00022310496608719265,0.00012690722875282744,563
PAX6,0.00022297701854418994,0.00016865836517607425,564
HNF4A,0.00022256117962272625,5.588255462747476e-05,565
GATA5,0.0002220530322122181,7.080287936018876e-05,566
HOXB6,0.00022112688578051985,3.9291922935726325e-05,567
NFIA,0.0002208944658981765,1.2499949218954208e-05,568
ERF,0.0002185357881010284,0.0001355552313310618,569
DMRT1,0.00021839635894249307,8.341622146378132e-05,570
ZIC1,0.00021822495658384332,0.00011463358881450704,571
GATA2,0.00021734006042573476,0.0001238351420243734,572
NKX6-1,0.00021673490646770632,6.782228746675375e-05,573
MEF2D,0.0002158408336742808,9.012572161355839e-05,574
PAX9,0.0002141105487062804,0.00015465680026112357,575
HEYL,0.0002126152333578708,3.327740890298054e-05,576
SFPQ,0.00021213349064290777,2.3400686326736515e-05,577
MLXIPL,0.00021135167570078423,0.00010320873837565344,578
ZBTB32,0.0002106933152169174,0.00012174604832274783,579
SMAD1,0.00021012095958899954,6.581360783089867e-05,580
MYF5,0.00020952745958765023,4.685202892774882e-05,581
SP7,0.00020766037936301024,5.962895531116389e-05,582
SREBF1,0.0002064147234737314,0.00010465158494879875,583
HDAC5,0.0002059185599378135,6.458185774150962e-05,584
PA2G4,0.0002041994661825463,2.0655251865039056e-05,585
NRF1,0.00020369531677966627,1.7925247914249644e-05,586
POU2AF1,0.00020319026767042075,9.261473335153636e-05,587
BTG2,0.00020316542642114766,8.888955659438886e-05,588
E4F1,0.00020291323597051067,0.00010517405963834884,589
NCOA2,0.00020207185384560485,1.2110385503258336e-05,590
ARID3B,0.00020113637108375092,2.168131664655583e-05,591
BHLHE41,0.0002000852209361041,0.0002267700217211745,592
BHLHA15,0.000197295061684915,4.794584610513255e-05,593
NR2C2,0.00019671669490653495,0.0001516945187772694,594
PAX5,0.00019625996425761536,5.52025356491445e-05,595
PRDM4,0.00019504334787757603,0.00019771762763013808,596
HINFP,0.00019482567391032095,6.484514707415256e-05,597
HOXA5,0.00019431917403661062,9.671234603258929e-05,598
PARK7,0.0001940231530527416,1.7828494656502034e-05,599
MYC,0.0001923783483831005,9.744015701312071e-05,600
MYOCD,0.000191906077666524,0.00011700208879880754,601
IRX4,0.00018951137978818209,0.00017113425340891823,602
NFIX,0.0001893946503496225,2.4845605448138412e-05,603
FOXP1,0.00018337123301407276,3.7927589061530576e-05,604
HOXD4,0.00018275660787772457,1.1648791588648545e-05,605
JARID2,0.0001821856661519352,4.3485985096762315e-05,606
PAX2,0.00018189234961682538,7.272748297231475e-05,607
HOXB2,0.00018009123941841278,8.075582966861297e-05,608
MXI1,0.00017982154814820783,7.931236500501925e-05,609
KLF1,0.00017850894328653844,0.00012359700416089236,610
FOXA3,0.00017789203229724672,2.836118435321053e-05,611
MYF6,0.0001771040819931853,6.092927265275212e-05,612
NR1D1,0.00017682225230496106,0.00014546432795684944,613
NR2E3,0.0001752322176193607,3.0378934920207793e-05,614
TCF15,0.00017279609832441013,8.458176935051488e-05,615
RLF,0.0001724125376009716,9.346798227852926e-05,616
DEAF1,0.00016908347264277818,4.376119201363136e-05,617
IRF9,0.00016839222769263673,0.00010863440237602894,618
SIN3A,0.00016596760537327762,7.882783184844142e-05,619
EBF1,0.00016578580505210994,3.571876696519811e-05,620
TCF3,0.0001653932500966187,2.0129162419596137e-05,621
ID3,0.00016490843490839894,1.551782726694077e-06,622
FOXD3,0.00016390016519627777,4.4771024276113416e-05,623
KLF4,0.00016278608688332608,9.982428168533673e-05,624
HAND2,0.0001621129003854266,9.79593056917779e-05,625
DNMT3B,0.0001616910133453941,3.519267521216144e-05,626
ZBTB7A,0.00016163627163199166,9.787829319442486e-05,627
MAFK,0.00016161554777174316,3.3871072773701956e-05,628
ZNF143,0.00016150281381209426,2.0113001001022262e-05,629
LMO2,0.00016106527244791279,4.38981836320532e-06,630
MYB,0.0001606242912465665,0.0001015326891786293,631
GLIS3,0.0001582426062135623,4.150179627569578e-05,632
TBX20,0.0001564787018107658,8.925361955077857e-05,633
GBX2,0.00015606697521053145,4.3376821160681884e-05,634
NR1I3,0.00015575227566104116,7.746019830474283e-05,635
KLF5,0.0001547401299390141,8.585323311077304e-05,636
THRA,0.00015422910855572626,9.400777309406306e-05,637
NFYB,0.00015409624230550424,7.610813870821108e-05,638
DLX2,0.00015382001809363695,3.070652174521345e-05,639
SOX6,0.00015286281968725015,4.2082867963848e-05,640
TBPL2,0.00015213395713981116,9.346428011633365e-05,641
ZGLP1,0.00015208274963942077,2.669740057260014e-05,642
NCOA3,0.00015202109159837752,5.679374067606429e-05,643
SOX4,0.00015096012914082562,0.00011236714104970244,644
SNAI1,0.00015015753438759122,6.703845749745452e-05,645
SP4,0.00014971406740272707,9.065168456008106e-05,646
PHOX2A,0.00014947237575643616,5.772235283502913e-05,647
FOXO4,0.00014876885747853097,6.328633733882177e-05,648
MAFG,0.0001483653405438994,2.9530827228805435e-05,649
MBD2,0.00014689508918577142,1.3205477314875694e-05,650
TCF7L1,0.000146762866442382,2.8383507427603983e-05,651
SP2,0.00014671329934613182,7.47271350808148e-05,652
AIRE,0.00014637476645747846,5.143574320783795e-05,653
SOX3,0.00014624416270666988,5.683972770128199e-05,654
KLF10,0.0001461686479815123,4.818506993926959e-05,655
NCOR2,0.0001460180252558353,0.00011006167574492198,656
PML,0.00014580533613055152,5.895392456974615e-05,657
NPM1,0.00014559582518239666,2.9915286833273727e-05,658
TFAM,0.0001455546362409898,9.409125889245548e-05,659
SOX17,0.00014529461327908474,0.00012415980110127035,660
KDM5A,0.00014442231310223084,1.03908161898649e-05,661
GFI1B,0.00014413415701343144,4.9568457366152835e-05,662
HES6,0.0001437919803769651,4.129548337003923e-05,663
SATB2,0.00014210544322273134,3.145054953222989e-05,664
MEF2C,0.00014174284618178202,5.784480316540232e-05,665
OLIG2,0.0001401560379657334,1.9204831098858345e-05,666
ZFPM2,0.0001401394040592343,3.579597212905637e-05,667
TOX3,0.00014000310023454927,5.156624069530217e-05,668
KDM5C,0.00013877996651800108,7.652672390882519e-06,669
NR4A2,0.00013876327024047556,8.252523964193245e-05,670
HES5,0.00013874957540154937,5.442784842240952e-05,671
NEUROG3,0.0001385011850423077,6.211809481096994e-05,672
SMARCC1,0.00013820646625670708,5.3015948189875045e-05,673
EMX2,0.00013754581640186686,1.0685487534191786e-05,674
KLF3,0.0001362727713019938,2.1487646902782125e-05,675
SALL3,0.00013474640055745742,0.00010769259064072991,676
SMARCA5,0.00013471546167097772,7.256197576302707e-05,677
MTA1,0.00013362821627967833,4.5390711983061955e-05,678
SIRT1,0.00013308035599761948,6.951130607658985e-05,679
ARX,0.00013273878311813469,7.313003849315261e-05,680
HNF1B,0.0001316537244940078,0.00010849830636176062,681
ZFP64,0.00013136235866504007,4.927805629611574e-05,682
KMT2A,0.00013082386446328534,4.485669800616973e-06,683
KLF2,0.00013034323286438345,5.3985423372911564e-05,684
STAT4,0.00012908231840787784,2.025585855081897e-05,685
CTCF,0.00012876061425037385,2.6702213690658975e-05,686
SOX18,0.00012857626773144846,8.443451422348508e-05,687
IKZF3,0.00012774327662056767,3.6502073557111245e-05,688
HDAC9,0.00012751493185376,7.738253445203443e-05,689
SP6,0.00012616935753383395,6.926161637453255e-05,690
VSX2,0.0001260110904587521,2.9434722067014975e-06,691
IKZF4,0.00012498213896321598,6.17992845365841e-05,692
FOXI1,0.00012494911018633975,1.6973666285840355e-05,693
ZNF354C,0.00012427502113595635,7.2486825932398e-05,694
MAFA,0.00012316507887658737,8.17728585363408e-05,695
PTF1A,0.00012302261212306844,1.951765681550516e-05,696
TFEB,0.00012299124605813562,7.235625851183924e-05,697
PURA,0.00012299078070505967,7.2761182162145e-05,698
MNX1,0.00012287884206859856,3.0090220246644102e-05,699
STOX1,0.0001219898323195093,4.83659297397569e-05,700
FOXF1,0.00012047608333858475,9.451662690357731e-06,701
HNF4G,0.00012035238242762919,0.00010466497165732394,702
MYOG,0.00011975480044168709,4.662103437235465e-05,703
NUPR1,0.00011923611598942302,4.5421798626804815e-05,704
HOXC13,0.00011852510283428717,9.164151122114843e-05,705
FOSL1,0.00011635675057407019,1.4147186109827389e-05,706
EWSR1,0.000115461059521845,1.0368504868229896e-05,707
MSC,0.00011512402145179052,3.564373078736092e-05,708
TTF1,0.0001120943225221176,0.00010160149645948083,709
ZFPM1,0.00011076129324204757,5.117269841916656e-05,710
NR2F6,0.00010733535989083114,5.9725603512047826e-05,711
TAF1,0.00010671446635550575,5.1674513946664246e-05,712
SF1,0.00010588778277187518,2.313020729756243e-05,713
DNMT1,0.00010578804535685243,5.455734893480375e-05,714
RB1,0.00010531608260634609,3.508852928668026e-05,715
PBRM1,0.00010324683440478337,2.8805930870562886e-05,716
MEOX2,0.00010214737183059238,4.239319397652322e-05,717
NR1H4,0.00010212975182082689,4.05208065141756e-05,718
GLI1,0.00010205880512449765,2.8583870826558583e-05,719
ZBTB14,0.00010165845710460386,4.968216763079652e-05,720
NFX1,0.00010156382178823939,9.290097976332755e-05,721
KLF9,0.00010149781094610914,2.171539696733551e-05,722
HOXB5,0.00010142786965879297,3.337060273566818e-05,723
ZNF436,0.00010102607839798743,9.993059135252837e-06,724
HOXD8,0.00010043545948607744,5.796557537870012e-05,725
PPARGC1A,9.932758978713923e-05,1.2064262234358067e-05,726
PDX1,9.915111602454173e-05,6.747415787325522e-05,727
SRSF2,9.813818593896414e-05,3.5457760332712646e-05,728
IRF8,9.76342007892115e-05,1.3658776677586156e-05,729
PROP1,9.68549760563337e-05,3.5815798642144024e-05,730
HEY1,9.495680311087368e-05,7.950586390714319e-05,731
BCL3,9.353376689526645e-05,2.9310481547275422e-05,732
FOXN4,9.232288383538021e-05,4.8727740657813295e-05,733
HIVEP3,9.216987110544139e-05,2.7666928370409925e-05,734
MTA2,9.15130509178691e-05,5.029572856086511e-05,735
TCF7L2,9.057298378683459e-05,2.679598371774747e-05,736
POU5F1,8.886180475875303e-05,2.3691362945134715e-05,737
TSC22D1,8.85859961083458e-05,4.218973376988446e-05,738
POU2F2,8.800217258056829e-05,3.254122813888652e-05,739
INSM1,8.756248207055021e-05,1.8247434895048115e-05,740
MSX1,8.725468822461547e-05,3.195232904457258e-05,741
SON,8.613152766166797e-05,6.634778296611418e-05,742
GABPA,8.300383458004436e-05,5.101893057348992e-05,743
SOX9,8.115329775178555e-05,4.4159607724598776e-05,744
TFAP2D,8.06317804939982e-05,2.0176449728665652e-05,745
DACH1,7.743010920438414e-05,2.057384975987847e-05,746
BACH2,7.226039499919965e-05,3.857361804996618e-05,747
FOXA1,7.051667291875746e-05,2.97455796555375e-05,748
LITAF,6.983907451584382e-05,3.4925835381276966e-05,749
NR1H2,6.924146599378163e-05,9.138257853501076e-06,750
NHLH2,6.818660297155242e-05,2.7531731840585218e-05,751
NR0B1,6.738582643591247e-05,2.1023989141683103e-05,752
ARID3A,6.717959897496361e-05,7.34895330071087e-06,753
PBX1,6.6993090699702e-05,1.2572171140037047e-05,754
POU1F1,6.585428643398582e-05,3.484272170277667e-05,755
ZBED1,6.468890638722808e-05,1.4763882804229559e-05,756
LMX1A,6.46746032113543e-05,1.865875101104917e-05,757
SATB1,6.465614852402268e-05,2.924360423195967e-05,758
BCL6,6.076712131311922e-05,1.2953633995354687e-05,759
VSX1,5.64015407918131e-05,2.6139882092039492e-06,760
NR6A1,5.559109931884233e-05,3.23522989222447e-05,761
NRL,5.4997870981630205e-05,1.569981118478636e-05,762
GATA3,5.1962004991693035e-05,3.259657549596229e-05,763
DLX1,5.186144868024207e-05,1.0464395193583131e-05,764
GFI1,5.167655101288341e-05,2.6211601213177106e-05,765
PKNOX1,5.145527301011162e-05,5.18667687257119e-06,766
ZNF160,4.669526011057176e-05,6.426105522286175e-06,767
ZNF76,3.829034817425349e-05,2.2028475510151152e-05,768
NR1D2,3.54735354559273e-05,5.633959322649934e-06,769
RFX2,3.454653778790237e-05,1.4765968476078468e-05,770
IKZF1,2.9970254573742372e-05,1.8681167650158783e-05,771
