tf,importance_mean,rank
ZEB1,0.003442694135821622,1
MZF1,0.003326493409104208,2
RELA,0.003094336944576009,3
IRX1,0.002825479132518398,4
HIVEP1,0.0028043867295667897,5
AEBP1,0.0027003328335316232,6
BCOR,0.002587742303810294,7
HOXB9,0.0022695970540856556,8
HOXB7,0.001966445864650957,9
TET1,0.0019493742545157809,10
SETBP1,0.0019490989313150446,11
RELB,0.0019018337824849314,12
SPDEF,0.0018249342650078963,13
ZNF362,0.0017526112361944495,14
SIX3,0.0016920503058469021,15
ZBTB7B,0.0016768993673119412,16
DNMT3A,0.0016540016705689734,17
ASXL1,0.0016533233069684215,18
KLF8,0.0016315851150300825,19
ZXDC,0.001551688336114625,20
NFAT5,0.001536180745681508,21
RUNX2,0.0015318082554255273,22
THRB,0.001506071327832725,23
HTATIP2,0.0014279779064633078,24
ESR1,0.001421264789355932,25
LHX1,0.0014130747087041198,26
PROX1,0.001365389503345079,27
EGR4,0.0013421546992145577,28
TRPS1,0.0012992107537381041,29
CXXC1,0.0012785524749729534,30
HOXD3,0.0012784822756657377,31
TFAP2C,0.0012678147358559672,32
TLX1,0.0012599355720725946,33
VHL,0.0012593650963577657,34
TCF21,0.0012540781679104618,35
IRF3,0.0012291796010686085,36
FOSB,0.001210776777070626,37
HR,0.0011955586396101298,38
ZNF219,0.0011926894259169894,39
MYCN,0.001187985591197062,40
RFX1,0.0011849486812793382,41
JUND,0.0011832262913561533,42
GRHL3,0.0011816831376673883,43
TBX2,0.0011718026372281283,44
E2F1,0.001156429250344941,45
GRHL2,0.00114892841928381,46
ARID1A,0.0011392094532890371,47
PPARGC1B,0.0011374711278249654,48
CREB3L1,0.0011260819809456625,49
RFXANK,0.0011243987156018247,50
CTBP1,0.0011127862609121373,51
NFKB2,0.0011048758346022983,52
MEIS1,0.0010902462623066226,53
NSD2,0.0010820369607417338,54
E2F5,0.0010776944347791566,55
STAT3,0.0010730763364280751,56
VENTX,0.0010694051711514917,57
REL,0.0010594669419002787,58
TFAP2B,0.0010567014428626421,59
KLF12,0.0010389841743634668,60
NKX3-2,0.0010348918367526494,61
STAT2,0.0010311493433894639,62
NFATC2,0.0010275577857982805,63
FGF2,0.0010124216247332338,64
LHX8,0.0010120098234465606,65
ZNF300,0.0010112249236761163,66
HDGF,0.0010099809554627757,67
HLX,0.0010006547981919484,68
DAXX,0.0009979146404723658,69
FOXC1,0.0009960995058380913,70
ZNF263,0.000994323059289441,71
MAX,0.0009647078068431283,72
TLX3,0.0009626225609364072,73
ELF5,0.0009619606271647199,74
SP1,0.0009588365679531541,75
HIPK2,0.0009551711033661073,76
ZEB2,0.0009540167611152301,77
ZNF335,0.0009514593504277537,78
TBXT,0.0009506085724421031,79
TFDP1,0.0009490184436964972,80
ID4,0.0009481073790966273,81
FOXG1,0.0009173877249739951,82
FOXP2,0.0009100773200826194,83
NCOA6,0.0009089370548529339,84
MEF2A,0.0009028875952715294,85
NR3C2,0.0008862601795099732,86
ZBTB33,0.0008848064626087735,87
HMGB2,0.0008834965857121543,88
MEF2B,0.0008714968651364677,89
BARX1,0.0008654356826920059,90
TEAD1,0.0008627726017011535,91
PRDM1,0.0008604424476674687,92
USF2,0.0008427789336675426,93
TWIST1,0.0008413953008364457,94
NFKB1,0.0008382342394366842,95
PPARD,0.000831210142239898,96
DMTF1,0.0008253706014467311,97
BCL11A,0.0008232184957181964,98
POU4F2,0.00081833727036803,99
FOXE1,0.0008182052218244555,100
NONO,0.0008161843673433671,101
SREBF2,0.0008122825853261571,102
NR2E1,0.0008053362319542705,103
FOS,0.000805173963051471,104
RXRA,0.00079671771538525,105
RXRG,0.0007936286084176655,106
ZNF350,0.0007884870562768563,107
SALL1,0.0007873887942409827,108
NFATC4,0.000777686250936919,109
PHF5A,0.0007700791073589106,110
ASCL2,0.0007639639741297067,111
ARID4B,0.0007585194458876933,112
ZNF699,0.0007497632299088185,113
CEBPB,0.0007474345386423341,114
MTF1,0.0007440906257133148,115
REST,0.0007433631976847678,116
MEOX1,0.0007405304327221529,117
BMAL2,0.0007401981323930544,118
TBX18,0.0007376830835606928,119
ZNF410,0.0007328772245466208,120
HOXA13,0.0007295670174602437,121
ELF2,0.0007233549132996069,122
KDM5B,0.0007233414736137175,123
KAT7,0.0007225612687479401,124
SP3,0.0007189752027029913,125
TBX6,0.00071745630136568,126
HDAC1,0.0007171122043666511,127
ZMYND8,0.0007033118925419606,128
TBPL1,0.0007013319715924533,129
ELF3,0.000683842829444488,130
EGR1,0.0006836952688900055,131
HNF1A,0.0006814862807583598,132
ETV4,0.0006797198985816177,133
SMAD6,0.0006762236725990078,134
THAP11,0.0006731948117455679,135
NOTCH1,0.0006726164797190436,136
UTF1,0.000672596089040753,137
GATA1,0.00067015262450723,138
ATF3,0.0006693870607595079,139
CUX1,0.0006673009164373842,140
VDR,0.0006655803431110116,141
HOXA9,0.0006648721350343708,142
SMAD5,0.0006638351301124644,143
HIF1A,0.0006552910682110065,144
HOXD13,0.0006543313742661143,145
SKIL,0.0006539291432339021,146
E2F2,0.0006528218701202456,147
FOXM1,0.0006527665083205758,148
NFKBIZ,0.0006522604148675314,149
XBP1,0.0006522027405287989,150
ELK3,0.0006514367797728593,151
ZIC2,0.000649625507128693,152
LHX2,0.0006487958136417684,153
GSC,0.0006464705902269061,154
STAT1,0.0006449684271611852,155
NR0B2,0.0006406701711581043,156
LYL1,0.0006402901285858234,157
AHRR,0.000639909884987653,158
SMAD4,0.0006383719828039775,159
NKRF,0.0006378104755475016,160
PREB,0.0006370217823848978,161
ZKSCAN7,0.0006352491346233639,162
NPAS2,0.0006302800639153274,163
PITX1,0.0006289564291336953,164
ETS2,0.0006288688894004956,165
PHOX2B,0.0006283505569599308,166
HOXA10,0.0006270403502474602,167
SMAD7,0.0006265330762629721,168
MAF,0.0006161885878072733,169
MAZ,0.0006147515753351593,170
KAT5,0.0006129045556476877,171
JUN,0.0006083595420179653,172
SOX5,0.0005976866558546934,173
FIGLA,0.0005975615957030448,174
IRF4,0.0005963992912945811,175
MECOM,0.0005954412183310717,176
LMX1B,0.0005935244375216301,177
HIVEP2,0.0005926652531453522,178
NACC1,0.000589371711006,179
ETV3,0.0005892034417532462,180
PRDM16,0.0005875123473136531,181
WT1,0.0005795486574766762,182
SUPT20H,0.0005782476274555048,183
NCOR1,0.0005781664729676612,184
SCX,0.0005753742807566155,185
PGR,0.0005674314703686501,186
ARID5B,0.0005671397806453928,187
PAX4,0.0005657316388199737,188
EOMES,0.0005613346405549568,189
IRF7,0.0005609964706019872,190
E2F7,0.0005574120443932109,191
HOXA1,0.0005558041505633864,192
WWTR1,0.0005535214325832247,193
POU3F1,0.000552359526326737,194
PRDM2,0.0005499432128283044,195
TCF20,0.0005499136621534544,196
TWIST2,0.0005495624189996196,197
CREB1,0.0005424085705575029,198
ARID1B,0.0005380520955213797,199
TBX10,0.00053519441837235,200
HOXD10,0.0005330300950156401,201
NAB2,0.0005323820305420668,202
ZHX2,0.0005304458987032403,203
MITF,0.0005299351831843413,204
SMARCA4,0.0005272604653741423,205
CREB5,0.0005270111969090949,206
NKX3-1,0.0005240529094959184,207
ZNF148,0.0005216036623261806,208
PITX3,0.0005213051793389516,209
TRIM28,0.0005209761482850203,210
CREBZF,0.0005206118222083729,211
HOXA2,0.0005204843103966238,212
RORB,0.0005179786726192547,213
GATA4,0.0005170517546447985,214
ZFP42,0.0005164644189996827,215
DBP,0.0005136095662278835,216
DMAP1,0.000501438208823057,217
PLAGL1,0.000494305503073547,218
ARNT,0.0004887660266886638,219
FOXC2,0.00048630540766570255,220
AP1,0.00048323860794356955,221
CEBPD,0.00048088799776684277,222
NKX6-3,0.00047918026211846154,223
NCOA1,0.0004764735788767487,224
AR,0.000469857078683438,225
SIX4,0.000467586803675989,226
ZBTB4,0.0004647884746770036,227
SIX1,0.0004618428636769584,228
GLI2,0.00046085504767357963,229
BATF,0.00046002311015317076,230
PBX2,0.0004553825056339547,231
SALL2,0.0004551790365384835,232
TCF7,0.00045486693764387656,233
HHEX,0.0004528297091300456,234
FOSL2,0.00044716143302001444,235
NEUROD2,0.0004455842025284558,236
BRD4,0.0004449351911744364,237
NR4A3,0.00044451416085917805,238
NR2C1,0.0004435637174262383,239
ZFHX3,0.0004429961901829908,240
HDAC3,0.0004372711823772547,241
E2F4,0.0004364648358535884,242
PLAGL2,0.00043594556077688606,243
ESR2,0.00043504628419296665,244
KDM5D,0.00043431115968952793,245
NFIB,0.0004341739521061589,246
TFE3,0.00043304151635807517,247
ATF7,0.0004330135937235272,248
POU2F3,0.0004302231013615242,249
HOXB1,0.00042707813598540133,250
BARX2,0.0004260460342045531,251
CEBPZ,0.0004240005093213933,252
MLX,0.000419956148768754,253
SHOX2,0.00041938173705024053,254
MBD1,0.0004181224806512601,255
OLIG1,0.0004174012937062688,256
RARG,0.0004168941643249789,257
RXRB,0.0004160043571380701,258
STAT6,0.0004144499494755523,259
NFE2L2,0.00041437027076343924,260
CIITA,0.00041405202806675913,261
RUNX3,0.00041398981884964144,262
RFXAP,0.00041367377328718,263
NFYA,0.0004130246807797062,264
CEBPG,0.000409808527916594,265
MECP2,0.0004097530758282587,266
MAML1,0.0004092420723199294,267
SMAD9,0.0004090798178691385,268
IRF6,0.0004090557880717273,269
TBX1,0.0004088325600867282,270
ETV5,0.00040698661308796903,271
HIC1,0.000405120085416098,272
ELK4,0.00040490194388357025,273
IRF1,0.0004036041847085113,274
ELF4,0.0004034730592055976,275
LEF1,0.00040258894105963094,276
IRF5,0.00040233486543923624,277
DOT1L,0.0003985558598466896,278
SMARCB1,0.00039830925005513893,279
ATOH1,0.0003982256379885891,280
HOXC6,0.00039693758575402063,281
PPARG,0.0003967333192452894,282
HOXA7,0.000396220988091734,283
PAX8,0.0003956933767450678,284
EP300,0.00039450356072820523,285
APEX1,0.00039412868033933233,286
LHX3,0.0003936421294245961,287
SOX7,0.000392863518231245,288
MEIS2,0.000392288373081907,289
TP73,0.0003896125974113767,290
ATF1,0.00038918381872835283,291
PAWR,0.00038505042764978555,292
MESP2,0.0003832896692956362,293
KCNIP3,0.00038324169474545863,294
RBPJ,0.00038227453120326214,295
EGR2,0.0003816448021979974,296
NOTO,0.00038064811539670427,297
ZBTB18,0.000379347140937391,298
FOXN1,0.00037519874794353115,299
ATF4,0.00037241413242279094,300
YBX3,0.0003715373909058557,301
POU2F1,0.00037146192367786034,302
PHF20,0.00037032919945803854,303
RARA,0.00036832898951450426,304
CTBP2,0.00036610746343168296,305
GATA6,0.0003652778717340962,306
MYBL1,0.0003642286742846905,307
HSF2,0.0003635864339671433,308
HDAC4,0.0003629208130419239,309
RORA,0.00036175391219192977,310
ONECUT1,0.000361373158081292,311
FOXO1,0.00036026031238141815,312
PATZ1,0.00035918474714669696,313
KMT2B,0.0003576058045451425,314
TEAD2,0.0003572851166512864,315
JUNB,0.00035717626235165164,316
PRRX1,0.0003562876580782827,317
CEBPA,0.0003556566626050908,318
HMGA2,0.0003544289867353324,319
HOPX,0.00035363367238239857,320
NEUROD1,0.00035338743954884137,321
MED1,0.00035309393159409274,322
FOXL2,0.0003521182744048984,323
YBX1,0.00035128114851693573,324
ESRRG,0.00035041493083554087,325
TBX15,0.0003502898176851555,326
NPAS4,0.0003462053001853884,327
PPARA,0.0003459743456363812,328
TEAD4,0.00034403213529995725,329
CREB3L3,0.0003426637699290454,330
TAL1,0.00034233368405418304,331
TFDP3,0.0003409655379024998,332
EHF,0.0003395016287179191,333
TOX,0.0003385186278826564,334
HSF4,0.00033540115490400996,335
IKZF2,0.0003344006272941029,336
EZH2,0.00033428638237113995,337
NFATC3,0.00033366349384778005,338
NHLH1,0.0003336047699177112,339
EGR3,0.0003334751185541267,340
SRY,0.00033195454860581526,341
PAX1,0.00032899825975729266,342
ETS1,0.0003265055132680683,343
ASCL1,0.00032560726961519595,344
OVOL1,0.0003243822591299029,345
KLF6,0.00032384806825052004,346
TSHZ3,0.0003218196964305455,347
NFIL3,0.00032053293935777304,348
FOXJ1,0.0003186938196110435,349
SOX11,0.00031696605952729993,350
TCF4,0.00031670644070938136,351
SALL4,0.0003162557588127308,352
MTF2,0.00031492369744641604,353
BRCA1,0.00031276112930079376,354
BACH1,0.0003119210395831915,355
FOXQ1,0.0003109298231858261,356
TP63,0.0003103702926988593,357
MYBL2,0.000310063368860111,358
NR1H3,0.0003082227873771141,359
YY1,0.00030801244214513423,360
TFAP4,0.00030781045719171135,361
ZGPAT,0.0003072131496330919,362
CTNNB1,0.000307187116265361,363
FOXA2,0.0003065909408536699,364
TBR1,0.000306111368872459,365
NFYC,0.0003055801678432214,366
ZNF804A,0.00030555953071598196,367
USF1,0.00030483969947791786,368
PIAS1,0.00030404127394859006,369
FLI1,0.0003039261371833907,370
FOXD1,0.00030244394788910125,371
ETV6,0.00030209711944321913,372
SIM2,0.0003016600596352377,373
NR2F2,0.0003003564410982673,374
HOXB13,0.0002996254621104361,375
HOXB3,0.0002991084362537494,376
NKX2-1,0.0002990765161367755,377
TBX3,0.00029903402258407203,378
RCOR2,0.0002977374436644216,379
HOXC8,0.0002946473417165235,380
SPIB,0.00029175737146898206,381
RFX4,0.00029100234454379904,382
NFE2L1,0.000288607538440181,383
ZNF395,0.0002861427748843143,384
FOXO6,0.00028481205015740477,385
RREB1,0.00028351647861165583,386
TFDP2,0.0002830267473351948,387
MYRF,0.0002818667286247188,388
NKX2-2,0.00028182864947335804,389
ZNF217,0.00028180662449509936,390
GTF2IRD1,0.00028073428766771087,391
ATF5,0.00028025946644585486,392
ZNF331,0.0002799694987130131,393
STAT5B,0.00027855524599958284,394
HSF1,0.00027809920564350523,395
MKX,0.0002775780691424953,396
KAT6A,0.0002763829862336327,397
CDX2,0.0002761429731415112,398
DLX4,0.000274679550288552,399
RUNX1,0.0002745060619831334,400
KAT6B,0.000274397588410383,401
CRX,0.0002726687427387774,402
LHX4,0.0002707572704931601,403
E2F3,0.00027034381664083355,404
NANOG,0.00027027663161954314,405
RFX3,0.00026890095355983334,406
MAFB,0.0002683473802476604,407
BMAL1,0.0002665524690424319,408
TGIF1,0.0002637663067368769,409
YAP1,0.00026226615536319457,410
PEG3,0.0002618810342896309,411
RORC,0.00026145245239163296,412
ESRRA,0.0002605968894303342,413
NR1I2,0.00026017088876098126,414
NKX6-2,0.0002581656856570837,415
UBTF,0.0002575330380557606,416
CLOCK,0.00025686468286563246,417
LMO4,0.0002549214443592284,418
EN1,0.0002542355681119564,419
EPAS1,0.00025226473642512496,420
POU3F4,0.00025195754834716024,421
NEUROG1,0.00025171287360204917,422
ING4,0.0002513877442183774,423
MSX2,0.00025070051270686787,424
ESRRB,0.00025067549188062196,425
AIP,0.00025065992799062025,426
GTF3A,0.00025028095908717,427
ISL1,0.00024969665429697477,428
DLX5,0.0002478981972203518,429
NFIC,0.00024474256931419154,430
FOXF2,0.0002443014526293017,431
TBX21,0.0002411147380839931,432
BCLAF1,0.00024017813689859008,433
ELK1,0.00023827996858127528,434
SOX2,0.00023792590484795323,435
KLF13,0.00023776881873968395,436
POU4F3,0.00023653660703833643,437
CTCFL,0.00023568264614506475,438
ENO1,0.00023553215926381887,439
ZNF202,0.0002354758437248124,440
DLX3,0.00023540250296002452,441
ATF2,0.00023520906659965394,442
KLF7,0.0002349615037997644,443
FEZF1,0.0002344849634606693,444
FOXD3,0.00023446853705791275,445
SMARCA1,0.00023300969549426776,446
ID2,0.0002324459721531832,447
MIXL1,0.0002298526710960273,448
VEZF1,0.00022946887160783675,449
NFATC1,0.00022902377957672633,450
RARB,0.00022824894730199435,451
FEZF2,0.00022799267846053363,452
HES1,0.00022612321679320524,453
FOXH1,0.00022552175540002997,454
HLF,0.00022538069567941199,455
BCL11B,0.00022525394684414619,456
FEV,0.00022424194861686732,457
NRG1,0.0002223948660269853,458
SPI1,0.00022228022438260572,459
RFX5,0.0002219502156680552,460
ARID3B,0.0002196062902261143,461
ZBTB17,0.00021899801068188523,462
CHD4,0.00021880657967895704,463
ZNF382,0.0002180146204795385,464
MXD1,0.00021772520328037595,465
FOXP3,0.0002138521808584907,466
ID1,0.00021223220606412778,467
TLX2,0.0002120661150856353,468
NFKB,0.00021203965474330056,469
TRERF1,0.00021126292964860718,470
HOXB6,0.0002107022446080698,471
SMAD2,0.0002106353160039968,472
HOXB4,0.00020992430836486164,473
ARID4A,0.0002078783319313626,474
TCF12,0.00020786396445063556,475
HNF4A,0.00020708342162317257,476
NR3C1,0.00020640130308934067,477
HOXD1,0.0002059153982965213,478
MYOD1,0.0002053145415312897,479
NRF1,0.00020286419479623763,480
NFIX,0.00020148604890189083,481
TBX5,0.00019925991978068808,482
PIN1,0.00019916614327794989,483
TEF,0.00019914259472257484,484
IRF9,0.00019905050847875938,485
SMAD1,0.0001980552602397052,486
TGFB1I1,0.00019760887356011207,487
SNAI2,0.00019705015368064562,488
HEYL,0.00019697845033478546,489
GCM1,0.000195424928307375,490
NFE2L3,0.00019491946550191864,491
HESX1,0.00019431392339549458,492
ATOH7,0.000193692242147115,493
DDIT3,0.00019224154914871343,494
AHR,0.00019159769962326126,495
JDP2,0.00019136572598199564,496
MTA3,0.0001907361656569926,497
PAX7,0.00019014710080406957,498
ETV1,0.00018972424180975796,499
ZNF423,0.00018960025785087385,500
MNT,0.00018742251836556534,501
ZNF236,0.00018608937881588983,502
MAFK,0.00018584656572784297,503
MYT1,0.0001857988370788503,504
MEF2C,0.00018549749774771925,505
CREM,0.0001836676338880903,506
E4F1,0.0001832355046756771,507
PA2G4,0.00018259191208592324,508
HOXA11,0.00018204009863135676,509
NR5A1,0.0001807634760304857,510
LMO2,0.00017999850842381255,511
NR2E3,0.00017998448679050355,512
MBD2,0.00017922444018362663,513
KLF11,0.00017789127644901424,514
GLI3,0.0001774689059847002,515
KDM5A,0.00017731994979493365,516
TP53,0.00017600261712618015,517
BHLHA15,0.00017459797694062797,518
NR5A2,0.00017438880830540754,519
E2F6,0.0001740869909461678,520
LRRFIP1,0.00017284593936169173,521
HINFP,0.00017256387471923406,522
KLF3,0.00017163296844902368,523
PML,0.00017143270409206073,524
HMGA1,0.00017140020544860764,525
ELF1,0.00017059861024928537,526
MTA1,0.00016847555056029054,527
TTF1,0.00016843059234595398,528
EBF1,0.00016782336829099663,529
IRF2,0.00016738163800765525,530
HAND1,0.00016728020825046934,531
STAT5A,0.00016673811412395233,532
CDX1,0.00016605638584086122,533
TBP,0.00016528180393899646,534
ZNF91,0.00016495338078882605,535
POU3F2,0.00016455170824449604,536
MAFG,0.00016398231723634854,537
ATF6,0.00016383630425438739,538
CREBBP,0.00016303733092244826,539
HIF3A,0.00016276431230807881,540
KLF15,0.0001625280432714741,541
MEF2D,0.00016174452045533778,542
NCOA2,0.00016142096721909405,543
HEY2,0.00016092318930194585,544
KLF17,0.0001598868258304609,545
ZFX,0.0001587202242593445,546
GATA5,0.00015841400496548997,547
NR4A1,0.00015830128679130158,548
FOXP1,0.00015731401913399168,549
NFE2,0.00015582764214369408,550
EBF3,0.00015544691841844752,551
PARK7,0.00015503011157610067,552
HAND2,0.00015338427593636686,553
KAT2B,0.00015335528411069942,554
HCFC1,0.00015254104103536466,555
TFCP2,0.00015223456186545676,556
HOXD4,0.0001510241485944293,557
ZIC1,0.00014995039455725694,558
HBP1,0.00014966153469920369,559
ZNF384,0.0001495098172337307,560
HDAC7,0.00014929290666094113,561
ATRX,0.00014810702186774836,562
MYOCD,0.00014786116293125264,563
JARID2,0.00014762674999591388,564
NKX2-5,0.00014690123667592024,565
TCF15,0.00014625375584645636,566
MYF5,0.00014593123985446943,567
NR2F1,0.00014572837820499748,568
SSRP1,0.00014557427997124165,569
MYB,0.00014539291272754008,570
MYF6,0.00014461201929159208,571
DEAF1,0.00014446597953627298,572
HOXA4,0.0001437053434230937,573
ZGLP1,0.00014369019891350118,574
ERF,0.00014304888753196627,575
CREB3,0.00014249377846047565,576
ZNF143,0.00014186739606025117,577
PLAG1,0.00014162978406299467,578
SFPQ,0.00014103732849669154,579
FOXA3,0.00014044399559183645,580
PAX2,0.0001403599913950526,581
SOX18,0.00013984067953915104,582
NKX6-1,0.00013953058284889929,583
ZNF354C,0.0001391058141633273,584
ZBTB16,0.00013667980158171497,585
ZBTB38,0.0001361986221564676,586
PHOX2A,0.00013608056225376512,587
ERG,0.00013606558804619425,588
NFIA,0.00013473360196737292,589
SOX10,0.00013470796214127228,590
TADA2A,0.00013467492931685035,591
MLXIPL,0.00013364874868111173,592
DMRT1,0.00013226473680388705,593
PAX3,0.00013222393803082676,594
ZNF24,0.00013054034320880703,595
VSX2,0.00013017885942793217,596
PAX6,0.00012874646206416753,597
ARX,0.0001286442477655128,598
SIN3A,0.00012835086440744726,599
PITX2,0.0001280376192233124,600
FOXF1,0.00012628418317741776,601
NEUROD6,0.00012613803988353374,602
RLF,0.00012588147689105298,603
PTF1A,0.0001254360994328801,604
HDAC5,0.00012378227250503022,605
IRF2BPL,0.00012290686343917378,606
MLXIP,0.00012147513707757203,607
SPIC,0.00012141470577978797,608
BHLHE40,0.00012114407717107993,609
ETV7,0.00012053658550333542,610
SREBF1,0.00012052907222272496,611
TBX20,0.00012040343508109193,612
INSM1,0.00012000664946409609,613
KMT2A,0.00011787950006043333,614
FOXI1,0.00011739517667394645,615
GLIS3,0.00011659528295791516,616
DLX2,0.0001154204994579135,617
SP2,0.00011512118792531758,618
TCF3,0.00011460265885819932,619
ZNF436,0.00011436107470699702,620
HOXA5,0.00011390394067132135,621
STAT4,0.00011301486050414992,622
SOX3,0.00011217301950579757,623
KLF2,0.00011208162758177568,624
SMARCA5,0.00011153732050435868,625
IRX4,0.00011085083843047896,626
SATB2,0.00011074180729958078,627
ETV2,0.00011031960497982227,628
POU2AF1,0.0001091741737651098,629
GTF2I,0.00010895352542407043,630
GBX2,0.00010884562934120088,631
FOXO3,0.0001087045558705313,632
OTX2,0.00010826702711726325,633
PAX9,0.00010768945866315232,634
ID3,0.0001061479259898547,635
ZBTB7A,0.00010613788167850571,636
FHL2,0.00010610518080339358,637
NPM1,0.00010449559161946291,638
TFAP2A,0.00010371650142987522,639
KLF1,0.0001033663856097953,640
HES6,0.00010317573246469912,641
CEBPE,0.00010314153668023243,642
NEUROG2,0.00010228315243170293,643
FOSL1,0.00010169302405908336,644
ZBTB32,0.0001012697717326439,645
TCF7L1,0.00010113489943948521,646
AIRE,0.00010059070908658379,647
IKZF3,0.0001000025361973354,648
ZFP64,9.984801418867887e-05,649
NCOA3,9.94170921556457e-05,650
KDM2A,9.93021535199053e-05,651
KDM5C,9.844858132882192e-05,652
EMX2,9.84288420554411e-05,653
POU5F1,9.804972917681562e-05,654
ABL1,9.803369460204328e-05,655
SIRT1,9.728844975573779e-05,656
DNMT1,9.694189837178459e-05,657
HES5,9.676617268420766e-05,658
MNX1,9.50527246872794e-05,659
IKZF4,9.423202528992216e-05,660
BTG2,9.418280698097857e-05,661
NR1D1,9.3546951028468e-05,662
SON,9.279367405366484e-05,663
NFKBIB,9.113939561853896e-05,664
SOX6,8.981396831586608e-05,665
KLF10,8.968631865538114e-05,666
MSC,8.782247079156232e-05,667
POU2F2,8.765627724557996e-05,668
TFAM,8.70253611176188e-05,669
SRSF2,8.681573800720688e-05,670
KLF5,8.613846943138593e-05,671
OLIG2,8.60501613900486e-05,672
NFYB,8.556724703518712e-05,673
SF1,8.486685396057896e-05,674
HOXB5,8.461573174551604e-05,675
STOX1,8.460853915738825e-05,676
PRDM4,8.33191201030042e-05,677
FOXO4,8.298560116447685e-05,678
PURA,8.275369585912055e-05,679
SMAD3,8.233328347790285e-05,680
PAX5,8.202701724785601e-05,681
HOXB2,8.184305322215964e-05,682
SP7,8.166113792952525e-05,683
MYC,8.153722420563743e-05,684
SRF,8.095168885888322e-05,685
GFI1B,8.019296729578468e-05,686
DNMT3B,7.974494607162453e-05,687
RB1,7.940009059104864e-05,688
HIVEP3,7.886985158844448e-05,689
TFEB,7.802391710584695e-05,690
CTCF,7.800343665048166e-05,691
PROP1,7.76577970541301e-05,692
EWSR1,7.635273731450077e-05,693
NEUROG3,7.631607879403914e-05,694
NR4A2,7.628900887842367e-05,695
MEOX2,7.472072722842513e-05,696
VSX1,7.302646097838134e-05,697
MYOG,7.252488001775032e-05,698
KLF4,7.148070965518565e-05,699
ARID3A,7.144003810307967e-05,700
TBPL2,6.991060407541221e-05,701
NUPR1,6.937086694828547e-05,702
SNAI1,6.900809140378524e-05,703
ZFPM1,6.785694917901061e-05,704
NCOR2,6.760205273318813e-05,705
IRF8,6.64969775375005e-05,706
HOXC13,6.641215394154187e-05,707
BCL3,6.633504748413432e-05,708
TCF7L2,6.534130859503159e-05,709
GLI1,6.509850651286108e-05,710
HNF1B,6.362441150330231e-05,711
PBX1,6.319049327239348e-05,712
PBRM1,6.276648959680279e-05,713
THRA,6.24042476173062e-05,714
TFAP2D,6.098262560506169e-05,715
TSC22D1,6.084222052598334e-05,716
NR1H2,6.0676205201256906e-05,717
SALL3,6.005609726408929e-05,718
SOX9,6.0032505865562666e-05,719
TAF1,5.99410400192802e-05,720
SMARCC1,5.9801151716480185e-05,721
SP6,5.9614746305346564e-05,722
BCL6,5.948473415776679e-05,723
MTA2,5.850303831831921e-05,724
HOXD8,5.54050482926207e-05,725
GABPA,5.4426889805563924e-05,726
HEY1,5.4357957051681837e-05,727
ZFPM2,5.4322256965044105e-05,728
SP4,5.408047707116047e-05,729
LMX1A,5.402417825321622e-05,730
PDX1,5.2888637597340335e-05,731
NR1I3,5.210784801011993e-05,732
POU4F1,5.1704150966756835e-05,733
GATA2,5.127940505558675e-05,734
ZBED1,5.063881009141498e-05,735
DACH1,5.037607236066472e-05,736
KLF9,4.965669862661509e-05,737
MAFA,4.955294036704166e-05,738
SOX17,4.913056830527818e-05,739
FOXA1,4.891631703553573e-05,740
NR0B1,4.652039618408156e-05,741
BHLHE41,4.530915577542297e-05,742
LITAF,4.491836618612841e-05,743
IKZF1,4.4306874193033465e-05,744
NR2C2,4.346080587228326e-05,745
ZBTB14,4.2169185614208495e-05,746
MSX1,4.173122238860356e-05,747
BACH2,4.102096612365013e-05,748
NR1H4,3.87662676764852e-05,749
HNF4G,3.8638268910084364e-05,750
ZNF76,3.853719304440043e-05,751
NR2F6,3.827843957365627e-05,752
TOX3,3.807327957422951e-05,753
MXI1,3.729890309898995e-05,754
DLX1,3.7258250819494414e-05,755
NRL,3.6677326716490675e-05,756
NHLH2,3.625540676369699e-05,757
NFX1,3.604504750864487e-05,758
SATB1,3.5531595145997564e-05,759
RFX2,3.463048400559837e-05,760
SOX4,3.407052389741755e-05,761
HDAC9,3.3917256050733954e-05,762
POU1F1,3.134819716166248e-05,763
GFI1,2.9445936378506715e-05,764
GATA3,2.918207942304355e-05,765
NR6A1,2.48488728043085e-05,766
PPARGC1A,2.3827353966897714e-05,767
ZNF160,2.333708636739678e-05,768
NR1D2,2.119687373181023e-05,769
PKNOX1,1.929595491180113e-05,770
FOXN4,1.5415285029567393e-05,771
