# IG global importance: mean |attribution| across seeds x TNBC cells x drugs (3 x 12 x 11 = 396 samples per TF).
# Non-signed (magnitude). For signed per-drug see tf_drug_ig_signed.csv.
tf,importance_mean,importance_std,importance_ci_low,importance_ci_high,rank
ZEB1,0.00351124466815787,0.0021760387561908135,0.00045692388084717095,0.007338784169405699,1
RELA,0.0032577726897905063,0.0021899628982890995,3.088076118729077e-05,0.007219744846224785,2
MZF1,0.003246913718061423,0.0018948790976779028,0.0005248087109066546,0.005969347897917032,3
IRX1,0.002921001460587528,0.0017679775817558553,0.00021819664107169956,0.006372721400111914,4
HIVEP1,0.0027993841979354547,0.002217528004974928,0.00020334446162451059,0.007501915562897921,5
AEBP1,0.0027364661539402073,0.0019873135831923296,0.00016591882740613073,0.007496719714254141,6
BCOR,0.0026108590986537324,0.001606501273647367,0.000547798175830394,0.006109817884862423,7
HOXB9,0.002233472462070164,0.0015909148913756876,0.00012342074478510767,0.005182492546737194,8
HOXB7,0.0020351654812023326,0.0008997371298415478,0.0005406382260844111,0.0037464946508407593,9
RELB,0.0019745646783452353,0.0009629343653563339,0.00024521819432266057,0.0037317888345569372,10
TET1,0.0019342793777992263,0.001391718545879208,3.7264482671162114e-05,0.004302751272916794,11
SETBP1,0.0019294719589225044,0.0011529308348600866,0.0005577448755502701,0.004468180239200592,12
ASXL1,0.0018655540900936378,0.0006912443135482015,0.0006112761911936104,0.0034599604550749063,13
SPDEF,0.0018499680673316602,0.0013176063118840202,3.547628875821829e-05,0.004213016014546156,14
ZNF362,0.0017883286558654536,0.0012595785841372506,9.421601134818047e-06,0.004175918642431498,15
SIX3,0.0017592810543261073,0.0014235527966678504,0.0002515455416869372,0.004932889249175787,16
DNMT3A,0.0017295742060069283,0.0013897175186579043,8.313973376061767e-05,0.005150520708411932,17
KLF8,0.0017158978808958746,0.0012776937676339628,3.955549982492812e-05,0.004676016978919506,18
ZBTB7B,0.0016895550602798307,0.0014770333255067554,0.00031068065436556935,0.0044687953777611256,19
RUNX2,0.0015833821766357164,0.0013296660000099874,0.00031839299481362104,0.004797462373971939,20
NFAT5,0.0015520133132337253,0.0006524999789771105,0.00046826517791487277,0.003208775306120515,21
ZXDC,0.0015217996077615571,0.0009947305951841245,0.00026752788107842207,0.003668340388685465,22
THRB,0.0014757017617574259,0.0007684265162778607,0.00022633351909462363,0.00298489211127162,23
LHX1,0.0014590780526690871,0.0009204801086842649,2.8541122446767986e-05,0.0032509302254766226,24
HTATIP2,0.0014138816171025885,0.0014253681790852158,8.44377136672847e-05,0.005803123582154512,25
PROX1,0.0013978127793355573,0.0009324399150733121,9.66327206697315e-06,0.002908191177994013,26
ESR1,0.0013914930429674507,0.0008638004044881924,4.1700426663737744e-05,0.003016378730535507,27
EGR4,0.001370628827840626,0.0006827175891392923,0.00022567049018107355,0.0024153762497007847,28
TCF21,0.001349711028579446,0.0011251148172553255,0.0002117453550454229,0.004234547261148691,29
TRPS1,0.0013331987684619944,0.0012297849038320654,6.091898467275314e-05,0.0047586821019649506,30
HOXD3,0.0013177858746723468,0.0007757123467084173,0.000505795469507575,0.0033382130786776543,31
TLX1,0.0013036549035363846,0.0009727045488928268,3.094532075920142e-05,0.003365045180544257,32
GRHL2,0.0012823311010861564,0.0004819545711368065,0.00035650545032694936,0.002153108362108469,33
VHL,0.0012791579726553844,0.0010270473854714463,9.61946789175272e-05,0.003990724217146635,34
GRHL3,0.0012739849555807516,0.0008344574949354815,1.253734080819413e-05,0.003117429791018367,35
TFAP2C,0.0012714145890861278,0.0007522085772969846,0.0001211147173307836,0.002677592448890209,36
PPARGC1B,0.0012505124470242829,0.0009652937097448995,8.470022294204682e-05,0.003835647599771619,37
FOSB,0.0012290440785859987,0.0009590217106412299,0.00013487384421750903,0.0035514181945472956,38
HR,0.001223354374980607,0.0008043861276830736,0.00015167884703259915,0.003165710950270295,39
MYCN,0.0012119449829421656,0.0011778261048938927,0.00014425464905798435,0.004183603450655937,40
JUND,0.0011931952873662037,0.0011658231480553684,7.897213072283193e-05,0.004562628921121359,41
ZNF219,0.0011925610550943848,0.0005925527873396493,0.00023198094277177006,0.0022446159273386,42
TBX2,0.0011886272753310384,0.0012949684694140617,3.57837307092268e-05,0.00399951683357358,43
CXXC1,0.0011878572485963532,0.0009106528380821718,3.905626363120973e-05,0.0029293890111148357,44
RFX1,0.0011780148452037959,0.0009204525643730525,8.26371604034648e-07,0.0030645679216831923,45
ARID1A,0.0011753850160885397,0.0010940713031051758,0.00013154871703591198,0.004581121727824211,46
CREB3L1,0.0011626666615815009,0.0008581737557722588,0.00011267246009083465,0.0028661850374192,47
IRF3,0.0011620928088439432,0.0009596445307748252,0.0002524739829823375,0.003017191542312503,48
REL,0.0011512966493683052,0.0007780625251873472,1.7477936125942506e-05,0.0023673642426729202,49
RFXANK,0.0011462205874329702,0.0005251242246652629,0.00016113919264171273,0.002000561449676752,50
E2F1,0.0011377985336532054,0.0008501793369322867,0.0001707686751615256,0.0033852080814540386,51
CTBP1,0.0011351015501190886,0.0008536892798660808,1.974353290279396e-05,0.0026771272532641888,52
VENTX,0.0011271626269510969,0.0007874632477980985,0.00010801588359754533,0.002446437021717429,53
STAT3,0.0011261001876791302,0.0008889581312130042,2.9061216991976835e-05,0.002963113132864237,54
MEIS1,0.0011080619351008809,0.0009665601037517637,0.00019701228302437812,0.003985225223004818,55
HDGF,0.0011065122747492171,0.0007069531320252836,0.00010142855171579868,0.002215581014752388,56
NSD2,0.0011064920700729283,0.0014130114056418337,1.1484775313874707e-05,0.005350822117179632,57
TFAP2B,0.0010981891083991452,0.0006673113600529104,0.0003577573806978762,0.003133848076686263,58
NFKB2,0.0010959737252657458,0.0006822662522129055,0.0003327663871459663,0.003098241752013564,59
E2F5,0.001084899081730107,0.0009693286165998259,5.080660685052862e-06,0.003199242288246751,60
NKX3-2,0.001074075882515348,0.0005831630218109192,0.00023952167248353362,0.0019919229671359062,61
DAXX,0.0010582532190848283,0.0010374903960031021,9.323829726781696e-05,0.003504193387925625,62
HLX,0.001052381823443959,0.0010816104072678163,3.7604472709062975e-06,0.0036589684896171093,63
ZNF300,0.0010475485196366208,0.0008104790005360506,0.00013164692791178823,0.002789572812616825,64
LHX8,0.0010336709021816425,0.0006427763952287538,0.00011006011482095346,0.002395415212959051,65
NFATC2,0.0010184683656420516,0.0007470698921148212,0.00024304889666382223,0.0032741667237132788,66
FGF2,0.0010120204974417434,0.0007366327003911798,0.00020162572036497295,0.0024449648335576057,67
STAT2,0.0010113870430359384,0.000827329839964143,0.00011913084745174274,0.00297097978182137,68
KLF12,0.0010093110426113885,0.000775015987856544,0.00011394081229809672,0.0029503386467695236,69
ZNF263,0.0010054301637865137,0.0007567739304967276,0.000155908681335859,0.002553898375481367,70
TLX3,0.000988872446407296,0.0004379008348920033,0.0003537546144798398,0.0017776662716642022,71
HIPK2,0.0009825175508756895,0.0007337896661410434,2.2650569007964805e-05,0.002477850066497922,72
ZEB2,0.0009810892370296642,0.0005902811808589735,0.00010218525858363137,0.0022121008951216936,73
MAX,0.0009728211040386337,0.0006769051415665462,0.00016964867245405912,0.002368790563195944,74
FOXC1,0.000972109565213252,0.0005700392408697001,0.00032680208096280694,0.002213184256106615,75
TFDP1,0.0009639235369391055,0.000663488197987203,3.726155773620121e-05,0.002385505707934499,76
FOXP2,0.0009586229708392322,0.0006421901610648582,6.583291542483494e-05,0.0026849177666008472,77
FOXG1,0.0009568161061024787,0.0005698462006289055,0.0001164843124570325,0.0019205971620976925,78
ELF5,0.0009508228180713944,0.0007025845826782227,0.000101984798675403,0.0019914598669856787,79
SP1,0.0009398771169697518,0.0007524849669021409,2.3893626348581165e-06,0.002532315207645297,80
MEF2A,0.0009391884501162691,0.0006286304868162406,0.00010294553067069501,0.0021232578437775373,81
ZNF335,0.0009365865478850372,0.0007476025956670964,4.578191146720201e-05,0.002574713435024023,82
ID4,0.0009226654277550882,0.0008615073906707054,0.0001120585438911803,0.003050723113119602,83
SALL1,0.0009029265879551972,0.0005560811260801112,0.0001184645079774782,0.0019237496890127659,84
NCOA6,0.000894009702306269,0.0006523508934716288,0.0001494314637966454,0.0022827116772532463,85
PRDM1,0.0008898666847292616,0.0007875410245847795,0.00021584724890999496,0.003237335244193673,86
BCL11A,0.0008883369460322269,0.000760057413370187,9.194977610604838e-05,0.0032026160042732954,87
NR3C2,0.0008873610493152007,0.00048760245334681,0.00011842241656268016,0.002060374477878213,88
USF2,0.0008755192165236539,0.0004355839910774013,0.00026719458401203156,0.0016192393377423286,89
MEF2B,0.0008752531555618396,0.0005662698751144847,9.718202636577189e-05,0.0018285498954355717,90
NFKB1,0.0008735309582775561,0.0006291796051349546,6.308887532213703e-05,0.002229710342362523,91
HMGB2,0.0008715328263916132,0.0006671921837786589,0.00015570450341328979,0.002494701649993658,92
TBXT,0.0008697708017693499,0.0004834050247214896,3.3494605304440483e-05,0.0017556786770001054,93
TWIST1,0.0008681860954277109,0.0009236802728001844,9.824363587540574e-06,0.0037809330970048904,94
BARX1,0.0008640021823008614,0.0006024254822907323,2.8896567528136075e-05,0.0023084094282239676,95
ZBTB33,0.000860491857482967,0.0004941402584230857,6.613114237552509e-05,0.0017112583154812455,96
POU4F2,0.0008512347736045326,0.0007377378834405055,5.261491969577037e-05,0.0021848699543625116,97
NONO,0.0008420091000351187,0.000502595888446954,0.000157559581566602,0.0021907563786953688,98
TEAD1,0.0008388151160364611,0.000791607484991354,7.766295311739668e-05,0.002876342972740531,99
NR2E1,0.0008376420268673842,0.0006007697643099973,4.8025391151895747e-05,0.0021304357796907425,100
PHF5A,0.0008331864320842379,0.0004831235007793745,0.00034327179309912026,0.001938077388331294,101
DMTF1,0.000833068277477816,0.000544512602261477,8.929469913709909e-05,0.002049685688689351,102
FOS,0.0008225072263512905,0.0007398328555448255,2.7440430130809546e-05,0.0026150390040129423,103
PPARD,0.0008210805422002705,0.0006228711240111247,1.5658693541809043e-07,0.002217706525698304,104
RXRA,0.0008101702831371574,0.0005413115262112873,0.00022775224351789802,0.0021194228902459145,105
SREBF2,0.000808957260742869,0.0006582075934147189,3.431803997955285e-05,0.0017977143870666623,106
FOXE1,0.0007955313669960808,0.00040970873188723837,5.639063601847738e-05,0.0015865928726270795,107
ASCL2,0.000792704949107605,0.0005065084617760509,6.23216837993823e-05,0.0015874498058110476,108
RXRG,0.0007913825496540416,0.0007816996815744014,3.367089811945334e-05,0.0024850957561284304,109
NFATC4,0.0007902142129255067,0.0005152041666049862,8.351232099812478e-05,0.0017308579990640283,110
CEBPB,0.0007841632782263773,0.000438132888570802,0.00011065472062909976,0.0015596265438944101,111
KDM5B,0.0007841234831754595,0.0006501209826701858,4.845449802814983e-05,0.002056090859696269,112
ZNF350,0.0007813090624040342,0.00047569557345824426,5.721325214835815e-05,0.0017239692388102412,113
BMAL2,0.0007795049329312557,0.0006723161809470298,4.4598451495403424e-05,0.0025478850584477186,114
THAP11,0.0007645722594822997,0.0005000215101582569,0.00014309535617940128,0.001807189080864191,115
KAT7,0.0007612062777435781,0.0005066160323673556,8.920969776227139e-06,0.0017177676782011986,116
MTF1,0.0007594177645704335,0.0005936128150003953,8.315953891724348e-05,0.0020613938104361296,117
ZNF410,0.0007591976918223681,0.0004860972364508751,6.167848914628848e-05,0.001743011875078082,118
HOXA13,0.0007563796558646242,0.0006665219455431303,6.935834971955046e-05,0.0027337586507201195,119
SP3,0.0007522038465112653,0.0005309148573364362,0.00011330898996675387,0.0017290699761360884,120
ZNF699,0.0007336323909509123,0.00048818567251917937,4.5322347432374954e-05,0.001471049734391272,121
TBX18,0.0007331868775481505,0.000633819416639847,5.622096068691462e-06,0.002495903056114912,122
TBX6,0.0007315029022825483,0.0009117962002252786,1.385226482852886e-06,0.0035877549089491367,123
REST,0.00072620289828399,0.00039627461260672225,0.00016023291391320527,0.001490960014052689,124
SKIL,0.000720082205864883,0.0003410990634260128,0.0003052274987567216,0.0016490452690050006,125
HNF1A,0.0007190355816033623,0.0005526914311288517,4.410968176671304e-05,0.0019110608845949173,126
ETV4,0.0007170707650595542,0.00042723433150712597,5.759962004958652e-05,0.0015762306284159422,127
GATA1,0.0007168775862903038,0.0004939953910103395,9.522937762085348e-05,0.001818502671085298,128
ELF2,0.0007157488787263653,0.0003732675155430989,0.0001594469795236364,0.0012964151101186872,129
EGR1,0.0007120992478038798,0.0003304403879209524,9.270946611650288e-05,0.0012364706490188837,130
MEOX1,0.0007103195949556804,0.0006315982101915786,3.235407348256558e-05,0.0021260676439851522,131
TBPL1,0.0007101480195243229,0.0007357749623609289,0.00010617299267323688,0.0027112774550914764,132
HOXA9,0.0007089329233580925,0.0006141801293137766,8.971630450105295e-05,0.00183055829256773,133
SMAD5,0.0007042816210521393,0.00043714050610750983,0.00014657160500064492,0.0015789653407409787,134
LHX2,0.0007023705782998921,0.00039004942420500874,6.533911073347554e-05,0.0015324323903769255,135
SMAD6,0.0006980671454254083,0.0006160697762834981,5.326673635863699e-05,0.002052090596407652,136
ZMYND8,0.0006959980588968998,0.0006218451289314058,1.9093347873422317e-05,0.002075068186968565,137
HOXD13,0.0006929570592657194,0.0005979035173721412,3.3071210054913536e-05,0.0018597646849229932,138
VDR,0.000690509332716002,0.0005331049519047392,4.286488183424808e-05,0.0017261123284697533,139
CUX1,0.0006904761189203286,0.00047711149798783105,9.943911572918296e-05,0.0016831946559250355,140
HDAC1,0.0006853509213408071,0.00043790572196481073,7.637170347152278e-05,0.0013799613807350397,141
NOTCH1,0.0006825683899616265,0.000514710115138186,0.00010338022548239678,0.001973166596144438,142
NFKBIZ,0.0006793371155777784,0.00044016820519984394,8.181570592569187e-05,0.001839325064793229,143
UTF1,0.000678730984514969,0.0004710118385098679,2.4194534489652142e-05,0.0017835390754044056,144
ZIC2,0.0006781645486515833,0.00047511461431142476,0.00019175709167029709,0.002020969521254301,145
ATF3,0.0006780681094162653,0.0009280473203067865,2.2090558559284545e-05,0.0032662926241755486,146
HIF1A,0.0006771153563964604,0.0006786126361927623,1.8526727671996923e-06,0.0019146674312651157,147
ELF3,0.0006711044258157596,0.0003091037380388218,0.00022460702166426927,0.001338550471700728,148
LYL1,0.0006710681259667608,0.0005676219027049269,1.5050006368255708e-05,0.002038078848272562,149
AHRR,0.0006681508320153542,0.0003776619828125032,7.588810694869608e-05,0.0012680565705522895,150
SMAD4,0.000665822417156023,0.0004940441739638585,0.0001833922869991511,0.0022746881004422903,151
E2F2,0.0006612671837113263,0.0005356759059436412,8.14173290564213e-07,0.0017410636646673083,152
ZKSCAN7,0.0006605894804155552,0.0006395015602082084,1.5802427242306294e-06,0.002372311195358634,153
ELK3,0.0006577278875214909,0.00039033046060758976,0.00012619944754987955,0.0015080519951879978,154
PHOX2B,0.0006555370346177369,0.00047484298888556545,0.00020043153199367225,0.0021537526044994593,155
HIVEP2,0.0006524515993078239,0.00042830124869096855,0.00014271074905991554,0.0016284310258924961,156
NKRF,0.0006515154933698465,0.0005644408031482745,6.623187800869346e-05,0.002013606484979391,157
FOXM1,0.0006502670651322908,0.0004725089066747814,9.64334758464247e-05,0.0015476561384275556,158
MECOM,0.0006437179676361142,0.0004459147948137359,7.000839104875922e-05,0.0015397900715470314,159
HOXA10,0.0006430867349949535,0.0007043085315537451,2.1374509742599912e-05,0.002489978214725852,160
ETS2,0.0006395558264722985,0.0004477973501710769,5.3564330301014706e-05,0.001738953054882586,161
PREB,0.0006395051512051643,0.0003848942599983999,8.411538874497637e-05,0.001424150075763464,162
GSC,0.0006378781873729278,0.0003881744827467676,0.00014310704136732966,0.0012856886023655534,163
NPAS2,0.0006347942902665994,0.000481262434633613,8.525060547981411e-05,0.0016002960037440062,164
SMAD7,0.0006330643329620801,0.0005178757461499485,1.5128057384572458e-06,0.0021752144675701857,165
NR0B2,0.0006310702660123228,0.00046078782323484574,3.753824421437457e-05,0.0015592725249007344,166
PITX1,0.000629648713680636,0.00048267113768390405,3.7900037568761036e-05,0.0016668809112161398,167
KAT5,0.0006260481654311607,0.0003827758258764211,2.78981988230953e-05,0.0013167625293135643,168
PGR,0.0006245288067558166,0.00041369843667431243,0.00015999787137843668,0.00173145008739084,169
JUN,0.0006157088716883774,0.0005357829710177296,4.760356023325585e-05,0.002252599224448204,170
XBP1,0.0006105911040018933,0.0004000955695104191,9.661710646469146e-05,0.0014676603022962809,171
PRDM16,0.0006080143314399968,0.0003763115782313099,0.00016098484047688544,0.001541092642582953,172
FIGLA,0.0006042548646457197,0.00038036663828376935,7.808407099219039e-05,0.0014539037365466356,173
SOX5,0.0006024440422014309,0.00040295207799356694,9.819591650739312e-05,0.001577946124598384,174
MAZ,0.0005984356228864409,0.0004016057716591,3.8715547816536855e-06,0.0013712022919207811,175
HOXA2,0.0005984069004322615,0.0005342561043171569,3.11083385895472e-05,0.0020173729863017797,176
WT1,0.0005977139490741221,0.00020808803677779738,0.00021958278375677764,0.0009558688034303486,177
LMX1B,0.0005944571826837615,0.0005676181809967842,7.88005709182471e-05,0.002534449566155672,178
MAF,0.0005932931686267941,0.0004179941260654235,5.4584461395279504e-06,0.001268688589334488,179
SCX,0.0005902982037090018,0.0004869848541655493,3.853722955682315e-05,0.0015003448352217674,180
ARID5B,0.0005878159659694189,0.0002888193418465025,0.00021758921502623707,0.0011901846155524254,181
IRF4,0.0005864397664867504,0.00028047838846572554,0.0001024155062623322,0.0010202274424955249,182
STAT1,0.0005849730709996948,0.0003710391824068821,5.963060903013684e-05,0.001367259887047112,183
PRDM2,0.0005836233331413523,0.0005119049176634427,5.9301615692675114e-05,0.0018161823973059654,184
IRF7,0.0005830606003338758,0.00039548095746928585,1.7224496332346462e-05,0.0014632553793489933,185
EOMES,0.0005821261702018974,0.0006498201950247042,6.964315252844244e-05,0.002566642826423049,186
SUPT20H,0.0005792531512931666,0.00044891276776020696,2.8625836421269923e-05,0.0015266099944710732,187
ETV3,0.0005771590270162988,0.0004752154641405221,3.6348596040625125e-05,0.0016269865445792675,188
ZFP42,0.0005743411476294458,0.0005831110870426063,1.4474949239229318e-05,0.002201441442593932,189
NACC1,0.0005733560034114458,0.00024050164533412143,0.00022770401847083122,0.0009516996215097606,190
SMARCA4,0.000569803340815931,0.0005615626558791277,5.802238956675865e-05,0.0019296185346320271,191
NAB2,0.0005668838461767309,0.00028235856167153916,1.7306863810517825e-05,0.0009556594304740429,192
E2F7,0.0005660402864095611,0.00039692574759659467,5.647228681482375e-05,0.001468295231461525,193
WWTR1,0.0005645645507828787,0.0005317686412725011,1.5340050595114008e-05,0.0016466900706291199,194
ARID4B,0.0005620186576021351,0.0004000458026525704,5.856830830452964e-05,0.0013776824343949556,195
HOXA1,0.0005618722819538865,0.0005993223987025843,2.076374221360311e-05,0.0024433492217212915,196
CREB1,0.000561851157961042,0.0005653330806941719,4.307187191443518e-05,0.0021560867317020893,197
NCOR1,0.0005614255205728114,0.0004431906023839327,9.705097909318283e-05,0.0014167935587465763,198
ZHX2,0.0005568382173282082,0.0005425525232173146,3.0341270758071914e-05,0.0022488608956336975,199
PAX4,0.0005562089413891072,0.000432590398115315,9.894572031043936e-06,0.0013777195708826184,200
PITX3,0.0005561126174666931,0.00039937522390914886,4.811811231775209e-05,0.00137321837246418,201
POU3F1,0.0005512609535054997,0.000452570912686596,3.361544804647565e-05,0.001731853000819683,202
CREBZF,0.0005406412326396314,0.0003662700767742323,3.929200829588808e-05,0.0013991778250783682,203
CREB5,0.0005404440561175182,0.0003290624796784338,4.8472240450792015e-05,0.001092878170311451,204
ZNF148,0.0005402397407923479,0.00045915691177679735,0.00012003180017927662,0.0016038039466366172,205
NKX3-1,0.0005394735910682136,0.0004209656212124548,2.2541065845871344e-05,0.0014684979105368257,206
TWIST2,0.0005385671090952008,0.0002708598870508616,0.00011014153278665617,0.0012058612192049623,207
PLAGL1,0.0005321535554685397,0.0003214376523701027,0.00012803949357476085,0.001055337255820632,208
MITF,0.0005316293093556217,0.00034283792948637255,4.5898537791799754e-05,0.0013262180145829916,209
TRIM28,0.0005266473430531208,0.0005651688530372203,2.372870767430868e-05,0.0023118844255805016,210
HOXD10,0.0005252206514011381,0.0002886588592129091,9.465389302931726e-05,0.0009936753194779158,211
DBP,0.0005231420724144162,0.00034899894638827563,1.7006334019242786e-05,0.001245354418642819,212
GATA4,0.0005190221236537609,0.0002810263735791931,0.00011908238229807466,0.0009911115048453212,213
RORB,0.0005170333733951448,0.00040960117056905996,8.21034063847037e-06,0.0012164845829829574,214
TBX10,0.0005138247355110556,0.0003424687786134436,7.470982382073998e-05,0.0012979836901649833,215
DMAP1,0.0005125503556138773,0.00038942850185734213,6.74184484523721e-05,0.0014289739774540067,216
TCF20,0.0005064448108807042,0.00032462876451470353,4.8595707085041795e-06,0.0012272048043087125,217
SIX1,0.0005059964786128011,0.0004467491341836372,5.309336120262742e-05,0.0017104806611314416,218
HHEX,0.000505942481368038,0.00023024719838776901,3.5536348150344566e-05,0.0009653185843490064,219
AP1,0.0005052341382521042,0.00035408281307889157,2.619248152768705e-05,0.0011046197032555938,220
TCF7,0.000499895683650252,0.0004032742751812295,9.933685214491561e-05,0.001497178804129362,221
CEBPD,0.000495048174639597,0.00045847876707945867,8.595948202128056e-07,0.0016663793940097094,222
GLI2,0.0004917312827742672,0.0002930681602551179,0.00014204297622200102,0.0010601822286844254,223
NCOA1,0.0004880864479170641,0.0004807519649951783,7.726294825260993e-06,0.0016883618663996458,224
CIITA,0.00048514895775731543,0.00034519753959080823,5.026189683121629e-05,0.0012951547978445888,225
NKX6-3,0.0004820831434037907,0.0002792427614281929,7.83188734203577e-05,0.0009690799633972347,226
AR,0.0004805025611090335,0.0003021820275319385,1.3697220992980874e-06,0.0009784477297216654,227
ESR2,0.0004768699278759992,0.0004261891861760221,4.058295235154219e-05,0.0016958733322098851,228
FOXC2,0.00047490593922041376,0.00029607382782423467,3.9341688534477726e-05,0.0010481377830728889,229
ZFHX3,0.000472229502065602,0.000307220073592368,3.7144993257243186e-05,0.0009611263521946967,230
OLIG1,0.0004638283492595568,0.00032295064617163504,6.42141530988738e-05,0.0010736014228314161,231
FOSL2,0.0004633053604955035,0.00035566937946554685,4.899820851278491e-05,0.0010708068730309606,232
RARG,0.0004603848916358953,0.00043581346301780515,4.821382390218787e-05,0.0014408787246793509,233
SIX4,0.0004596795706950643,0.00027822220479685987,0.00010725344327511266,0.0010680754203349352,234
NR2C1,0.00045935658189674456,0.0003315612978660765,9.925410995492712e-05,0.0012509588850662112,235
BATF,0.0004586491939293906,0.00030143519852293075,7.634214853169397e-06,0.0012329381424933672,236
SALL2,0.00045787547768475525,0.0002794257466573788,4.066006658831611e-05,0.0009578853496350348,237
ARNT,0.00045678272682848865,0.0003550055004089567,7.119911606423557e-05,0.0015921189915388823,238
NR4A3,0.0004560117660565249,0.00032249815434121873,8.171534864231944e-05,0.0012889184290543199,239
ATF7,0.00045433383159874984,0.0005163490532431713,8.64141111378558e-06,0.0019679998513311148,240
PLAGL2,0.0004535425856981116,0.0003333940317663614,8.220820018323138e-05,0.0013133315369486809,241
ZBTB4,0.0004528478515443236,0.00044616414410414103,1.1390861800464336e-05,0.0014716940931975842,242
PBX2,0.00045272912124842566,0.0002737799483258039,3.841559009742923e-05,0.0011068828171119094,243
EGR2,0.0004502552251737639,0.00046083747371903266,2.219876660092268e-05,0.001804959261789918,244
KDM5D,0.0004494518072368175,0.00026140118619675157,2.9041666493867524e-05,0.0010340426815673709,245
MEIS2,0.00044943781929098555,0.000326088129783314,2.7321784727973863e-05,0.0010425534565001726,246
NEUROD2,0.0004470444689352669,0.0003678219753189553,3.674600520753302e-05,0.0015612865099683404,247
ARID1B,0.0004434614789081961,0.00043804563211134186,4.065183020429686e-06,0.001750665600411594,248
BARX2,0.00044319216992031823,0.0003603857714119436,3.791478229686618e-05,0.0011695659486576915,249
CEBPG,0.00043977344461326896,0.0003063431534851382,3.125318471575156e-05,0.001012901309877634,250
MBD1,0.00043974640758540664,0.0002417430128276771,3.2650316370563814e-06,0.0009248846909031272,251
BRD4,0.0004370358215744614,0.00030693573408457924,6.338498496916145e-05,0.0010796260321512818,252
ELK4,0.0004350201294128607,0.000408623693869265,1.3129042599757668e-05,0.00157917442265898,253
RFXAP,0.0004341698296760848,0.00031372270537775003,1.474955638514075e-06,0.0010034985607489944,254
TFE3,0.00043358407889503394,0.00021875198158040457,0.0001646722957957536,0.0009480207809247077,255
HIC1,0.00043337381111307354,0.0002423238001469337,1.4245696547732223e-05,0.0009307608124800026,256
NFIB,0.00043311467473386347,0.0004369883158345922,4.82866853417363e-05,0.0017340410267934203,257
SMAD9,0.00042498534891378904,0.000305167101312552,1.1436329259595368e-05,0.0011405032128095627,258
SOX7,0.0004232804330416856,0.00031177045985421705,3.000722972501535e-05,0.0011128970654681325,259
HOXC6,0.00042259638133724695,0.00032417129377669703,4.185930811217986e-05,0.0011716686422005296,260
RUNX3,0.00041895074047825994,0.0003597935627784813,1.8299970179214142e-05,0.0011056752409785986,261
LEF1,0.0004175833245491931,0.0002610801794326325,6.627995753660798e-05,0.001048257458023727,262
MECP2,0.0004171559552160585,0.00036279170151954466,3.780512543016812e-06,0.00135191367007792,263
EP300,0.00041690681075234545,0.00028255472510682795,1.67591315403115e-05,0.0008253388805314898,264
FOXN1,0.00041688296774240865,0.0002871911299064783,0.00010768993524834514,0.0010949785355478525,265
HDAC3,0.0004139169417281995,0.0002068883617970302,0.00010158371878787875,0.0008408031426370144,266
YBX3,0.0004133205518221737,0.00024197532909809224,8.794254972599447e-05,0.0008692521369084716,267
DOT1L,0.00041245734087169694,0.00022515871859903777,7.044360700092511e-06,0.0008126933826133609,268
MLX,0.00041214363392155616,0.00030883111645892407,1.5659730706829578e-05,0.00108437763992697,269
POU2F1,0.0004111323158412867,0.0003734832223540411,8.263728886959143e-06,0.0012804166181012988,270
ELF4,0.0004105643704612951,0.00034071741223479587,5.8516172430245206e-05,0.0013448476092889905,271
STAT6,0.0004086133823021197,0.000302337818344851,3.5405329981585965e-05,0.0009642865043133497,272
SHOX2,0.0004082126040223309,0.00023958102953539068,4.2527171899564564e-05,0.0007430229452438653,273
CEBPZ,0.0004070371051608218,0.00018376929914036715,0.0001653876097407192,0.000784629606641829,274
PPARG,0.00040277364551553603,0.00027604495779613486,0.00011591542715905234,0.0009811396012082696,275
IRF5,0.0004012317750385302,0.0002616639767732576,2.1641692455887096e-06,0.0008589900680817664,276
MESP2,0.00040018964171284813,0.00029977809597607534,3.1429226510226727e-05,0.0010154714109376073,277
TP73,0.0004000288223516801,0.0003671147768971562,3.893218672601506e-05,0.0012536642607301474,278
SMARCB1,0.0003976790481195194,0.0002912980475995906,6.446835868700873e-06,0.0009654373861849308,279
TBX1,0.00039693331534567045,0.00034218153912571683,6.1693735915469006e-06,0.0012248350540176034,280
KCNIP3,0.00039629147431696765,0.0002699480360940889,2.9243579774629325e-05,0.0008155126124620438,281
GATA6,0.00039508849920711134,0.00029948238256388053,1.112585869122995e-05,0.001011372427456081,282
ZBTB18,0.00039406537843839914,0.00037266626535655104,2.9909117074566893e-05,0.0011601082514971495,283
ATF1,0.0003937970922513821,0.00028742894956294043,3.6226740576239536e-06,0.0010113384341821074,284
MTF2,0.00039182586850515554,0.00026778020796170793,2.8421112801879644e-05,0.0011344521772116423,285
PAWR,0.0003912550261433849,0.0003078575376900576,9.393892469233833e-06,0.0011480331886559725,286
HOXB1,0.00039085758660142096,0.0002629891762824938,3.334228676976636e-05,0.0010528723942115903,287
LHX3,0.0003883449751976348,0.00019473318601856982,9.178523760056123e-05,0.0008797285263426602,288
RARA,0.0003881796946271524,0.0002843461360228111,8.448130392935127e-05,0.0009391689673066139,289
HOXA7,0.000388074511482211,0.0002537813265984124,8.153724047588184e-05,0.0009551146649755538,290
ATF4,0.0003879227522648162,0.0003210965094186436,7.547232030447049e-07,0.0012160456972196698,291
HSF2,0.00038788040904874475,0.00036777710757664487,2.775197117443895e-06,0.0015205522067844868,292
E2F4,0.0003873142306739889,0.0002636042175654982,1.1516399354150053e-06,0.0009121272014454007,293
NFYA,0.00038706848545619766,0.00035643040131484683,1.1736869964806829e-05,0.0013758803252130747,294
NFE2L2,0.0003869607007386962,0.00035021398929721033,4.5812350435880944e-05,0.0013785443734377623,295
TEAD2,0.000386904376200343,0.00027971235622603087,2.778502857836429e-05,0.0010426752269268036,296
ATOH1,0.00038674782943858054,0.00024402099370204275,2.919592589023523e-05,0.0007732445374131203,297
PRRX1,0.0003863351650242101,0.00027149063247636224,5.189107105252333e-05,0.0009552531410008669,298
EHF,0.00038566079402960787,0.00020011387672197494,6.770693289581686e-05,0.0006757925148122013,299
KLF6,0.00038544579575555514,0.00023245621595520605,6.215000030351803e-05,0.001108827767893672,300
POU2F3,0.00038420541830308855,0.00035771930999243623,6.406597094610333e-05,0.0012297641951590776,301
GTF2IRD1,0.00038007268296115797,0.00019956104054685416,1.1821281077573076e-05,0.000726819911506027,302
PAX8,0.00037929059123708805,0.0002801943260591508,5.326717200659914e-06,0.0011141168652102351,303
RORA,0.0003787710485277895,0.00023859256075692308,8.305312076117843e-05,0.0008645785273984075,304
APEX1,0.00037743082350344235,0.0003713016337922777,5.44226122656255e-06,0.001409251824952662,305
RXRB,0.00037724155412654386,0.0002827931553962308,4.559555236482993e-05,0.0010605929419398308,306
TP63,0.00037646821074717576,0.0003054505569644454,1.5458570487680845e-05,0.0010575775522738695,307
JUNB,0.00037533520201053983,0.0003104817437251918,3.564593498595059e-05,0.0011933076893910766,308
MED1,0.0003739892117388963,0.00019428869464003273,5.1736176828853786e-05,0.0006447939085774124,309
CTBP2,0.0003730294956078455,0.0003315357542596839,4.849237939197337e-06,0.0011371675645932555,310
PATZ1,0.0003717349930852696,0.00026263218353264395,1.0851079423446208e-05,0.0009480802109465003,311
ESRRG,0.00037145795853244965,0.0002989787805472025,8.350665302714333e-05,0.0011830556904897094,312
IRF6,0.0003705604591011775,0.0002399470828319999,7.032261055428535e-05,0.0009231880540028214,313
RBPJ,0.00037015763047582533,0.00031665250773457086,3.732020559255034e-05,0.0010506801772862673,314
HOPX,0.00037013070008966184,0.00023751668035175018,2.4657716494402848e-05,0.0009610550478100777,315
CEBPA,0.0003679988267184385,0.0002795813922492484,1.4371795259648934e-05,0.0009955400601029396,316
HDAC4,0.00036503814361353625,0.00030771533203551303,3.7926496588625014e-05,0.0010774045949801803,317
NEUROD1,0.00036490215874933216,0.0002674060778937948,2.7642476197797805e-05,0.0008909473544918001,318
FOXO1,0.00036455596040973364,0.00028415745208462375,7.40337895877019e-07,0.0010114272590726614,319
MYBL1,0.00036417256485561444,0.00020079475481660623,0.00013522843073587865,0.0007859257748350501,320
PHF20,0.0003611013473318687,0.0002220670506928426,8.698324381839484e-05,0.0008360244100913405,321
SRY,0.0003609781371475644,0.00028770122323146577,4.258015451341635e-06,0.0008770329295657575,322
NOTO,0.00035743970698659365,0.00020503946797794975,0.0001220833946717903,0.0008464136044494808,323
NPAS4,0.0003570889224592423,0.000319545284086567,5.5668959248578176e-05,0.0012433376396074891,324
ASCL1,0.0003563531432574206,0.00014941944890518264,0.00013772731472272426,0.0006059295265004039,325
FOXJ1,0.0003551391747345695,0.00027730684314483726,1.6941946796578122e-06,0.0008357423939742148,326
ONECUT1,0.0003540837820199875,0.00040917000886478433,7.101880783011438e-06,0.0015243204543367028,327
YBX1,0.00035220442888120573,0.00020188622679048418,7.001379344728775e-06,0.0007509028655476868,328
IRF1,0.00034990531119919154,0.00023149720615757872,3.7676363717764616e-05,0.0008056777878664434,329
CREB3L3,0.0003468247867989372,0.0003830946759333036,5.435577349999221e-06,0.001489883754402399,330
EZH2,0.00034624943881763926,0.0003993780457367689,3.815960371866822e-05,0.0015762103721499443,331
KMT2B,0.0003450260188112059,0.0002403077407532656,1.5324347259593196e-05,0.0008486079168505967,332
FOXL2,0.0003413730167156962,0.0003534912488459074,3.508731970214285e-05,0.001489918795414269,333
ETV5,0.0003398831434133103,0.00031313381674544867,4.672076556744287e-06,0.001078818691894412,334
FLI1,0.0003394081577012416,0.00021780220556260482,2.021602813329082e-05,0.0007303119637072086,335
TFDP3,0.0003391912325455313,0.0002988327166267165,4.58650629298063e-06,0.0010406440123915672,336
SALL4,0.0003378057852294412,0.00039216544592535647,1.279142998100724e-05,0.0015598656609654427,337
NR2F2,0.00033733064031101395,0.000316358433479527,1.984047912628739e-06,0.0008623588946647942,338
NFIL3,0.00033559936290464867,0.0002996821335074322,3.505414861137979e-05,0.0011006367858499289,339
TBX15,0.0003324547790202125,0.00017698674909895573,3.075951099162921e-05,0.0006073948461562395,340
TBR1,0.00033229465378264484,0.00027836939175636145,3.001789445988834e-05,0.0009331812616437674,341
PPARA,0.00033210007174575094,0.00023958621616175824,2.7746023988584056e-05,0.0008761126082390547,342
USF1,0.0003317071160040541,0.0002884769246953373,4.382389761303784e-06,0.0011153736850246787,343
NKX2-1,0.0003306936819240725,0.00027107065583039915,9.994936590373982e-06,0.0007840826292522252,344
PAX1,0.0003300382563345534,0.00018558617603380486,6.962558109080419e-05,0.000770421524066478,345
BRCA1,0.0003286469046632633,0.00020678455757160605,1.116875500883907e-05,0.0006469726795330644,346
OVOL1,0.00032853213421428035,0.0002907382505450423,4.5710050471825525e-05,0.0008768009138293564,347
IKZF2,0.0003282972849057952,0.00019958895234491482,2.017651240748819e-05,0.0006274631014093757,348
HMGA2,0.0003277501617765555,0.00037491990030193503,2.4646014935569838e-05,0.0012500184820964932,349
ETS1,0.0003258658344975629,0.00025383728955988814,2.5724786610226147e-05,0.0008929357281886041,350
EGR3,0.0003258212728090284,0.00017595993397165444,7.648592873010784e-05,0.0007609030581079423,351
NFATC3,0.00032571438448554324,0.00032583129646812675,2.143685196642764e-05,0.0010874918662011623,352
TOX,0.00032403275032045326,0.00018426608142608822,4.717662886832841e-05,0.000618675840087235,353
ZNF395,0.0003222482121421335,0.0002845211323891298,4.766229267261224e-06,0.0009589602705091238,354
FOXA2,0.00032223540170944585,0.0002504621288999588,2.4020695491344668e-05,0.0008098949328996241,355
HOXB13,0.00032155817337187534,0.00025024418405549133,1.4620832189393695e-05,0.0009295184863731265,356
RCOR2,0.00032138178338562176,0.0001574415563583154,9.081994357984513e-05,0.0005891248001717031,357
ZGPAT,0.00031978473443263226,0.0002524464234941919,2.8802140150219202e-05,0.0007810856914147735,358
ATF5,0.00031939525932543665,0.0002495192275789845,5.240566315478645e-05,0.0009658806957304478,359
NFYC,0.000318933955978454,0.0002515574313109321,7.159227152442327e-06,0.0008279844769276679,360
NR1H3,0.00031790322495770385,0.00017917757903139215,2.4530989321647212e-05,0.0006508704973384738,361
TFAP4,0.0003157209720825449,0.00025467743135511496,2.0431916709640063e-05,0.0007536751218140125,362
RREB1,0.0003149413336528238,0.0002832008417922421,3.7276513467077166e-06,0.0009076494607143104,363
TAL1,0.0003148138690503953,0.0002410303406705251,2.180886258429382e-05,0.0008349862182512879,364
BACH1,0.0003122575295134139,0.0002200712826308429,4.148879088461399e-05,0.0006975057767704129,365
TEAD4,0.0003112922716382221,0.00016552041953155842,5.285438601276837e-05,0.0005864580743946135,366
YY1,0.0003097058560666538,0.0003025249812719922,4.928735506837256e-06,0.0010488925036042929,367
SOX11,0.0003095072419951479,0.0001821199806018833,8.213233377318829e-05,0.0006907217903062701,368
TCF4,0.0003090019154941811,0.00031105726834228454,6.10836868872866e-05,0.0012492439709603786,369
TFDP2,0.00030827048508261657,0.0002013301185656753,5.663379852194339e-06,0.0007223043357953429,370
ESRRA,0.0003077619778306336,0.0001842155705507198,5.8868015912594274e-05,0.0007580408127978444,371
SIM2,0.00030637440853076964,0.00021465360071203587,1.1818109669547994e-05,0.0006009726203046739,372
RFX4,0.00030630822787929213,0.0001904872881737305,6.810547802160727e-06,0.0006708646542392671,373
KAT6A,0.00030197298351733036,0.00022998974054965493,1.0295470019627828e-05,0.0008829155704006553,374
DLX4,0.0003018059245677608,0.0001959726413122506,5.327163671609014e-05,0.0006630222778767347,375
HOXC8,0.0002981221436970593,0.000303620573894331,4.468849056138424e-06,0.0009759670938365161,376
NHLH1,0.00029724152442544107,0.00016351397298754896,6.002037844154984e-05,0.0005916464142501354,377
CRX,0.0002968680755502233,0.00018684709693564017,1.2184248589619529e-05,0.0006132652051746845,378
TBX3,0.0002964951122556048,0.0001909841305483448,1.3770090845355298e-05,0.0006830786005593836,379
NFE2L1,0.00029556034159020675,0.00018829779190957928,2.364481406402774e-05,0.0006795527879148722,380
FOXD1,0.00029445305288831923,0.00015409299310631492,7.18685332685709e-05,0.0005671829567290843,381
NKX2-2,0.00029416075111646825,0.00019387745512015065,4.8008630983531475e-05,0.0006269093137234449,382
TSHZ3,0.0002932205589979386,0.00013505436689331335,0.00012150891416240484,0.0006078820442780852,383
ETV6,0.0002931359652421,0.0002868792174729205,4.474593515624292e-05,0.0012842488940805197,384
HOXB3,0.00029204649764620405,0.0002489443880682501,2.2135445760795847e-06,0.0007500553620047867,385
FOXQ1,0.00029061755164796273,0.00027086736781674033,2.0709467207780108e-05,0.0008490663603879511,386
SPIB,0.00029039591897179145,0.00015368179520126453,1.7494278381491313e-06,0.0006746687577106059,387
FOXO6,0.0002896398161117924,0.0002420618568974875,4.913805241812952e-05,0.0010136766359210014,388
KAT6B,0.0002886474793547567,0.0001967510194166532,5.575972318183631e-05,0.0007605112041346729,389
MYRF,0.00028815956543302025,0.00023617829303358053,3.9814705814933404e-05,0.0008331400458700955,390
ZNF804A,0.00028788395064277046,0.00020495624704892074,5.84714362048544e-05,0.000690657296217978,391
PIAS1,0.00028678120088443393,0.0001879643016622013,3.6697878385894e-05,0.0006759393727406859,392
LHX4,0.00028116567620434745,0.00016599638276423295,4.4275304389884695e-05,0.0007189922616817057,393
AIP,0.00027996819618568804,0.00019445761630279538,6.699853656755295e-06,0.0006309471791610122,394
ZNF217,0.00027838307706436655,0.00023463083898124938,2.0481717001530342e-05,0.001016835100017488,395
NANOG,0.0002779918742100673,0.00014885154300909665,6.105185457272455e-05,0.0006003493908792734,396
CTNNB1,0.0002764560784824384,0.00029504177649848754,2.3470440737582976e-06,0.0009349363390356302,397
HSF4,0.0002759861313382895,0.00018613219737051185,1.1257706319156568e-05,0.0006947048823349178,398
MAFB,0.00027592657785086857,0.0002831701341254338,3.2438565540360287e-06,0.0009349785395897925,399
SPI1,0.00027420790012332543,0.00016157247255080696,3.8322079490171745e-05,0.0005841046222485602,400
MKX,0.0002739862188163174,0.00016540232699215014,9.991041451939964e-07,0.0005727800889872015,401
E2F3,0.00027369998512464616,0.00035112959312681854,2.081178354274016e-05,0.0011061866534873843,402
YAP1,0.0002685469034986454,0.00017785032475406952,4.578302468871698e-05,0.0006103786290623248,403
NFIC,0.00026447184259406197,0.00023454660720879968,4.4044027163181454e-05,0.0009939320152625442,404
EN1,0.0002644408009266706,0.0002822723735191356,1.58925886353245e-05,0.0010551979066804051,405
BMAL1,0.0002643659883405378,0.00023022714613241019,6.367241667248891e-08,0.000735974870622158,406
ZNF331,0.00026338169716451154,0.00023921293422289413,2.911757110268809e-05,0.0009771218756213784,407
CDX2,0.0002611633722877245,0.0001956529451427277,7.407035809592344e-06,0.0007053681183606386,408
ESRRB,0.00026111474438618063,0.00021474859051548025,3.720868699019775e-05,0.0006830800557509065,409
UBTF,0.00026047667051898316,0.00022670736539826496,3.7026184145361185e-05,0.0008933045319281518,410
NEUROG1,0.00025967325240289387,0.00029914224061904646,1.7147303879028186e-05,0.0012181944912299514,411
LMO4,0.00025886201125434707,0.00013563780198266442,6.297536310739815e-05,0.0005403175600804389,412
MAML1,0.0002586290492438297,0.0001464157271291034,2.1293481040629558e-05,0.0005355447647161782,413
ING4,0.00025824922821619003,0.0002045912904056725,2.509059413569048e-05,0.0006572532001882792,414
TGIF1,0.0002571332990390312,0.00018505455493763624,6.16878314758651e-05,0.0007308124331757426,415
MYBL2,0.0002565306790047268,0.0003289797731145666,1.537934258522e-05,0.0011369229760020971,416
FOXF2,0.00025620072730789343,0.00022342300429064777,2.7763562684413046e-05,0.0008115879027172923,417
RFX3,0.00025613295370228366,0.00024079868359075436,1.1065509170293808e-05,0.0009083561599254608,418
NR1I2,0.0002546624332009025,0.000189105132724648,1.8672762962523848e-05,0.0006847451440989971,419
RUNX1,0.00025290934814675535,0.0002182839611076049,2.4630116968182847e-05,0.0007231123745441437,420
RORC,0.00025142342829812236,0.00015648964188757773,4.34965877502691e-05,0.0006713594193570316,421
POU3F4,0.00025096143938850275,0.00022566216314242146,5.039115421823226e-06,0.0009093254921026528,422
NKX6-2,0.0002508750978560067,0.0001727028430584397,8.081058331299573e-05,0.0007433107821270823,423
FEZF1,0.0002494459090209575,0.00020690193192702698,3.324366480228491e-05,0.000732289394363761,424
KLF7,0.0002491130686862699,0.00017368659631404674,1.1199002074135933e-05,0.0006654585595242679,425
TBX21,0.000248078834071445,0.00012006455105906152,3.7675763451261446e-05,0.00045748293632641435,426
EPAS1,0.00024807622635721185,0.00027379281502501284,3.4223554393975064e-05,0.0010941595537588,427
ZNF202,0.0002472811933008264,0.0001995466768742407,2.624622766234097e-06,0.0006218882044777274,428
ISL1,0.0002453721420138346,0.00012845661083812972,1.0246677447867114e-05,0.0005248520174063742,429
ID2,0.00024387270061789891,0.00024327418067345572,9.506429705652408e-06,0.0009312856709584594,430
BCLAF1,0.00024360879059382899,0.00017082593697145086,1.880541276477743e-05,0.0005898422095924616,431
NFKB,0.00024302997222534805,0.00024573756767534813,6.278721230046358e-06,0.0008495372603647411,432
NFATC1,0.0002426091519723603,0.00021095755863636376,3.9686001400696114e-05,0.0008698300225660205,433
DLX3,0.00024216710271778567,0.00011583117697783357,6.165748345665634e-05,0.00046090706018731,434
ENO1,0.00024171396324329015,0.0001579134570651295,1.3358243450056762e-05,0.0005972075741738081,435
ELK1,0.00024119193208069632,0.0002049726727332714,1.9159480871167034e-05,0.0005727038951590657,436
POU4F3,0.0002408465012870169,0.00017604557130309224,2.434824637020938e-05,0.0005907798185944557,437
HSF1,0.00024007702887880186,0.00023194917046707178,2.372419430685113e-06,0.0008949371986091137,438
CTCFL,0.00023914533861834502,0.00021044041575465417,2.5051813281606883e-06,0.0007351695676334202,439
VEZF1,0.00023705615355786657,0.00017053531379723413,4.411480404087342e-05,0.0005651623941957951,440
HES1,0.00023648239090507008,0.0002483231795385557,1.2097906619601417e-05,0.000832379562780261,441
PEG3,0.00023639807554073658,0.00013487329241340592,1.0253768778056838e-05,0.000602184736635536,442
CLOCK,0.00023581862859083975,0.00014385586053729862,4.568599979393184e-05,0.000573057506699115,443
ATF2,0.00023570730353257701,0.00023072137919152334,1.6188669178518467e-06,0.0008337486069649458,444
HLF,0.00023341097197992372,0.0002578907437490634,6.461677003244404e-06,0.000902090163435787,445
SMARCA1,0.00023303678727698394,0.00020003941612483194,1.1069206266256515e-05,0.0007364652119576931,446
DLX5,0.00023288969397454324,0.0001417240674023811,2.2351519874064252e-05,0.0005025534192100167,447
BCL11B,0.00023090227863797213,0.00012088583266811619,5.562965452554636e-05,0.0004804343043360859,448
GTF3A,0.00023072222919643426,0.00010508079856466697,6.635993486270308e-05,0.00043764623114839196,449
SOX2,0.00022949260457106777,0.00019136841056088705,6.572170718754933e-07,0.0008017641375772655,450
GCM1,0.00022804105477741194,0.00020084413999820304,2.02960177375644e-06,0.0006022595334798098,451
MSX2,0.0002275873316717259,0.00018314374957668995,2.7224814402870834e-05,0.0006849303026683629,452
MYOD1,0.00022703406631824856,0.00014456389661004644,9.48965589486761e-06,0.0004911588621325791,453
NFE2L3,0.00022680415670286246,0.0001964174369921879,1.0879943147301674e-05,0.0007357983267866075,454
FOXH1,0.00022611671179082336,0.00019422952091732279,2.012616278079804e-05,0.0006943765911273658,455
TLX2,0.0002257638838769212,0.00015313668141375597,2.1673009541700594e-05,0.0005321928765624762,456
RFX5,0.00022554224555543402,0.0002647875920940187,8.549691443704432e-08,0.0009057405986823142,457
NRG1,0.00022543964875649868,0.00023598967884849956,1.7859034642242477e-06,0.000878992083016783,458
ARID3B,0.00022541195780969716,0.00018419509495852957,2.6101546609424986e-05,0.0005625520716421306,459
CHD4,0.000224613811042218,0.00011316984333171487,8.30342760309577e-05,0.0005014417693018913,460
PAX7,0.0002240331657090296,0.00015789733073929492,1.7984086298383772e-05,0.0005752488505095243,461
MAFK,0.00022372485174552517,0.00013276278573705162,1.9879940737155266e-05,0.0005397420609369874,462
KLF13,0.00022266728428441886,0.00016643909582456784,3.565149597761774e-07,0.0006134089198894799,463
STAT5B,0.0002223256418539787,0.00020243586166762093,8.658992555865552e-06,0.0006200096686370671,464
FOXP3,0.00022037908819460097,0.000232203537822626,1.591110230947379e-05,0.0008914486970752478,465
MNT,0.00021924316164048915,0.00014739059373070608,3.4674201287998585e-06,0.0005140357534401119,466
NRF1,0.00021890019936959658,0.00020793124745751394,3.464717337919865e-06,0.000631375121884048,467
MIXL1,0.0002184116624104001,0.00013652550147234542,3.080083115492016e-05,0.0005131716025061905,468
HNF4A,0.00021753708119192353,0.00021006972274689736,4.2667650745897845e-07,0.0006414418458007276,469
SNAI2,0.00021747858417770107,0.00020610601571695422,3.98292741010664e-06,0.0007217214442789555,470
FEZF2,0.00021727558017422174,0.00015450829624958994,2.5135565010714345e-05,0.0006167985266074538,471
MXD1,0.00021621782702203,0.0001722905599896505,6.945033874217188e-06,0.0004981574020348489,472
ID1,0.00021375801982471921,0.0001749559005707542,1.6268233594018966e-05,0.0007116126944310963,473
FEV,0.00021366189186224028,0.0001645547863295511,3.857101910398342e-05,0.0005762565415352583,474
ZBTB17,0.00021317734898261597,0.00017076191564448893,1.4167322660796344e-05,0.0005911435000598431,475
HOXD1,0.00021250146880557816,0.0002056046168565175,1.938875539053697e-05,0.0009124184143729508,476
BHLHA15,0.00021249945196318137,0.00018513304083793333,2.8146525892225327e-06,0.000707302475348115,477
KLF15,0.00021201705192542056,0.00014790760130888739,3.153250872856006e-05,0.0005444482667371631,478
SMAD2,0.00021055543859746254,0.00016247441937390818,3.084636318817502e-06,0.0005679497262462974,479
HOXB6,0.0002086937705908812,0.00013930641273787926,1.6788968423497863e-05,0.0005068104946985841,480
RARB,0.0002083624676773201,0.00018450618451323477,2.6252728275721893e-06,0.0005829631700180471,481
TEF,0.00020766586375788339,0.00016415945203770228,2.3830627469578758e-05,0.0004933755844831467,482
DDIT3,0.00020744825218860734,0.0002120869901140647,1.4619479770772159e-05,0.0007988473516888916,483
TRERF1,0.00020652391975256086,0.00013608326164830787,4.3559000914683565e-05,0.0005288844695314765,484
TCF12,0.00020616034349917425,0.00017664687107178244,1.6850543033797294e-05,0.0007135224295780063,485
LMO2,0.00020411158946368838,0.00019449061457888696,1.0428225323266815e-06,0.0006449472857639194,486
JDP2,0.00020396872324888383,0.00023233873783904858,4.479300969251199e-06,0.0009080808376893401,487
FOXD3,0.0002035251273940472,0.0001311290799095143,5.536614025913877e-06,0.0005470570176839828,488
SMAD1,0.000201677107884021,0.0001790831035112461,1.360764031232975e-06,0.0005647530197165906,489
NFIX,0.00020060555341112348,0.00012090551244140137,1.0725768333941232e-05,0.0004088995046913624,490
ARID4A,0.0001989152315011531,0.00012924343765403294,1.074793362931814e-05,0.0004476421163417399,491
ZNF382,0.00019823722001974326,0.00013561465099701058,2.4319686417584307e-05,0.0004711523943115026,492
MTA3,0.00019773078077956927,0.00013392663496140984,2.5350065698148683e-05,0.00046621321234852076,493
HESX1,0.00019708421870856193,0.0001547947196568069,4.068245107191615e-05,0.0005745720118284225,494
ZNF236,0.00019195673642688902,0.00020231694398853048,3.4540096294222167e-07,0.0006608218536712229,495
PAX3,0.000191035380573863,0.00012980208716106072,6.2524563873012085e-06,0.00044064896064810455,496
TBP,0.00019083285165432892,0.00017647407589046812,3.837112217297545e-06,0.0006029587821103632,497
ATOH7,0.00019013397074256014,0.00016083243126715314,1.8252849258715287e-05,0.0005810716538690031,498
TBX5,0.00018840316525456453,0.00016755502186775644,1.2409622286213562e-05,0.0005319758784025908,499
ZNF423,0.00018762894814189525,0.00016108101265335876,1.0970615221594926e-05,0.0005097367684356868,500
EBF3,0.00018750868517517202,0.00013933883452999153,2.071417293336708e-05,0.0004463079967536032,501
E2F6,0.00018636513833377688,0.00014368655559206497,2.0254439903055754e-07,0.000450927356723696,502
HDAC7,0.00018625929457853502,0.00019809451430866353,1.0465539162396453e-05,0.0007133929757401347,503
KLF11,0.00018589506407806766,0.00011155303604804711,3.467210626695305e-05,0.0004822986666113138,504
ZNF91,0.00018538874175619364,0.00011056014235727511,1.2800030162907206e-05,0.00038720251177437603,505
HINFP,0.00018490492417792362,0.0001616067008297787,2.740931449807249e-05,0.0006678703357465565,506
MEF2C,0.0001843769487043739,0.00018164319132739934,1.4182903214532416e-05,0.000758026959374547,507
GLI3,0.00018386977273645712,0.00019144655890860525,2.3289633190870518e-06,0.0007188230520114303,508
E4F1,0.00018330250805597575,0.0001610639400102174,1.1912521813428611e-06,0.000552070327103138,509
MBD2,0.00018323952884092057,0.00022541913717350693,2.3663201318413485e-06,0.0007362884934991598,510
EBF1,0.0001819723438874269,0.00012715681592237365,1.217226599692367e-05,0.00045842176768928766,511
HOXA11,0.00018108091226632826,0.00013950446968897368,1.4026990356796887e-05,0.0006158092874102294,512
SOX10,0.0001806661046888428,0.00021699432036383656,8.394217729801312e-07,0.0006977767334319651,513
KLF17,0.00017991587087911313,0.00013154743628820842,2.0862220480921678e-05,0.00044836202869191766,514
FOXP1,0.00017970997753584953,0.00016234922913455486,7.460160304617602e-06,0.0005873271729797125,515
CDX1,0.0001795985756967694,0.00014414772370352467,1.9633278498076834e-05,0.0005785386310890317,516
ZFX,0.0001792659796199752,0.0002045593940934206,5.232267085375497e-06,0.0007629640167579055,517
HMGA1,0.00017916368049995844,9.460592369932367e-05,4.164908023085445e-05,0.00033407562295906246,518
KDM5A,0.00017875034319838747,0.0001593780106759094,4.991180730939959e-07,0.0005225182394497097,519
HOXB4,0.0001771941911308452,0.00016031589623582791,2.5096973331528716e-05,0.0006877518026158214,520
NCOA2,0.00017686729731367174,9.791188257989348e-05,4.962035018252209e-05,0.000368673907360062,521
MYT1,0.00017532196645650842,0.00012907972954184318,6.43467637928552e-06,0.00047922073281370103,522
ETV1,0.00017455754463450526,0.00010938706087783831,2.502335701137781e-05,0.00042477736133150756,523
HOXA4,0.0001744094036045033,0.00011570776696300968,2.5823485430009896e-06,0.0004103711689822376,524
CREM,0.00017373336760845797,9.87860725434165e-05,3.561821722541936e-05,0.0004068611888214946,525
ZIC1,0.00017233189293902439,0.000159663501556875,4.993482434656471e-06,0.0005050393519923091,526
NR3C1,0.0001715820795742261,0.00014027391447893266,6.890676559123676e-06,0.0004453292931430042,527
GATA5,0.0001701682876197689,0.00017639993454885558,5.575809154834133e-06,0.0006556964362971485,528
TGFB1I1,0.0001693044231560083,0.00015412023647745396,1.029847680911189e-05,0.0005627376958727837,529
NR4A1,0.00016860778735904068,0.00017183879797597068,6.3816355577728245e-06,0.000642714265268296,530
PML,0.00016826243615992786,0.0001121490359974787,3.0163744668243453e-05,0.0003977402811869979,531
NR2E3,0.00016762478861148173,9.236199123785869e-05,3.0553546821465716e-05,0.0003841371217276901,532
LRRFIP1,0.00016669366311127692,0.00012654083657833093,1.1269532478763722e-05,0.00036816365900449455,533
CREBBP,0.00016568588474821368,0.00015586793293969798,2.024163222813513e-06,0.000478280708193779,534
MTA1,0.0001650741499888268,0.00016922978808876305,2.8275844670133665e-06,0.0007171072065830231,535
CREB3,0.00016486944589428964,0.00013016163697330454,7.060313237161608e-06,0.0004976588534191251,536
HEY2,0.0001642124340211274,0.0001558497438204468,2.891923941206187e-06,0.0005283602513372898,537
MEF2D,0.0001622665844975431,7.413218329734967e-05,4.352419273345731e-05,0.0003087647201027721,538
POU3F2,0.000162025785617502,0.00011184146510199103,1.661436840549868e-06,0.0003853740054182708,539
HEYL,0.00016096277470744485,0.00015381401447912238,8.248910489783157e-06,0.000523498049005866,540
ATF6,0.00016025747175152708,0.00017718457289706154,1.231561554959626e-06,0.000600196945015341,541
KLF3,0.0001600879537352026,0.00012554286185015615,4.192413143755402e-06,0.0003858529089484364,542
PIN1,0.00015989515222990963,0.000123709484329943,9.776520926152443e-08,0.0003653769090306014,543
KAT2B,0.00015972762112555344,9.737136920803581e-05,8.043313755479176e-06,0.0004143856349401176,544
MYF5,0.00015972293348650882,0.00012368222785093128,1.920237082231324e-05,0.0004883765359409153,545
TP53,0.00015971734453132464,0.0001279490524493307,1.9532182705006562e-05,0.0004651935014408082,546
ATRX,0.00015944287875930223,0.00014228942527804984,1.2968889677722473e-06,0.0005274128634482622,547
GLIS3,0.00015894918979683732,0.0001133257581115258,9.139377652900293e-06,0.000387967680580914,548
NKX2-5,0.00015887677454884397,0.00018828137287924018,8.492246706737205e-06,0.0006983557832427323,549
HAND2,0.00015862576036642113,0.00011129843315125295,1.3037881672062213e-06,0.00038791619590483606,550
ZNF384,0.00015786013580743725,0.00016051690025493725,8.995452844828833e-06,0.000604948028922081,551
NKX6-1,0.0001578252712754351,0.00010802714406125358,1.283951769437408e-05,0.00038548174779862165,552
HOXD4,0.0001570215827689825,0.00010404680272192055,2.693282840482425e-05,0.0005033642519265413,553
STAT5A,0.0001569673126258556,0.00012190914427825536,1.7698295778245665e-05,0.0004656714736483991,554
IRF9,0.00015548177195200174,0.00014459602873522647,3.6619305774365785e-06,0.0005975338281132281,555
NR2F1,0.00015519083814124866,0.00013938009228334715,7.540373189840466e-06,0.0004994113114662468,556
MAFG,0.0001521639026381391,0.00014155927503449976,1.618847090867348e-05,0.0005852566100656986,557
NR5A1,0.0001515307555468043,0.00010221032545740943,1.8406533854431473e-05,0.0003940231981687248,558
FOXA3,0.00015078876611017802,0.00010053959874483661,3.637545887613669e-06,0.00035741907777264714,559
MYOCD,0.000150612204213923,0.0001361993202004765,1.3880716323910747e-05,0.0004892860888503492,560
PAX2,0.00014869287223698543,0.0001232013741807022,1.4546855027219863e-06,0.0003921650641132146,561
NR5A2,0.00014869124315453064,0.00011195528864478549,1.7016307083395077e-06,0.00038360513281077147,562
TADA2A,0.00014856655593231346,0.0001275962131119746,1.3177369510231074e-05,0.0005399812362156808,563
MYF6,0.0001477991295773377,5.19745668798885e-05,8.438563963863999e-05,0.000262583838775754,564
IRF2,0.00014741893026955685,0.00017330859529762153,3.832722370589181e-07,0.0005654179258272052,565
ZBTB16,0.00014729585653626464,9.40761923357577e-05,3.671127706184052e-05,0.00037831038935109973,566
PA2G4,0.00014721353456900144,0.00015305305982489688,2.0038137336086947e-06,0.0005020090029574931,567
ZNF143,0.0001467443254953058,0.00011928398255038459,1.2305445125093684e-05,0.00042377604404464364,568
SOX18,0.00014649316267078768,0.000118848565915417,3.5971775105281267e-06,0.00042536266846582294,569
JARID2,0.0001464486531102521,0.00012015897872902774,1.0781704077089671e-05,0.00047988808364607394,570
ZBTB38,0.00014619198769465086,0.000110655529098565,3.19164769280178e-06,0.0003660458023659885,571
HAND1,0.00014558562465040404,0.00013568223016186353,4.461480784812011e-06,0.00043066541547887027,572
ELF1,0.00014553338891084533,0.00010704142148585618,8.444204468105454e-06,0.00037663980037905276,573
PLAG1,0.00014544228483345884,0.00022349709300162094,7.396104138024384e-06,0.000836443156003952,574
ERG,0.00014504417025350312,0.00010777549915075905,1.710855940473266e-05,0.0003999764157924801,575
NEUROD6,0.00014377502747486164,0.00010310697084033621,4.430430180946132e-06,0.0003836187825072557,576
DEAF1,0.00014347134235019135,0.00011442525692716673,1.4197840755514335e-05,0.00046062935143709183,577
MYB,0.00014315790227516518,8.785037364066578e-05,2.410936076557846e-06,0.00034169599530287087,578
SSRP1,0.0001415238050417188,0.0002774105793205479,1.5969833384588128e-06,0.0011741203488782048,579
IRF2BPL,0.0001405932806240647,0.00013802250181404972,9.15599684958579e-06,0.0005330989370122552,580
ZGLP1,0.00014048643513295687,0.00012927098500947778,9.155126463156193e-06,0.00047343180631287396,581
MLXIP,0.00014042287603528166,0.00013123696811504916,8.137430427268555e-07,0.00044480033102445304,582
ERF,0.00014039100777595058,0.00010922144021193047,2.8652219043578953e-05,0.00041675096144899726,583
NFIA,0.00014018871125599753,0.00012904003419440197,2.492483645255561e-06,0.0004488087724894285,584
ETV2,0.00013979450371455945,0.00011847508830175864,2.1916854166192934e-05,0.00040245812851935625,585
ZNF24,0.00013826387259264334,0.00013200795028693444,7.132853170332965e-07,0.00043627663399092853,586
NPM1,0.00013808315525772852,0.00015992660114244532,4.518250079854624e-06,0.0005530834314413369,587
TBX20,0.0001376916377670315,0.0001289840204269696,3.2112809549289523e-06,0.0005266288062557578,588
PARK7,0.00013732198257281942,0.00018327933350219987,2.5059889594558626e-06,0.0005677976296283305,589
POU2AF1,0.0001365988333749225,0.00011351991620641873,3.163218934787437e-05,0.00042022421257570386,590
PITX2,0.00013497319342591118,0.0001527477514123628,6.86332577970461e-06,0.0005606540944427252,591
HCFC1,0.00013476582833763214,8.670891391278296e-05,2.065766238956712e-06,0.00033750152215361595,592
KLF1,0.00013420337541584595,0.00012674537794931748,2.615958919705008e-06,0.00038454117020592093,593
SP2,0.0001340350193438131,8.153638515538171e-05,3.9541857404401526e-05,0.0003395677194930613,594
TCF15,0.00013382664742735096,0.00010451663533059273,1.3434433640213683e-05,0.00041147859883494675,595
HBP1,0.00013252651277443047,0.0001118093513182627,8.74552279128693e-06,0.0003741731052286923,596
DMRT1,0.00013048591200927285,5.536691158219437e-05,5.3809970268048346e-05,0.00024257105542346835,597
MLXIPL,0.0001298442310654178,0.00010545361960790853,7.1585795922146644e-06,0.00033348347642458975,598
KMT2A,0.00012968993635378425,8.061761095968859e-05,4.690920832217671e-06,0.0002719145268201828,599
TFCP2,0.00012954047827813128,0.00010395185199658692,2.9001155326113803e-06,0.00038280157605186105,600
ZNF354C,0.00012932656829415615,0.00013700563891202847,2.7044077341997763e-06,0.0005448331939987838,601
PHOX2A,0.00012666351411660275,5.7210640379893315e-05,1.4192314665706363e-06,0.00022658545640297234,602
ARX,0.00012626204563971578,9.226100391236867e-05,5.652461823046906e-07,0.0003245459229219705,603
BHLHE40,0.0001261777491585938,0.0001696629287877053,1.6542958292120602e-06,0.0005638599395751953,604
SIN3A,0.00012507294234630922,0.00012925247962514952,3.288427251391113e-06,0.0004342538886703551,605
ETV7,0.00012469233620253584,0.00018280751908952237,6.917096470715478e-06,0.0006872727535665035,606
GTF2I,0.0001234954758664981,0.0001365912832763554,8.407131701915205e-08,0.0004522948293015361,607
SOX3,0.00012314245528037432,0.00021580240426852742,2.648205281730043e-07,0.0008214208064600825,608
ZBTB7A,0.00012290300094436492,0.00011269344907180311,7.968770660227165e-06,0.0004339867446105927,609
SFPQ,0.00012203059192644918,0.0001382354536073343,2.9918135169282323e-06,0.0004271065990906209,610
SATB2,0.00012191647227087866,0.00010823518666720587,6.68256120661681e-07,0.0003586920502129942,611
SPIC,0.00012045549129018609,9.8386676566013e-05,6.915875019330997e-06,0.00035128704621456563,612
NFE2,0.00012000528886346729,0.00013268207594844557,1.4881592278470634e-06,0.0004788266960531473,613
HDAC5,0.00011949321586171484,0.00011773555853265793,3.167453087371541e-06,0.0004016087332274765,614
PAX6,0.00011867240718439207,0.00011198953408560899,5.781932941317791e-07,0.0003882767050527036,615
CEBPE,0.00011623273114695841,0.00010135481770174822,3.5474527066980954e-06,0.0003700692905113101,616
ZBTB32,0.00011589845193567051,0.00010153835987613805,1.4141820656732307e-06,0.0003980319306720048,617
FOXF1,0.0001153079654901757,7.75346927649047e-05,3.0902072012395365e-06,0.00027408040477894247,618
PTF1A,0.00011480340223077732,9.528194609730866e-05,5.352049356588395e-06,0.0003791071940213442,619
OTX2,0.00011475201136915052,0.00013199083430401817,3.6135413665761007e-06,0.0005061097326688468,620
HOXD8,0.0001146840028275509,7.86157552555434e-05,1.4224741789803375e-05,0.0002988734340760857,621
RLF,0.00011373201995672757,0.00011451344962691025,6.296536412264686e-06,0.00033929513301700354,622
TCF3,0.00011298627800621917,0.00014791048833960523,9.809206858335529e-06,0.0004491020808927715,623
INSM1,0.0001129729268255329,0.00011827779704088631,5.3595585995935835e-06,0.00040867726784199476,624
HIF3A,0.00011172073143077823,9.143905158997466e-05,1.043072552420199e-05,0.00038065630360506475,625
VSX2,0.00011075385213754282,9.563331419121273e-05,1.321514105256938e-06,0.0003067699435632676,626
SIRT1,0.00011072536040735554,8.705778709903172e-05,1.63788517966168e-05,0.00033886689925566316,627
STAT4,0.00011072239720040973,9.118726155431425e-05,1.4860256669635419e-06,0.0003169070987496525,628
SREBF1,0.00011051823797846406,0.00013112811934321277,4.382445695227943e-06,0.00043221062514930964,629
ZNF436,0.0001101991279097781,0.00011310986733565716,2.6263235213264124e-06,0.0003519128367770463,630
IRX4,0.0001095011853342867,6.521213370116095e-05,1.5841322237974964e-05,0.00022761481523048133,631
IKZF3,0.0001083577753578621,0.00014166247763891857,9.062962817552034e-06,0.0005314062000252306,632
GBX2,0.00010812577138967704,0.00010130911328384845,2.1890237178467942e-07,0.0003419937565922737,633
DLX2,0.00010776880035608242,7.139877271910667e-05,6.478150282873685e-08,0.0002827787247952074,634
AHR,0.00010748941268230517,7.629708153412918e-05,1.4446012528424035e-06,0.0002815790066961199,635
TFAP2A,0.00010650363128661411,0.0001062196190173273,5.162621619092533e-06,0.0003162823850288987,636
SRF,0.00010630134923331119,9.954157263941638e-05,5.61417436983902e-06,0.00031782352016307414,637
FOXI1,0.00010611357805730263,0.0001962997601998121,5.994009484311391e-07,0.0007462375215254724,638
SOX6,0.00010529058392600719,0.00013432105621553962,4.871359124081209e-06,0.0005403641844168305,639
HOXA5,0.00010481462909361244,0.0001319694509186029,1.9545882423699368e-06,0.0004931525327265263,640
FHL2,0.0001047817909927813,5.455421089747106e-05,1.6161422536242753e-05,0.0001821002078941092,641
AIRE,0.00010409168827992103,0.00012626473353469456,2.047298949037213e-06,0.0003940181923098862,642
ABL1,0.00010336072540870632,0.00010657896272429615,7.263854513439583e-07,0.00032850567367859185,643
NFYB,0.00010155930746088526,0.00011869537916409319,1.0605030183796771e-05,0.0004754964029416442,644
MYC,0.00010147103256324448,8.472638380384832e-05,1.6265101976387086e-07,0.00030767935095354915,645
SP7,0.00010113617166539233,9.721764323614996e-05,3.2235718663287116e-06,0.0003327348385937512,646
HOXB2,0.00010051575373745092,0.00010247226673676435,1.474764076192514e-06,0.0003857544215861708,647
NCOA3,0.00010017230139985058,0.0001407179536024084,9.287533657698077e-07,0.0006123238708823919,648
DNMT1,9.940522197737778e-05,9.206726680497411e-05,5.707220793738088e-07,0.0003084276395384222,649
TCF7L1,9.857863074878217e-05,0.00012785216173550535,3.2615864711260656e-06,0.00045784024405293167,650
FOXO3,9.835106924804154e-05,9.551481078782004e-05,1.0560936971160118e-05,0.0003491976240184158,651
KDM2A,9.785260277708679e-05,0.00011627503971386077,1.4530985481542302e-06,0.0004679956764448434,652
EMX2,9.742292557616979e-05,0.00011809911975128657,6.858042524982011e-06,0.00037378573324531317,653
HES5,9.587747063714384e-05,5.830441963510116e-05,1.5280389561667107e-05,0.00023195154790300876,654
PURA,9.567052145536599e-05,9.207588580066871e-05,4.42143118561944e-06,0.00035523041151463985,655
MSC,9.56367039664356e-05,0.0001384356659139834,2.3937152491271263e-06,0.0005489450413733721,656
NCOR2,9.557910461256996e-05,6.106470657459854e-05,2.330031020392198e-05,0.00030178806628100574,657
KDM5C,9.551365589073391e-05,6.130040485989447e-05,8.839427209750284e-06,0.00021920686413068324,658
IKZF4,9.514769215346666e-05,7.379353829702106e-05,8.547816833015531e-06,0.00027205876540392637,659
PAX9,9.507881316911886e-05,0.0001747864803735922,1.53254717361051e-07,0.0007156200590543449,660
NFKBIB,9.502620563581283e-05,0.00011157977615352647,3.741015916602919e-06,0.0003914170083589852,661
KLF2,9.46290519893313e-05,0.00012378415311632335,2.5642262357905565e-07,0.00047011018614284694,662
ID3,9.447313408114414e-05,0.00014602028566750556,5.398353096097708e-06,0.0004727783380076289,663
PRDM4,9.438115450744921e-05,5.927672843392561e-05,3.504328560666181e-06,0.000197214845684357,664
NR1D1,9.402285132014065e-05,6.449443618338365e-05,1.4996026038716082e-06,0.0002046197041636333,665
MYOG,9.30006416242887e-05,9.614326989336177e-05,3.4259489893884165e-06,0.00036222708877176046,666
HES6,9.296887639314291e-05,0.00011141380870084534,3.4962154131790157e-06,0.00039170790114440024,667
SRSF2,9.209884199613111e-05,9.36562696660131e-05,3.1699885312264087e-06,0.0003672378952614963,668
POU2F2,9.141724899090302e-05,0.00012242287380816194,9.015315640681365e-07,0.0005226851208135486,669
SMAD3,8.772633658147491e-05,0.00013413704226476086,1.1298137678750209e-06,0.0004038539482280612,670
ZFP64,8.70703260107341e-05,6.56844972270455e-05,1.087784767150879e-06,0.0002227421646239236,671
STOX1,8.656967052598758e-05,7.821438104666946e-05,9.58728287514532e-06,0.00026551767950877547,672
SF1,8.618049952419273e-05,4.834900662475725e-05,8.31004490464693e-06,0.00018618888861965388,673
TFEB,8.601665399617897e-05,9.758964474468341e-05,9.099005637835944e-07,0.00036781333619728684,674
MNX1,8.588335582174116e-05,7.98680864806094e-05,1.6189920870601782e-06,0.00026801598141901195,675
FOXO4,8.569370412246688e-05,8.837681487837635e-05,3.507720975903794e-06,0.0003502332547213882,676
THRA,8.535128543054739e-05,8.005773914780637e-05,6.502040832856437e-06,0.0002823839895427227,677
FOSL1,8.502989271576236e-05,7.242131720716156e-05,1.4450477010541363e-06,0.0002911189803853631,678
OLIG2,8.451841602257473e-05,5.618536605798244e-05,5.299281838233583e-06,0.00022172220633365214,679
NEUROG2,8.408257826197246e-05,6.479339914822383e-05,8.214891749958042e-06,0.0002468050515744835,680
RB1,8.271176078353344e-05,6.749963195683265e-05,6.7210103225079365e-06,0.00020671900711022317,681
PAX5,8.241464498689422e-05,0.00010717520228060912,2.1006005681556417e-06,0.0003805138112511486,682
GFI1B,8.236690159306322e-05,7.845093383437487e-05,1.0463298167451285e-05,0.00025309642660431564,683
DNMT3B,8.20802637115252e-05,6.169058634893486e-05,2.1712962734454777e-06,0.00019613451149780303,684
BTG2,8.1539513401218e-05,0.00010601659133267595,4.906609092358849e-07,0.0003791736962739378,685
CTCF,8.150708595382405e-05,0.00010642170903902833,2.2401579826691886e-06,0.0004433932772371918,686
POU5F1,8.089499029487106e-05,0.00013949942536177473,5.047647846367909e-07,0.0003168169059790671,687
TTF1,8.052342047387191e-05,7.968502565579935e-05,2.8189806471345946e-06,0.0002822537499014288,688
NR4A2,8.034024663381636e-05,6.284636110330915e-05,9.383404176332988e-06,0.00029315080610103905,689
PROP1,8.021014377867391e-05,7.935854327853377e-05,7.014285188233771e-07,0.00024250912247225642,690
NR1I3,7.913890772775203e-05,5.8649334213588384e-05,2.6914005957223708e-06,0.00021381663100328296,691
PPARGC1A,7.900920586783313e-05,4.820733085685963e-05,1.3844770364812575e-05,0.0001879607152659446,692
NUPR1,7.869619908257465e-05,0.00011138088420228071,6.208060199242027e-07,0.0003728976589627564,693
GLI1,7.86480347723241e-05,7.220152104213454e-05,3.9452806959161535e-06,0.00027985763153992593,694
SMARCA5,7.843814830140032e-05,0.00015038328882613505,2.3359451972737588e-07,0.0004998030490241945,695
KLF10,7.810162689090497e-05,0.00010621200724485949,2.617200834720279e-06,0.0003079613670706749,696
EWSR1,7.806583404967535e-05,7.557120952670797e-05,1.0920231261479785e-06,0.0002538742555771023,697
SON,7.79832429901889e-05,5.1280468108797395e-05,1.3008248060941696e-05,0.0001739734725560993,698
ARID3A,7.782182631514574e-05,7.462656881441458e-05,2.7620095011116064e-07,0.00026111831539310515,699
KLF5,7.778644259581074e-05,7.499885514152518e-05,2.309237515873974e-06,0.0002365127147641033,700
NEUROG3,7.753764296195261e-05,0.00011050724835487084,5.8671460578807455e-08,0.00044281367445364594,701
TFAP2D,7.661146990110204e-05,7.879902961763242e-05,6.653177479165606e-06,0.0003190432325936854,702
SALL3,7.65044397386722e-05,7.822701643355327e-05,1.2705817198366276e-07,0.00031262400443665683,703
VSX1,7.619403354545173e-05,5.2973983782228284e-05,7.816406650817953e-06,0.00019924654043279588,704
HOXC13,7.46896974716678e-05,0.00014064270841063586,9.508783591627434e-07,0.0005507668247446418,705
HNF1B,7.451285164038244e-05,7.622081905424097e-05,9.854593372438103e-07,0.00027964613400399685,706
TFAM,7.176768768042139e-05,8.445316946906356e-05,2.704951839405112e-06,0.0003387436445336789,707
MSX1,6.967718475910563e-05,6.445262683806053e-05,1.6131645679706708e-05,0.0002845932904165238,708
HIVEP3,6.894494741300839e-05,8.347530982049831e-05,2.032696329479222e-06,0.00032957663643173873,709
SNAI1,6.856028039175561e-05,8.843265593973076e-05,1.1578545127122197e-06,0.00024290275177918375,710
BCL3,6.853201513780677e-05,6.454700337966851e-05,9.117713489104062e-06,0.0002179369330406189,711
HOXB5,6.709675562888151e-05,7.937630105150144e-05,5.943263204244431e-06,0.00027447898173704743,712
ZFPM2,6.697410059807612e-05,6.320290476841401e-05,1.1512048558870447e-06,0.00021618772007059306,713
TCF7L2,6.677407671547412e-05,9.95369759447349e-05,1.0114254109794274e-06,0.00028989079874008894,714
IRF8,6.632161544637619e-05,8.621936251675542e-05,2.7008334768652276e-07,0.00036193287814967334,715
KLF4,6.591963734283185e-05,7.479083970606353e-05,2.0455841820421483e-07,0.0002006845606956631,716
ZFPM1,6.579147784543349e-05,4.717728319880353e-05,2.752641876213602e-06,0.00015401588461827487,717
PBRM1,6.54992576081461e-05,7.20004893602016e-05,1.2449959285731893e-06,0.00023764121579006314,718
TAF1,6.397957280046887e-05,7.192763085287201e-05,1.7512243175588083e-06,0.00023551748017780483,719
SOX9,6.373813213355162e-05,0.000100626420607503,7.577912128908793e-07,0.0003772630589082837,720
MEOX2,6.359566827942048e-05,6.364846987179514e-05,3.0239473858273413e-07,0.0002458206145092845,721
POU4F1,6.303172930853235e-05,6.35745412570825e-05,3.8524613046320155e-06,0.00022044117213226855,722
TOX3,6.297018190706743e-05,6.048464247595718e-05,1.2608605857167277e-06,0.00021196267334744334,723
SP6,6.201801499534037e-05,9.811230130599582e-05,2.421088311166386e-06,0.00040744044235907495,724
NR1H2,6.187855115618304e-05,7.796921487602231e-05,9.969983238988789e-07,0.00032265583286061883,725
FOXA1,6.155910887302566e-05,7.232969809241854e-05,1.408246930623136e-06,0.0003152026329189539,726
DACH1,6.097807523684479e-05,6.98344845075405e-05,3.6324070151749766e-07,0.00024977241992019117,727
BCL6,5.9754534294745895e-05,4.679545205147731e-05,3.915342006166611e-07,0.00018330694001633674,728
GATA2,5.959279420917879e-05,6.345153297592347e-05,1.6199312540265964e-06,0.00023526675067842007,729
HEY1,5.7648496246629016e-05,6.327730195323334e-05,1.579921445227228e-06,0.00024659858900122344,730
PBX1,5.7482759959658445e-05,5.6491320718018276e-05,3.5347500215721084e-07,0.00017354634474031627,731
TBPL2,5.7236498766079855e-05,7.758195689299141e-05,4.77421565392433e-07,0.0003032496606465429,732
SMARCC1,5.714277103558715e-05,5.6441111325262265e-05,3.9670253499934915e-06,0.00019082163635175675,733
GABPA,5.3917989413192075e-05,6.969505529283863e-05,2.292231329192873e-06,0.00026919087395071983,734
LITAF,5.319973414039871e-05,4.1043573870781624e-05,2.082829269056674e-07,0.00014172731607686728,735
MXI1,5.30754949095629e-05,5.283572463361746e-05,1.167289610748412e-06,0.0001672290381975472,736
LMX1A,5.270355475686577e-05,4.4813316603273505e-05,6.458977622969542e-06,0.0002003185945795849,737
SP4,5.230253658834853e-05,7.157881193283486e-05,2.909913234816486e-07,0.00023871418670751154,738
MTA2,5.229146323711594e-05,4.7284931680691685e-05,7.849608323340362e-07,0.0001737447310006246,739
ZBED1,5.023579891864453e-05,5.1711921802265175e-05,3.674713525469997e-06,0.0001394450810039416,740
NR0B1,4.902882238543395e-05,5.414114214085579e-05,1.291064336328418e-06,0.00019664726278278977,741
HNF4G,4.814592212758753e-05,4.2558777713360096e-05,9.169982604362303e-07,0.00015659014752600342,742
SOX17,4.785627291942712e-05,5.290670965512541e-05,1.774694510459085e-06,0.00020006141858175397,743
MAFA,4.7694180176105157e-05,7.606939044115129e-05,2.1650175767717883e-06,0.00022864446509629488,744
BHLHE41,4.736483048983439e-05,5.686141545857373e-05,1.2302068626013352e-06,0.00014753076538909227,745
TSC22D1,4.662217049061274e-05,5.3462831490302295e-05,3.8035616967135866e-07,0.0002012446493608877,746
NR2C2,4.646360446431021e-05,7.930918335848189e-05,3.2988093607855262e-06,0.00020930483879055828,747
ZBTB14,4.610185987124196e-05,2.5389812584635156e-05,4.391988113638945e-06,9.585844236426055e-05,748
KLF9,4.50996307498375e-05,5.8426884164150754e-05,2.395591081949533e-06,0.0002190765953855589,749
PDX1,4.18993296871363e-05,5.4173014686042284e-05,6.833887482571299e-07,0.0002519077679608017,750
BACH2,3.867370985663897e-05,3.5548001958862366e-05,1.5620584008502192e-06,0.00013648906315211207,751
NR2F6,3.8287769129612336e-05,5.952491058590607e-05,4.6188179680939356e-07,0.00024125816707964987,752
HDAC9,3.788360482371081e-05,4.80316039151432e-05,3.931858714167902e-07,0.00014461905811913311,753
NR1H4,3.75896730455077e-05,4.150734369984598e-05,4.003501317129121e-07,0.00011984605953330174,754
SOX4,3.671881864649022e-05,7.371222232990574e-05,4.769971724272182e-07,0.0002254736318718642,755
DLX1,3.536120406099849e-05,6.109232613258439e-05,5.259952899905329e-07,0.0002229130477644503,756
NHLH2,3.5184732984593445e-05,3.844390470621303e-05,1.5344259054472786e-06,0.0001329652004642412,757
SATB1,3.4295021516134675e-05,4.048935547153432e-05,2.1079792986711254e-06,0.00016676024824846536,758
GATA3,3.352525981889593e-05,3.741463016423899e-05,1.4858250096949632e-06,0.00012557528680190444,759
GFI1,3.316227132102361e-05,3.474674292021402e-05,1.9297958715469576e-06,9.613294969312847e-05,760
RFX2,3.313908237409934e-05,5.121443962002511e-05,1.3813405530527234e-07,0.0001487237896071747,761
POU1F1,3.1145712191349766e-05,3.8702825514654386e-05,5.801823022011376e-07,0.0001257859985344112,762
NRL,2.9195208468375094e-05,4.776676163149681e-05,6.234878924260556e-08,0.00015566045476589352,763
NFX1,2.8906351929950088e-05,4.002467869041035e-05,1.0413535278530617e-07,0.0001361490722047165,764
IKZF1,2.8181224198783294e-05,2.6223460766981965e-05,5.258609689917648e-07,9.863413288258016e-05,765
NR1D2,2.7126639463447052e-05,3.5590521787229685e-05,4.224349652304227e-07,0.00011867469584103674,766
ZNF160,2.6966444405689337e-05,2.6962524249603656e-05,5.662647026838386e-07,7.650634506717324e-05,767
NR6A1,2.6124003238089355e-05,2.8194637308222815e-05,1.2309237718000077e-06,7.146688585635275e-05,768
ZNF76,1.974227414102574e-05,1.786669810696744e-05,6.84302676745574e-07,5.151256118551828e-05,769
PKNOX1,1.8691430209369784e-05,2.4509034794079868e-05,2.3189276987523044e-07,7.237520912894979e-05,770
FOXN4,1.605898868511419e-05,2.184357844246507e-05,1.1135036004361609e-07,8.385875844396651e-05,771
