drug,p_raw,p_residualized,raw_sig,res_sig
prednisolone-hemisuccinate,0.00023319240090643217,0.22326451335156902,True,False
halcinonide,6.859596212915189e-05,0.47122360450695133,True,False
flumethasone,0.001195836944681089,0.5246821511928563,True,False
12-o-tetradecanoylphorbol-13-acetate,0.8698150526485431,0.001770152879243814,False,True
ingenol-mebutate,0.005452312036431592,2.4571721581281924e-07,True,True
gdc-0879,4.4143534961560436e-05,4.664373529410825e-10,True,True
i-bet151,0.07605463609731442,0.039261465434057626,False,True
clobetasol-propionate,0.9247538669543794,0.06251209056791995,False,False
beclomethasone-dipropionate,0.020226977432550083,0.9475238346099356,True,False
halobetasol-propionate,0.001736872200696665,0.4253686993037151,True,False
fluocinolone-acetonide,0.09508785073231187,0.8856026615014873,False,False
zln005,0.11264859452844697,0.05491999226756213,False,False
methylprednisolone,0.0007088762610138525,0.5099886534782546,True,False
gdc-0152,0.15149082103460654,0.07680737065502317,False,False
otx015,0.002868110148532425,0.8559518223065475,True,False
sar131675,0.22325469199371276,0.2889720719423394,False,False
pp-1,0.8538181617660413,0.34082519106925463,False,False
vlx600,0.017586013035458585,0.1441040095409885,True,False
lgx818,0.044179720265052555,0.03333798533878917,True,True
flumethasone-pivalate,0.002530377127041967,0.9706046022741813,True,False
desonide,0.019286312090322232,0.6899988305486612,True,False
mk-2461,0.0024293159345065278,0.048961189745871284,True,True
naloxone,4.932903343721369e-06,0.15783361359743533,True,False
jq1-(+),0.01563332233240539,0.28177934399159843,True,False
dihydroartemisinin,0.47892462469539643,0.07770909496236773,False,False
rimexolone,1.5203159609488798e-07,0.11909231815685563,True,False
quizartinib,0.002149777117091378,0.8821996432408884,True,False
prednisolone,0.6699879575706451,0.010164561432993371,False,True
2'-meccpa,0.3880162999957786,0.7422734067075335,False,False
kenpaullone,0.3010742648718605,0.792080015155938,False,False
azd2461,6.292096418891419e-07,0.5562077270812824,True,False
vincristine,2.423205365865009e-10,0.01382870528706757,True,True
triamcinolone-acetonide,0.30862148644890436,0.6568492519371418,False,False
nemonapride,0.32074706282295573,0.4899473324943424,False,False
bf2.649,0.10583433546685744,0.004855187353229384,False,True
clopamide,0.10597778001465404,0.5549635105554647,False,False
amg-208,0.007461370235840001,0.12605810657531427,True,False
gw-788388,0.01555582730909338,0.2966516416960393,True,False
fleroxacin,0.033490707798657884,0.05181010450336267,True,False
4-methylhistamine,0.05339593100421088,0.0985364797269425,False,False
prednisolone-acetate,0.00014315724317205938,0.0052655766415840325,True,True
isoflupredone-acetate,0.11535137946612667,0.6584100997047118,False,False
embelin,0.0011710201988607645,0.24799518367302037,True,False
piperacetazine,0.9669648346248116,0.07441087002330855,False,False
desoxycortone,7.333400233402737e-08,0.031435430673256264,True,True
homoquinolinic-acid,0.11283927885481569,0.7728667578109842,False,False
sch-58261,0.0019014261066427206,0.050978042995880074,True,False
prt062070,0.7036399765849997,0.6771529631830748,False,False
bms-707035,0.8850546144028723,0.23244284278898114,False,False
psb-1115,0.009547993740764732,0.7456272114237276,True,False
ky02111,0.10671035875218658,0.367163852053067,False,False
betamethasone,0.18290477315180653,0.06680017907574087,False,False
p22077,0.3015482519006576,0.5296308253842856,False,False
cgm097,0.003734010278644856,0.8582884278363224,True,False
y-320,0.0011512064080852551,7.959209837061435e-05,True,True
nexturastat-a,0.6666090546568685,0.9833402765488136,False,False
streptozotocin,1.526820649886091e-05,0.003633327691489865,True,True
ro-04-5595,0.20693413992173582,0.8606039197785071,False,False
bms-986020,0.9516423916257473,0.7584303670305401,False,False
eprobemide,2.356819123012407e-05,7.058317886720299e-05,True,True
rita,1.9159890410093995e-05,0.3972068620035788,True,False
chir-99021,0.5810326337197567,0.006559784011523749,False,True
pranidipine,0.7037889044134662,0.02407949326406351,False,True
ici-162846,0.9776707322031911,0.03331582030816099,False,True
melengestrol-acetate,0.12737281545981632,0.3568636919502708,False,False
buphenine,0.1321036651949769,0.8569674478284384,False,False
azd4547,0.35034607273385365,0.08384209662567631,False,False
sns-314,0.08346931615137089,0.33407681921075955,False,False
gsk1904529a,0.06728137428074547,0.09787060059644956,False,False
ispinesib,5.746177578445593e-12,0.0001499394174490605,True,True
combretastatin-a-4,1.5814874583078007e-10,0.0010498663866463326,True,True
carmustine,0.009089814931446092,0.03302644253763669,True,True
bromosporine,0.00035513681217767823,0.5218739478892231,True,False
bam7,0.003145528769264708,0.1903426300523085,True,False
palmatine-chloride,0.2957361321911913,0.2233882205047254,False,False
fulvestrant,0.5336606074538942,0.0859344520202296,False,False
sr-27897,0.06917761164955978,0.48290991064610156,False,False
atorvastatin,0.026433776786898604,0.04895596097251247,True,True
dichlorisone-acetate,6.511526957266514e-08,0.01775022218276278,True,True
lacitol,1.8174513992766415e-05,0.01878498566460124,True,True
tiagabine,0.13156864721130299,0.00447200414772785,False,True
kynurenic-acid,0.601195504584122,0.5671385853027646,False,False
pf-3845,0.9914601729693251,0.5550880921046285,False,False
pilocarpine,0.0006285682317544099,9.008215294060716e-05,True,True
propranolol,0.0012007415185562207,0.6951260054820939,True,False
narlaprevir,0.26639277838880787,0.3774434643664273,False,False
dexamethasone-acetate,0.7780256460406672,0.5945383236059586,False,False
tiotidine,0.0027286359695913713,0.9174679580799217,True,False
betamethasone-dipropionate,3.864791144042454e-05,0.22945040039535214,True,False
ciclesonide,0.008424389901185724,0.08608051878774928,True,False
amonafide,0.07842274134705109,0.8020850120260595,False,False
dabrafenib,0.001864562272408859,0.05375807838713268,True,False
masitinib,0.0761351169212569,0.802738457415686,False,False
nadifloxacin,0.00015642759291097918,0.18195823177841156,True,False
pha-793887,0.004071240450561744,0.7462752671839239,True,False
clobutinol,3.2657117563089944e-10,0.0001525900489939562,True,True
cefpiramide,0.36356484825862934,0.9938370142990102,False,False
cyc116,0.0019179610578978709,0.8651017478305962,True,False
s26948,2.0473212246202714e-06,0.002397341313966435,True,True
bms-345541,0.009978811708270632,0.07063549452949584,True,False
minocycline,0.3016295924904667,0.1392320177187127,False,False
sb-657510,0.7258715450046064,0.9800913250018295,False,False
gsk-3-inhibitor-ix,0.9499794645417194,0.6936680117407692,False,False
vu0361737,4.951454855151479e-07,0.016599456162768537,True,True
vs-4718,0.012451819621506169,0.48137247988461407,True,False
chromocarb,0.005166892276412707,0.3134278811138356,True,False
foscarnet,0.858512679483392,0.08469551510239616,False,False
1-azakenpaullone,0.6775949040780126,0.00041945037256982994,False,True
birinapant,0.2664637955201735,0.2022593466923694,False,False
cudc-101,0.04735133477755797,0.054239333867247705,True,False
ly303511,0.37562772881502826,0.5035745900966913,False,False
dehydrocholate-acid,0.00036325551214867215,0.7074639241690834,True,False
clocortolone-pivalate,0.11251219026189761,0.08282973047122623,False,False
ym-976,0.20753857929883582,0.8244198427005903,False,False
iproniazid,0.0013623543506080104,0.9842661082707803,True,False
voxtalisib,0.00027553000258433017,0.01597707310352197,True,True
idoxuridine,0.1676335884367573,0.00013682652625647725,False,True
g-1,0.3870312344351432,1.0354169791469413e-07,False,True
pq-401,0.11414871232097239,0.34817874343215294,False,False
atenolol-(-),0.3611909723696881,0.4396027641221545,False,False
venetoclax,0.15603598462246912,0.21010134558436852,False,False
wz-4002,0.6482474562306211,0.07871573149952671,False,False
nadide,0.009815814823061007,0.004826628432466674,True,True
ly364947,0.0041271833954882944,0.9048437269175822,True,False
camptothecin,0.00047295780290675674,0.4993504200505994,True,False
ziprasidone,0.5305148466924395,0.00019121841254341742,False,True
rg2833,0.32667509785287807,0.4525788510826997,False,False
norgestrel,0.5490543284915819,0.7879573850172334,False,False
everolimus,9.850430981440012e-08,3.174454528213941e-05,True,True
"l-798,106",0.2286291019846252,0.9705208900176998,False,False
ethinyl-estradiol,0.1266571006792608,0.6325906227683715,False,False
mercaptopurine,0.8494200831265835,0.4191497013749481,False,False
sc-144,0.19346269485413892,0.08415676680800392,False,False
terbutaline,0.022709725912174003,0.0011962181295107636,True,True
pd-173074,0.7454007514147822,0.3346249637254001,False,False
bosentan,0.24185741555732934,0.1250200960196201,False,False
bucladesine,0.004919395096456954,0.027890259526492305,True,True
levocarnitine,0.00043290993241306883,0.0006028978466542503,True,True
whi-p154,0.14282429299615568,0.27472526644156925,False,False
fluroxene,0.01479000033951847,0.6961005028084175,True,False
cs-110266,0.07950202744658774,0.05444289856442348,False,False
famotidine,0.21606185633800726,0.22431717658023007,False,False
4-(4-fluorobenzoyl)-1-(4-phenylbutyl)-piperidine,9.643017955841295e-12,2.048013051248614e-05,True,True
cariporide,0.6416345441078711,0.3240858677822198,False,False
nobiletin,0.11171221168522527,0.8179320548838236,False,False
palbociclib,0.0009607075642551218,0.0015980599707270148,True,True
colistin-b-sulfate,0.44320347927256887,0.5196113762858696,False,False
pac-1,0.44431382746771864,0.1584126256814166,False,False
carboplatin,0.7952784368966471,0.16599418755887313,False,False
sb-218795,0.002417906554733965,0.34917963246717254,True,False
meloxicam,0.03898463488672457,0.10337219194366812,True,False
gsk256066,0.0003002386269019345,0.306474644591477,True,False
scs,0.06328969626151126,0.1862496680241879,False,False
balapiravir,0.09232656444677328,0.400897747457004,False,False
costunolide,0.5693056683732081,0.06357749832460854,False,False
pp-2,0.5379227170601926,0.40354120064074095,False,False
isofloxythepin,0.13209984923364895,0.003564151277415244,False,True
doxercalciferol,0.12279843633845744,0.5954762212124929,False,False
colforsin-daproate,0.13871336755150174,0.511129186888523,False,False
tame,5.845607102764056e-05,0.6351419369976852,True,False
dihydromyricetin,0.07610444962606427,0.00042378233718466196,False,True
sodium-glucoheptonate,0.7031160763279318,0.3688096625906262,False,False
olda,0.08209023919402503,0.5716055320308253,False,False
salvinorin-a,0.0015867125035174076,0.34508218647480826,True,False
"hydroxytacrine-maleate-(r,s)",0.0015513284652503142,0.2770881584108046,True,False
artesunate,0.37800768022552345,0.88553206521221,False,False
gamma-aminobutyric-acid,2.764804588163049e-05,0.0065920332751926965,True,True
sulfasalazine,0.001338579154100157,0.030774976469133384,True,True
adl5859,0.4309748850477675,0.5440239672222545,False,False
cx-4945,0.34883968869332216,0.6214314643418262,False,False
octopamine,0.07694069141230331,0.24786245080335526,False,False
zolantidine,4.3523558961648005e-11,4.778123663428078e-05,True,True
lonafarnib,0.002585714228346202,0.7279666918305474,True,False
amg900,0.17119888465855623,0.0010480911311777997,False,True
difluprednate,7.291183921719699e-06,0.7027534945988096,True,False
caffeic-acid-phenethyl-ester,0.1634470308935705,0.9114739749662848,False,False
sulmazole,0.09437212492392259,0.6384697741219624,False,False
amg458,0.4896495235213585,0.30936415990725025,False,False
fexinidazole,0.6275299491296247,0.00963384275972764,False,True
sid-7969543,0.006275995994440417,0.1667758873805773,True,False
astemizole,1.960011033891201e-08,0.09942224571602255,True,False
niacin,0.004282174647473951,0.07592896420249276,True,False
4e1rcat,0.5003837001662429,0.9460926358305726,False,False
tyloxapol,0.0314844488482589,0.0016933489990752979,True,True
cebranopadol,0.05827062523679625,0.00930360193477651,False,True
y-39983,0.25274165828278694,0.6179640166331533,False,False
clotrimazole,0.19898276124061773,0.2544636547303121,False,False
kifunensine,0.17204163793885907,0.01902573209837187,False,True
formestane,0.025750076668417075,0.2748055748252154,True,False
bekanamycin,0.00019465614157610742,0.8233567974556061,True,False
benzydamine,0.5469898723413671,0.07304217867905943,False,False
warfarin,0.3115900372238514,0.24050799634019523,False,False
benfotiamine,0.4386966966121285,0.4459994034005992,False,False
dimethisoquin,0.03463344525078399,0.03987846751587981,True,True
paliperidone,4.2261037037547725e-08,0.015700344537813344,True,True
latanoprost,0.09044487012819723,0.2674242703511278,False,False
phenelzine,0.024747836478322224,0.25462969966476695,True,False
sb-590885,0.27822924073414035,0.0003879908146452583,False,True
stemregenin-1,0.6570251590589176,0.09264379656771465,False,False
4-methylgenistein,0.6629255643226135,0.015461938270818746,False,True
