tf,HR,pvalue,coef,n
TOX3,0.5746644488011887,2.0894666716218314e-36,-0.553968975828739,7397
NCOA6,0.47688602842791455,3.068182101651502e-36,-0.7404777507564855,7397
BRD4,0.43579027882078597,1.7985464434234898e-34,-0.8305941632353588,7397
ZNF804A,2.73779155048576,4.0036087125908256e-33,1.0071515919321865,7397
HIC1,0.522649131114541,1.1930497321460308e-31,-0.6488449174662186,7397
SIM2,2.617126475283657,2.560185958254402e-31,0.9620769507270631,7397
GATA3,0.4813802655512971,7.018515805721261e-29,-0.7310977483427825,7397
HOXC6,0.48902930719402005,5.756742574424034e-28,-0.7153328583910639,7397
HOXA9,0.5645420245526507,6.1301263611691965e-28,-0.5717404525430734,7397
DAXX,2.0423980915921294,5.761821438450526e-25,0.7141246525499343,7397
HOXA5,0.6132302036180266,2.5678102759727113e-23,-0.4890148774603419,7397
ARID5B,0.5897087083776789,8.158642049755072e-23,-0.5281265786136655,7397
FOXO3,0.7346379101488548,9.234956737326046e-23,-0.3083775404091442,7397
MEOX2,2.0432932696744914,1.942237783638816e-22,0.7145628540769379,7397
PPARGC1A,2.648879850909422,3.6100556006357534e-22,0.9741368528662161,7397
MZF1,0.5331317476545586,1.7619473044686274e-21,-0.6289867040199316,7397
RLF,0.4425427109995932,4.528344977249102e-21,-0.8152182971591256,7397
GLI3,0.6015967390993942,5.992212133806149e-20,-0.5081679267411937,7397
NR2F2,0.49691701937652494,4.445542448995182e-19,-0.6993322298504866,7397
STOX1,1.557895125247183,5.673652079854617e-19,0.44333563147761346,7397
IKZF1,0.6122798302828137,6.07014886832933e-19,-0.4905658619475144,7397
ATF7,0.5376337363023215,1.2862504152523018e-18,-0.6205777382035738,7397
HOPX,1.5230393363396915,1.3901671202452468e-18,0.42070790177363343,7397
HBP1,0.5140067795240183,1.709498014734157e-18,-0.6655188238785116,7397
RXRG,0.5284029086550905,4.277183592563713e-18,-0.6378962017028444,7397
HAND1,2.762223391038497,4.9339768729486416e-18,1.0160359318897183,7397
NKX6-1,1.9330926853965618,5.617669305603485e-18,0.6591211480661044,7397
ZNF143,1.6309627989322186,1.4805719532411722e-17,0.48917051463088,7397
TFAP2C,0.7600610671508604,2.9872998563859797e-17,-0.27435649741548035,7397
NOTCH1,0.6238669929730043,4.964582853250264e-17,-0.4718180856197388,7397
ZNF699,0.523191357441092,5.347943469502216e-17,-0.6478079976279295,7397
TAF1,0.5491128966226829,6.595966227008277e-17,-0.599451218135236,7397
MECP2,1.5807183521600272,1.5522152840146006e-16,0.4578793969812358,7397
TFAM,2.3349812345927488,1.6978467106286269e-16,0.8480038545115859,7397
KCNIP3,2.060595120277562,2.37085919727954e-16,0.7229948344184666,7397
MTF2,1.6678835259317797,2.82479394830253e-16,0.5115554729203566,7397
HDAC4,0.5959029267598217,3.055768122432504e-16,-0.5176774997463471,7397
GTF2I,0.5816639028272662,3.4835034564283493e-16,-0.5418624846113698,7397
FOXP1,0.48860951467496355,4.1927582965017445e-16,-0.7161916470059724,7397
NAB2,1.4641375797738931,4.571123409523808e-16,0.38126638637911364,7397
PRDM2,1.8836697559199052,6.963874139498027e-16,0.6332218719994366,7397
HCFC1,1.4389260623003672,8.843067246816029e-16,0.3638970452789586,7397
GTF2IRD1,0.45945129057056333,1.067977121447215e-15,-0.7777223480924838,7397
HSF4,1.8615419095844645,1.4151261962660171e-15,0.6214051279555058,7397
PHF5A,0.6051565709980404,2.0759507297451904e-15,-0.5022680593948716,7397
HDAC7,1.5058464742803812,4.055506670450863e-15,0.40935518147228056,7397
ELK4,0.6856525318367287,4.129226877687208e-15,-0.3773842929350137,7397
GFI1,0.5736067005421246,4.642817634015138e-15,-0.5558113082061608,7397
ARID3A,1.4347791469584772,6.930685706450484e-15,0.36101093280851004,7397
NCOR2,0.6162373539154355,1.3885790989252119e-14,-0.4841230748655156,7397
E2F5,1.5106253740845554,1.5756295818771578e-14,0.4125237201111977,7397
AR,0.7559376055288896,2.5152764967004908e-14,-0.27979643857778114,7397
UBTF,0.5621147623925608,3.897695645409043e-14,-0.5760492463896703,7397
ESR1,0.7651933276111158,5.6439710846448665e-14,-0.2676267612513441,7397
PITX1,1.9194782664037706,6.48561214049381e-14,0.65205341286467,7397
GRHL3,0.6356830465096415,7.832328981114105e-14,-0.45305519440650194,7397
NPAS2,0.6514668922813435,1.021246327847712e-13,-0.42852870138870885,7397
ARID4A,0.383068819925643,2.0847130725773693e-13,-0.9595406194532453,7397
HTATIP2,0.6051008163598162,2.729619378552255e-13,-0.5023601962227003,7397
SKIL,0.6689200682405003,3.2507789556162754e-13,-0.40209070545328357,7397
FOXG1,1.641555471734792,3.534089939578602e-13,0.4956442507085363,7397
DOT1L,0.5341867521488418,4.4038807139442306e-13,-0.6270097780356484,7397
BMAL1,0.7105042468245398,5.074900916275174e-13,-0.341780354229151,7397
FOXJ1,0.7394633454470715,5.208833079272605e-13,-0.3018305647303774,7397
TP63,0.7312341138848111,1.3246674776778904e-12,-0.3130216052740212,7397
E2F2,1.2749548596867928,1.4338102416632887e-12,0.24291077381642573,7397
FOXF2,0.5759531728170002,1.6241060919235662e-12,-0.5517289187837497,7397
RORC,0.45506667774747217,1.687251272433606e-12,-0.7873113262678442,7397
TFDP1,1.3334731704174116,2.594867636705162e-12,0.2877869447655463,7397
NEUROG2,0.6026308856967301,3.5459677121166825e-12,-0.5064503995390918,7397
BRCA1,0.6561856426358187,5.310194362523083e-12,-0.42131153824978684,7397
KLF8,0.6096782036315459,6.329261601520096e-12,-0.4948239960405927,7397
ZNF148,0.6096081757294733,8.256925769264238e-12,-0.49493886306992213,7397
HOXB3,1.8755607008954385,1.0181602357047496e-11,0.6289076551962496,7397
NFATC3,0.6739866448576632,1.0387103463252814e-11,-0.39454498301738633,7397
FOXF1,0.695585718752963,1.2862642796371474e-11,-0.36300102754519753,7397
OLIG2,1.417481993619332,1.3640333361186897e-11,0.34888205362503577,7397
TRERF1,0.7181011125330697,1.5471029444914294e-11,-0.3311448945938864,7397
SALL4,0.5885410764506475,1.629906882954741e-11,-0.5301085561608614,7397
ELK3,1.6575530683074609,2.0615442181115158e-11,0.5053424596437526,7397
DLX4,0.707102751043402,2.082837688895456e-11,-0.34657928977930935,7397
AIP,1.1899736131534044,2.1071123330303445e-11,0.17393113305692665,7397
MYCN,1.3828753430425125,2.2881480185839758e-11,0.3241649134376364,7397
MLXIP,0.6212038406972573,2.497744144388781e-11,-0.4760960050202509,7397
SMARCA1,1.5329565430364376,2.8202163099880212e-11,0.4271982518273641,7397
E2F4,1.2039484495775319,3.0793253422932667e-11,0.18560653000449465,7397
ZNF382,1.4240280818850322,5.910034493827165e-11,0.3534895332202211,7397
NCOA2,0.6831911633357879,7.007147540692238e-11,-0.3809805708189016,7397
E2F3,1.2617271464256326,9.771542826891632e-11,0.23248153347315537,7397
ZBTB7B,0.7134974069366493,9.922628100756398e-11,-0.337576476358256,7397
HES6,1.770527755418699,1.1073003357622923e-10,0.5712776690460405,7397
ID4,0.7085135764549846,1.4313201225532375e-10,-0.3445860577837822,7397
ZBED1,0.6103303586155209,1.4896797077054287e-10,-0.49375489691084545,7397
PATZ1,0.6841642308257572,1.4930117492177335e-10,-0.37955728663340127,7397
HOXB4,0.6363888234800575,1.5332596942304642e-10,-0.45194554477193893,7397
TGFB1I1,0.7535483120798379,1.7314107475748676e-10,-0.2829621460767099,7397
POU3F1,1.5526515418400109,1.8158348756285291e-10,0.4399641415529555,7397
ESRRB,0.573712845641062,1.9209866864890388e-10,-0.555626276756826,7397
HOXC8,1.5269387983192642,2.0030731273856005e-10,0.4232649457471433,7397
TRIM28,0.5190456223327982,2.487495318315261e-10,-0.6557634953774892,7397
PAX5,0.725838822556535,2.5637449004152386e-10,-0.32042729630253924,7397
NR1D1,0.609311902755323,2.6982926226840345e-10,-0.4954249867874889,7397
HOXA2,0.5995830310633405,2.846805591443659e-10,-0.5115208135822101,7397
MEF2B,0.6520645426832266,3.0607085476396e-10,-0.427611730109414,7397
NPAS4,2.815769297375278,3.216400817823113e-10,1.0352355092917231,7397
KDM5A,1.5263361084785705,3.960564409210182e-10,0.42287016318290094,7397
ESR2,0.8024241985756467,7.026544494114426e-10,-0.2201178850428275,7397
NRG1,0.6513386690968352,7.143511216764854e-10,-0.42872554301837856,7397
CLOCK,0.7320966308548774,7.256215905186184e-10,-0.3118427643687083,7397
ZBTB7A,0.6612961854832295,7.57818884426394e-10,-0.4135534525273966,7397
SMAD5,0.6975385017558046,8.135064409830964e-10,-0.36019756716016194,7397
NKX6-2,0.6727064235625926,8.600547660500851e-10,-0.39644626507006,7397
ZEB2,1.3391609506472852,9.679710764927366e-10,0.2920432616117654,7397
BCL11A,0.6409326085113788,9.680231231497013e-10,-0.4448309625161771,7397
PURA,0.729866680480457,9.817253115410235e-10,-0.3148933909973203,7397
TFDP3,0.5841276578250564,1.1672144894251226e-09,-0.5376357278755041,7397
STAT5A,0.8392091047850917,1.5470255309691328e-09,-0.17529537259630618,7397
TADA2A,2.300863605130563,1.5757397653798327e-09,0.8332845329514943,7397
LHX8,0.6805656840144352,1.6169480649826156e-09,-0.3848309383827182,7397
MYBL1,0.6662234671228258,1.712599142726444e-09,-0.4061301285009775,7397
RELB,0.8105445725044509,2.1025812970196265e-09,-0.21004894548205172,7397
TP73,0.7761669493050886,2.2120632281073004e-09,-0.25338764108132084,7397
TFDP2,1.541555516045349,2.2659979567019e-09,0.43279198199680047,7397
HEY2,0.6214703410403288,2.3002982105219862e-09,-0.47566709074638297,7397
FEZF1,2.087282304352374,2.3978189177825e-09,0.7358628869645993,7397
TBX15,0.611294745652182,2.664527568051406e-09,-0.4921760373513501,7397
HR,1.2548287651879877,2.849157712218841e-09,0.22699912119339494,7397
TEAD1,1.571124647859779,2.899525659067754e-09,0.4517916991303094,7397
SRSF2,1.4049114382156471,3.5931736551479075e-09,0.3399742675005554,7397
PTF1A,1.8403687368657269,3.6023532832096215e-09,0.609965952013906,7397
KMT2B,1.437713971412152,3.781539510253486e-09,0.36305433229037315,7397
KAT5,0.6245180608321087,4.997966689007365e-09,-0.4707750293669452,7397
ZNF331,0.6271412590127527,5.528209984948944e-09,-0.4665834702427173,7397
TEF,0.6704336362855139,5.679887922478263e-09,-0.3998305576159975,7397
MITF,0.8259831195894806,8.706104984256982e-09,-0.19118094200233166,7397
SHOX2,1.8130310111938361,9.069871165788817e-09,0.5950000365320176,7397
IKZF3,0.6516879692930957,9.0927306598383e-09,-0.42818940631274827,7397
CREB3L3,1.847627650573786,9.672082901998102e-09,0.6139024651333539,7397
NR4A1,0.6899218937106758,1.0084406088364798e-08,-0.3711768853189145,7397
SMARCA4,1.45843925087529,1.556634465027887e-08,0.37736685767572486,7397
ZBTB4,0.6963509204477004,1.6422836242408013e-08,-0.3619015496662886,7397
RUNX1,0.849179049887684,1.91231237201466e-08,-0.16348521986752518,7397
TCF21,0.7339789035241313,2.3856275593627232e-08,-0.30927499257341134,7397
KMT2A,0.6481323014981926,3.049750470616952e-08,-0.43366043449081965,7397
CTCFL,0.6429113881497616,3.095177382198762e-08,-0.4417483742726675,7397
ZBTB16,0.7690027040540871,3.5267914169701953e-08,-0.2626607931574646,7397
ARID1A,0.668810042233304,3.81942759421478e-08,-0.40225520202338094,7397
NR2F1,0.6270394594946235,4.200725787361611e-08,-0.4667458065262378,7397
SFPQ,0.6951403669546431,4.85407990982564e-08,-0.3636414869686886,7397
MED1,0.7111777822147547,4.991431950231079e-08,-0.34083283512593593,7397
PRDM16,0.6349714369835234,5.2869915133600805e-08,-0.4541752622294362,7397
KLF10,0.7008012665295461,5.7144294705371736e-08,-0.3555309320991083,7397
HES5,0.5716775286515079,6.371921349504471e-08,-0.5591802076741412,7397
EN1,0.5012676750757492,6.500046320804016e-08,-0.6906150389865406,7397
TCF4,0.7036510309605675,7.868037538904465e-08,-0.35147274037959136,7397
STAT6,0.8158012052963007,8.406820799805171e-08,-0.20358457465885263,7397
XBP1,0.6982221903341207,9.160411621999587e-08,-0.35921790261326475,7397
DBP,0.8263130713820617,9.402284842157579e-08,-0.19078155622783208,7397
FOXO4,0.6424409412935096,9.575496508567146e-08,-0.44248038660342337,7397
SMARCB1,1.530100629144249,1.0197047860913965e-07,0.4253335039240632,7397
THRA,0.7362588035080039,1.1650386090322215e-07,-0.3061735868613369,7397
ARID3B,1.8716005211242475,1.2637447087308003e-07,0.626793958447718,7397
SRF,0.8717938935158549,1.2816541028744758e-07,-0.13720224365769282,7397
SP6,1.5361481568193815,1.2984125472891378e-07,0.4292780863364924,7397
MLXIPL,0.6184766868876045,1.3466746635464049e-07,-0.4804957808468895,7397
SOX2,0.7245799588700881,1.4573547016672855e-07,-0.32216315910115984,7397
TCF3,0.8067497723482799,1.4617029027914443e-07,-0.2147417302338305,7397
EP300,1.269509774394527,1.6860415129310364e-07,0.23863082153786078,7397
DLX1,0.7621312256551123,1.7399621596865637e-07,-0.2716365259764836,7397
HDAC9,1.336854154111094,1.9720466140870746e-07,0.29031920773518194,7397
MBD2,1.4163470388167667,2.2219130565231426e-07,0.3480810491535187,7397
LHX2,1.4993182548681214,2.4414088742275674e-07,0.40501050803862326,7397
NCOR1,0.677182234315027,2.6373115909291874e-07,-0.3898148630970638,7397
DMTF1,0.7867666297133749,2.751040612735022e-07,-0.23982360603396746,7397
SATB1,0.7292108035499694,2.816869542456034e-07,-0.3157924206675639,7397
GTF3A,1.3331322221625648,2.881233309323895e-07,0.2875312276972066,7397
SPDEF,0.8227739849844411,3.1144023678808543e-07,-0.19507373936915237,7397
EGR2,0.8022318294706977,3.402804606664318e-07,-0.22035764870869523,7397
ZHX2,0.7058249789631293,3.578684952984864e-07,-0.34838797737383137,7397
ARID4B,1.2224662280133372,4.354604331712476e-07,0.2008703166383396,7397
HAND2,0.7651443189080552,4.539774995954765e-07,-0.2676908107807912,7397
MEIS1,0.7369859837745676,5.203141706499427e-07,-0.3051864049185996,7397
BCL3,0.745453753437442,6.185100353089484e-07,-0.29376218099069556,7397
BCLAF1,0.5588956916995639,6.795922801959285e-07,-0.5817924212715975,7397
ARX,0.6806945590821424,6.965916823367432e-07,-0.38464159168175377,7397
MAFA,1.624730826774776,7.102248901921615e-07,0.48534215699936606,7397
TLX3,0.6248483108359503,7.407117033726234e-07,-0.4702463613652726,7397
FLI1,0.7666478967517389,7.648424925250787e-07,-0.26572764853043873,7397
PGR,0.7999662296689461,7.773294656759882e-07,-0.2231857651190172,7397
HOXB2,0.7493113858314665,7.795044834460659e-07,-0.2886006464364258,7397
ZBTB14,0.663761507784059,8.430559611984302e-07,-0.4098323690485093,7397
FOXN1,0.7712238917172053,9.068880980787938e-07,-0.2597765562419071,7397
ZFPM2,0.6759520283879747,1.0510226614462251e-06,-0.3916331693803456,7397
CREBZF,1.5159872764259716,1.0596322609338414e-06,0.4160668943261019,7397
ZBTB18,1.2627124015520077,1.086028798424277e-06,0.2332621068698844,7397
CREBBP,1.480529954525023,1.3358777520343347e-06,0.3924001010633904,7397
HOXA1,0.7195023871749002,1.5165277437330102e-06,-0.32919543483547886,7397
TCF20,0.6815432267987346,1.5310119668353623e-06,-0.3833956009521114,7397
BMAL2,0.7433720409040312,1.5426861669334179e-06,-0.2965586315867677,7397
PARK7,1.3515258224869746,1.5663382772948039e-06,0.30123419309047955,7397
NEUROD6,1.4372577289335164,1.6342805141292799e-06,0.36273694309143895,7397
FOXA3,0.6022786432987307,1.68039425455062e-06,-0.5070350781387001,7397
DACH1,1.389479400484985,1.7653378110442586e-06,0.32892914496277353,7397
HDAC3,1.4887510815166949,1.7730040093572258e-06,0.3979375681466856,7397
POU2AF1,0.7186001489592696,1.7871458141332654e-06,-0.3304501970118,7397
PROP1,1.6043410866110943,1.8490092765194175e-06,0.47271313435119616,7397
MEF2A,0.8056682257984497,2.0399176316604717e-06,-0.2160832517416238,7397
HMGB2,1.5809198288536332,2.0486883214801566e-06,0.4580068478040963,7397
PAX1,0.6944785615497192,2.0836469709301275e-06,-0.3645939861630853,7397
SIX4,2.068773522799323,2.1332072792489794e-06,0.726955930616029,7397
ZBTB17,0.7686411035096867,2.452540734261599e-06,-0.26313112386642,7397
ATF4,1.247213343327717,2.5642447965044274e-06,0.22091173733129815,7397
E2F7,0.6313022364067731,2.6205828964374647e-06,-0.4599705510728184,7397
MAML1,0.7098467922528341,2.780413128447334e-06,-0.3427061177912181,7397
SREBF2,1.2222727925255328,2.8605784716929912e-06,0.2007120703089091,7397
GLI2,1.3234842287912896,2.922413069348277e-06,0.28026782632485403,7397
FIGLA,1.7468196060346053,2.982792749002795e-06,0.5577967665384612,7397
HIVEP3,0.5624866343239324,3.2278601440271473e-06,-0.5753879063877616,7397
SMARCA5,0.6950942573339777,3.3350719900652604e-06,-0.3637078205499083,7397
NCOA1,0.7583297136278357,3.4162292970848954e-06,-0.2766370095146066,7397
MYOCD,0.8677204279935585,3.4427148144828014e-06,-0.14188570376815188,7397
PAX7,1.4984148861409006,3.599731073541479e-06,0.4044078067893303,7397
NR4A3,0.7433288374046919,3.6091617058306446e-06,-0.2966167515488687,7397
HLF,1.5208371659326336,3.6170198756478943e-06,0.4192609503026182,7397
NR1I2,0.7396688181610963,3.8252111285053695e-06,-0.3015527359867372,7397
KLF6,0.7892166343020595,4.189234993416467e-06,-0.2367144276330207,7397
TBR1,0.5620299153116026,4.285538387305868e-06,-0.5762002004132973,7397
ZFX,1.3289223465435176,4.402759379905817e-06,0.2843683480341811,7397
AHRR,1.5184449747093671,4.662173015403254e-06,0.41768676823819256,7397
KLF3,0.7126860620978118,4.838903941559611e-06,-0.338714261143988,7397
ZNF76,1.8645109514959624,5.3556685540154815e-06,0.6229987943100018,7397
SPIC,1.260886942299366,5.518694929257504e-06,0.23181539578599095,7397
MNT,0.6184447380052723,5.798269969352228e-06,-0.480547439556483,7397
MYB,0.8616262939380969,5.878059858384293e-06,-0.14893363603585952,7397
UTF1,1.5060853064686235,6.757138831956052e-06,0.4095137721749447,7397
MTA3,0.6841968975288324,7.512382366453674e-06,-0.3795095408996115,7397
TFAP2A,0.8769859910004886,8.279679597692413e-06,-0.13126426051120937,7397
SALL2,0.6887803874532341,8.371043555986293e-06,-0.3728327997739443,7397
TTF1,0.683289519772613,8.670613213216235e-06,-0.3808366149793338,7397
TEAD2,1.4227135682181677,8.827414874067247e-06,0.352566011579088,7397
HMGA1,0.8565980491415228,9.649043174474928e-06,-0.15478649124739768,7397
TET1,0.7052126061300654,9.994013710682222e-06,-0.3492559526538368,7397
FOSB,1.281738574349418,1.0176782933274723e-05,0.24821741753967416,7397
CTNNB1,0.8815325320988968,1.0278204223901757e-05,-0.12609337243790847,7397
PAX3,0.8314334500963566,1.0658846228270681e-05,-0.1846040195156951,7397
ING4,0.726542963683812,1.085198375283514e-05,-0.31945765982111657,7397
NR1D2,0.6871665979259286,1.2277564015579815e-05,-0.37517851553832693,7397
PAWR,1.432685242379303,1.3306738872438931e-05,0.3595504752982859,7397
NFATC2,0.8517576736239351,1.3992474982134083e-05,-0.16045321323722378,7397
HOXA10,0.7201815169757482,1.4053376473818768e-05,-0.32825199183488185,7397
BACH1,1.2508629446994775,1.460511121059135e-05,0.22383366888786999,7397
SF1,1.9729959515927011,1.5362449988934528e-05,0.6795531751340149,7397
SIX3,1.5868806319167692,1.622487149654913e-05,0.46177022253188277,7397
NHLH2,0.7934154949146496,1.8055350466106378e-05,-0.23140824132874677,7397
OTX2,1.61073224347593,1.9738651787312663e-05,0.47668888521420744,7397
KLF13,0.6422326691529456,2.1473984086289287e-05,-0.4428046279370898,7397
HOXB5,0.7777208790008447,2.2831359669276277e-05,-0.25138758652724785,7397
NKX2-1,1.3935777414323802,2.3140685449127903e-05,0.3318743549968573,7397
NFKB2,0.8747475899751475,2.3175189008312247e-05,-0.13381990283942394,7397
TBX10,0.7800262760923038,2.4662253329321227e-05,-0.24842767256807852,7397
JUNB,0.8396202522906326,2.6851777245095522e-05,-0.1748055699704135,7397
MYC,1.1274453721216124,3.0047118121506485e-05,0.11995434077447205,7397
RFX2,0.5945034863587869,3.130940545384629e-05,-0.5200286985139341,7397
PHOX2B,0.6575578863893177,3.4232377733724555e-05,-0.4192224786696783,7397
ZGLP1,0.5985681343357137,3.7082583222238037e-05,-0.5132149186328323,7397
SOX4,0.780252044106447,3.989580608298933e-05,-0.24813827802507146,7397
E2F1,1.1199101143332215,4.0503429818939604e-05,0.11324842702676985,7397
ETV5,0.8365764663012317,4.158317294572924e-05,-0.17843735053796198,7397
FOXD1,1.3615523540935017,4.24923952463378e-05,0.3086254856376891,7397
TCF7L1,1.5672299802082885,4.347047443521052e-05,0.4493097172561154,7397
TBXT,1.3512284223860598,4.3896878636302524e-05,0.3010141212118178,7397
DDIT3,1.2261942235580006,4.552053771370011e-05,0.2039152454872061,7397
SNAI1,0.8528586048581169,4.611927683822375e-05,-0.15916150741327376,7397
SALL3,1.4098143806219328,4.674891157273334e-05,0.34345805077513625,7397
HDAC5,1.2561948518899102,4.8062090590182025e-05,0.22808719286855356,7397
PLAG1,0.8064656645509702,5.681251127473962e-05,-0.21509395572553933,7397
NFE2,1.1996506810335852,6.021712133740746e-05,0.18203041527769717,7397
THRB,1.2880129227236778,6.309146474571703e-05,0.2531006608023873,7397
RORA,0.7115171651740566,6.430431894844574e-05,-0.34035573641076516,7397
HEYL,1.3592451765425273,6.57692171383224e-05,0.3069295284207324,7397
EGR4,1.3586797453064041,7.169208261909844e-05,0.30651345273024144,7397
ZFPM1,1.342294754778155,7.596165903135457e-05,0.29438065286629705,7397
RORB,1.6353930728375956,7.772394385088963e-05,0.491883186976463,7397
SMAD4,0.8892619060054551,8.021705264486287e-05,-0.11736347942627183,7397
ETS1,0.9158125535035436,8.165298354363398e-05,-0.08794357116195413,7397
CTCF,1.3648971205511107,8.236849905138711e-05,0.3110790562368692,7397
HOXD13,0.7919216698459368,8.406086798776979e-05,-0.23329279376848347,7397
VEZF1,0.6880701202049333,9.829010110330277e-05,-0.37386452733965253,7397
GLIS3,1.333949649113194,9.896720545967623e-05,0.28814420248814016,7397
NR5A2,0.7485727492272731,0.00010939916324563806,-0.2895868864890119,7397
MAX,0.7810127498786966,0.0001110285502870703,-0.24716380420694992,7397
LMO4,0.776692495787074,0.0001210737234192002,-0.2527107652652747,7397
GATA2,0.8591795380372279,0.0001372020513880134,-0.15177737064470173,7397
NFATC4,0.810828321027867,0.00014234132044718377,-0.2096989352808887,7397
TP53,0.8998889435797088,0.0001452497137857182,-0.10548391929428765,7397
ZFP64,1.3498059514779748,0.00014952537944886582,0.2999608424728605,7397
NFIC,0.8204410533963948,0.00015157838185157605,-0.19791321332845244,7397
KLF9,0.792078074048233,0.00015582265298554404,-0.23309531368250822,7397
TLX1,1.303862232908594,0.00015607622622902583,0.2653308083131741,7397
CXXC1,0.7802008547848855,0.0001569373902073761,-0.24820388631304505,7397
ZNF91,0.7767855681950478,0.0001623209191356227,-0.25259094071127147,7397
USF1,0.8714829658298553,0.00017181800391600276,-0.13755896001933074,7397
TAL1,0.7522662788297928,0.0001730993021018568,-0.28466492352029504,7397
SOX10,0.8394684786199302,0.0001858068760907672,-0.1749863509718243,7397
SMAD3,0.934417146364509,0.00018810285994139028,-0.06783231694328588,7397
HOXB9,1.2518327100967623,0.0001889270632010837,0.22460864561663232,7397
IRF2BPL,1.6121589186648935,0.00020385795117331697,0.4775742240049871,7397
RFX1,0.8308378420160496,0.0002485199561048154,-0.18532063912962024,7397
NEUROD2,1.501076163397475,0.00025037771695814127,0.40618229313447446,7397
SOX9,0.8193800951728536,0.0002666258455208508,-0.19920720611846796,7397
ZNF300,1.2153523009217435,0.00027055547867793563,0.19503399436872282,7397
HOXA7,0.7947180440020677,0.0002800261009109236,-0.2297678888677356,7397
IKZF4,0.7063059486259587,0.0002925893891340871,-0.3477067803657759,7397
NFE2L2,1.1661311260379978,0.00034938006604837385,0.15369153961394721,7397
POU2F3,1.2051583287977294,0.000353453680926744,0.18661095150442522,7397
NCOA3,0.79475176444518,0.00035486367585019446,-0.22972545906763717,7397
RARG,0.8387884547294043,0.0003626154594182396,-0.17579674408175786,7397
BATF,0.7867155201718345,0.0003873887040183233,-0.2398885696454859,7397
SMAD1,0.8831137662002069,0.0004046606643894803,-0.12430124613357137,7397
FOXP3,0.7115543770813076,0.0004095281402154023,-0.3403034383974124,7397
WWTR1,0.7394397817041497,0.0004254143928939887,-0.3018624312434588,7397
HOXA13,0.7307975559733083,0.00044724291902403405,-0.3136187988006424,7397
ZNF335,1.2270504989678708,0.00045524161317829503,0.2046133213349033,7397
WT1,0.8041395945336328,0.0004631701198796049,-0.21798239983242196,7397
NFIA,1.2707398023249628,0.00047094429038309463,0.239599252386421,7397
HEY1,0.7745169382628171,0.0005251240103861749,-0.2555157494317335,7397
ZNF219,1.2172469458244493,0.0005391883732844157,0.19659170699923373,7397
NFE2L1,1.2839728473655083,0.0005424728364986335,0.24995905813257246,7397
KLF4,0.8015119114154781,0.0005607417568576401,-0.22125544563874427,7397
SMAD2,0.8901560470841268,0.0005995343163653577,-0.11635849782273662,7397
STAT2,0.8858984355247359,0.0006368139972557839,-0.12115296753846524,7397
PAX8,1.3774018451613828,0.0006372451723522603,0.32019900372490834,7397
HDAC1,1.2392584285586674,0.0006523906750523395,0.21451315923386183,7397
SOX3,1.4126687976755155,0.0006719865047808889,0.3454806796776966,7397
PRRX1,0.8468215664876909,0.0006963405311983769,-0.16626527182692352,7397
MLX,1.252780461968338,0.0006972635231238141,0.22536545064136185,7397
TBPL2,0.7703097748797735,0.0006997437517884103,-0.26096253999871494,7397
ZNF263,1.231905138526142,0.0007098202345253114,0.20856186419727368,7397
PHF20,1.354321180145372,0.0007347179682314758,0.3033003547397761,7397
PITX2,0.8659785268541468,0.0007601693751014576,-0.14389516650755327,7397
BCL6,0.8421381404141117,0.0007826636009662305,-0.1718112159470105,7397
SOX6,0.8226282857709577,0.00087175169411373,-0.19525083796255274,7397
HOXD4,0.7176698380406373,0.001012682978985643,-0.3317456512887213,7397
ID2,0.8355044953578636,0.0010544538205526223,-0.17971955052087157,7397
LITAF,0.7398466187112444,0.0011190268120458413,-0.3013123862795658,7397
ZIC2,1.286387963990632,0.0011664751274695342,0.25183826304822793,7397
JUN,0.9424859479596318,0.001203885067017492,-0.059234269097766926,7397
MEF2C,0.8096021802010501,0.0013535806628330908,-0.21121228751648213,7397
POU3F4,2.3545181501194676,0.0014263236014315469,0.8563360993655246,7397
EZH2,1.292274028818083,0.0014721620629902384,0.25640347947952763,7397
MIXL1,0.822433053306885,0.0014797322567398966,-0.19548819381105706,7397
BCL11B,0.8040277937774513,0.0015148588477319137,-0.21812144102573836,7397
KLF7,0.8108703272849548,0.001523034362543809,-0.20964713002454102,7397
ZBTB33,1.1988929122074954,0.0016593387614730402,0.18139855780098807,7397
FOS,0.9165246969963824,0.0017876460043893883,-0.08716626498810302,7397
MAFG,1.300266167741366,0.0018535743210621567,0.26256898792664907,7397
ETV6,1.2174031479262202,0.00191705882171323,0.19672002285241202,7397
FOXO1,0.9114815319628815,0.0019503231512773321,-0.09268394621746526,7397
PAX6,0.8611282767136402,0.0020615512115010567,-0.1495117999215499,7397
PREB,0.7887621894252291,0.0021088096261548703,-0.23729041114124125,7397
RXRB,0.8187178620755619,0.002109752833521338,-0.20001574522986676,7397
SALL1,1.274102709035911,0.0021481774603669497,0.2422421732378572,7397
KAT6B,1.1898128357846312,0.002344069996747204,0.1737960139002564,7397
CRX,0.6844316334021869,0.002345837332268142,-0.379166517397834,7397
PAX9,0.8081039078556711,0.002375264487194476,-0.21306462989788638,7397
STAT5B,0.8565030108836956,0.0023764952339341934,-0.15489744588999574,7397
DNMT1,0.8783003466495803,0.0024401412133984706,-0.1297666633767108,7397
GATA1,0.8204769915220846,0.0025901912452890386,-0.19786941086579218,7397
KLF15,1.160277454370404,0.0026047037650530854,0.14865916132022136,7397
POU4F2,1.234009012090626,0.0026295342810859837,0.21026822860938557,7397
SATB2,1.2488562668215064,0.0027762452151436925,0.22222814591571044,7397
EMX2,0.789727277153548,0.0028950411953483223,-0.23606761191577216,7397
BTG2,1.2212796604306644,0.0030183570967187157,0.19989921102418154,7397
PA2G4,0.8624866670643103,0.0030195938427194082,-0.1479355886722676,7397
SOX7,1.3405724406620319,0.0030380405589749437,0.2930967172651224,7397
HLX,1.2538823973661921,0.0033490372044355514,0.22624465580829023,7397
POU1F1,0.8350660383434219,0.003396267971566914,-0.18024446942212627,7397
HIPK2,1.2664591350555598,0.0034916032592665898,0.23622492389525854,7397
PLAGL2,0.724521740692099,0.0035290048359834887,-0.32224350981503747,7397
TWIST1,0.8830220663107501,0.003581461238910019,-0.12440508853102601,7397
FEZF2,0.7885649132188708,0.0036455408898822396,-0.23754055102288824,7397
FOXC1,0.8888520619816586,0.0038244869678391263,-0.11782446678527489,7397
DNMT3A,1.2553697530793297,0.003829459816993294,0.22743015315822246,7397
VHL,0.8315757997974813,0.003868689733282411,-0.18443282419434445,7397
TBX2,1.2942691976890806,0.0038942070888118422,0.25794620975077326,7397
MXD1,1.3428053219094989,0.003906624335480715,0.2947609494086346,7397
KAT6A,0.8519114524786136,0.004085087256957039,-0.16027268656952748,7397
AHR,0.8643042714557948,0.004215824842474093,-0.14583040613718584,7397
CREB5,0.8209898023497408,0.004310651899477026,-0.19724459061812807,7397
TBX21,0.9056653169522433,0.004403567334085453,-0.09908544852433607,7397
LHX3,1.2035633041992073,0.004430966458040687,0.18528657694008613,7397
PLAGL1,0.8717421655117988,0.004632506746652021,-0.13726158054814985,7397
MSX1,0.7991563783231393,0.0048277387844002885,-0.22419863481518082,7397
ZNF236,0.8124207643445333,0.004930985449914081,-0.20773689034043585,7397
NR1I3,0.8187831522483727,0.0049388164082819755,-0.1999360015567034,7397
CDX2,1.2511213386856899,0.00494681950045173,0.22404022013509176,7397
NKX2-5,0.8595996934184629,0.004958081875099843,-0.15128847086989122,7397
CUX1,0.8711729832259048,0.005040433159888896,-0.13791471883378623,7397
LHX1,0.76557731464732,0.0051115665201800714,-0.267125070098329,7397
KAT7,1.1426968102318533,0.005316376314993909,0.13339109173568492,7397
NKX3-1,0.8612650831372345,0.005331876731354835,-0.14935294373100613,7397
ZNF354C,0.8924118966472826,0.005530553683367111,-0.11382748544215299,7397
ZNF410,1.1762001070139807,0.005787034213482604,0.162288994026524,7397
NFYA,1.1940547620434638,0.005890693762442089,0.17735487827668275,7397
ETS2,0.9290156360212606,0.005890989594135599,-0.07362970928597673,7397
TFAP2B,0.8658935816322438,0.005967229370207456,-0.1439932629218957,7397
HINFP,1.401280405491453,0.006008517787282578,0.3373863940030379,7397
MYBL2,1.2015733516356342,0.006017936978419377,0.18363182438137343,7397
THAP11,1.2142662937055293,0.006067814089354394,0.19414002089408558,7397
ELF5,0.7831246617119056,0.006240680499025606,-0.24446338530392545,7397
FOXA2,0.8660300415517677,0.0064577855684992014,-0.14383568100779803,7397
STAT3,0.941667030945115,0.006575791928723145,-0.060103537225410446,7397
HOXA4,0.7791282358307646,0.006632947939239431,-0.24957963070177286,7397
YAP1,0.8151987212229546,0.006672010838423457,-0.204323365741493,7397
RREB1,1.3603518451044883,0.007079415352068807,0.30774337592404677,7397
PRDM4,0.8189280241820105,0.007346690220033376,-0.1997590815526139,7397
JARID2,0.7265821098994666,0.007402142461683849,-0.31940378116142554,7397
NFKBIB,1.1463429971431396,0.007709496150421275,0.13657687293823287,7397
DMRT1,1.3979064626076536,0.008030421610819927,0.3349757335672078,7397
TFAP2D,1.2894355926589938,0.008107428751638278,0.2542045975610122,7397
TRPS1,0.8290447379875484,0.008250686827974,-0.18748115909361884,7397
PAX4,0.6324117026428105,0.008378409325861657,-0.45821466869025396,7397
IRX4,0.774305740186153,0.008414937666467412,-0.2557884702291648,7397
ISL1,1.3051797393030025,0.008661930670817043,0.2663407625572452,7397
ZBTB32,0.80507645234037,0.008730858084147647,-0.21681803422172324,7397
HHEX,0.8385421149542418,0.009058811411984244,-0.17609047243964515,7397
MXI1,1.2361839472956788,0.009154650593749342,0.21202917263508542,7397
GATA4,0.8666141724806584,0.009343607203942695,-0.14316141568974775,7397
HOXB13,1.2410486661645426,0.00934615384233408,0.2159567207352332,7397
HNF1B,0.8606394667715188,0.009814287769837853,-0.15007960002943735,7397
CREB3,0.8731472267830706,0.010719784703885616,-0.13565109270729866,7397
NR2C1,1.2002696843629042,0.011013810145534582,0.18254626851347172,7397
MSX2,1.2300621189147156,0.011052878779490677,0.2070646712917789,7397
PITX3,0.8461658807675538,0.011421460769383312,-0.16703986203901727,7397
MYOG,1.228640781780313,0.011595720215144333,0.20590850289719267,7397
FOXL2,0.8116075577534697,0.011628754167576125,-0.20873835890839698,7397
CEBPB,0.9472881175336926,0.011665319244692465,-0.05415198968856331,7397
ARNT,0.84653576872565,0.011989801652755242,-0.16660282345741695,7397
ZFP42,1.2154155471493144,0.012456880162378114,0.1950860324336787,7397
TBX20,0.8210031238654868,0.013314455310910547,-0.19722836458507575,7397
NFAT5,0.8657556612404971,0.013343141543658992,-0.14415255660403833,7397
HDGF,1.1747776055894985,0.013391033286045184,0.16107885784322265,7397
SUPT20H,0.8972993269298359,0.013416619103559608,-0.10836577478446233,7397
BHLHA15,1.1581931109092192,0.013465497731970677,0.1468611276906874,7397
RUNX3,0.8469397128939957,0.01352319400315931,-0.16612576408408555,7397
ATF2,0.9107745216719895,0.014194356875751254,-0.09345991875431914,7397
NR2C2,0.8653422000593147,0.014607903650741726,-0.14463024327708876,7397
GCM1,0.7962156068737144,0.015409521607241154,-0.22788526690781194,7397
TFCP2,0.8894024988905,0.01583371810860762,-0.11720539127321625,7397
AEBP1,1.1771381225964386,0.01629269712606867,0.16308617279184628,7397
SP2,1.1912624106795808,0.016497517079037415,0.17501359413102435,7397
RB1,0.799471997861829,0.017298145512789163,-0.22380377188456815,7397
DLX2,0.8418766943688726,0.01745792564243277,-0.17212171920617378,7397
MAFK,1.170091600923738,0.017791186083284043,0.15708203713286442,7397
SETBP1,1.1854687987258776,0.018244713134003297,0.17013830709293581,7397
SPI1,0.9617177003345388,0.018287738148810198,-0.03903432217723816,7397
IRF4,0.9176388926010389,0.018839974582098108,-0.08595132892893327,7397
ATF1,0.8967384236732483,0.019410445026511965,-0.10899107185491141,7397
ID3,1.1813403094866806,0.01960071475399193,0.1666496493789706,7397
MAZ,1.146977297052587,0.019734837613594132,0.13713004462317147,7397
ETV2,1.1474308071938848,0.019996752267647598,0.13752536239280844,7397
EBF3,0.8768187215783909,0.0203409582234416,-0.13145501085120456,7397
SSRP1,0.8999080088340624,0.020363346762888927,-0.1054627332884676,7397
CHD4,1.1827609680714448,0.02163760338482036,0.16785150885027003,7397
IRF5,1.1062866485169616,0.022104147192928223,0.10100904539416519,7397
AP1,0.9528806007195175,0.0235826006599019,-0.04826567098453961,7397
STAT1,0.9587516628194821,0.024117807233644678,-0.042123191940264135,7397
NR1H4,1.1451645888111297,0.024537416282744,0.13554837236235798,7397
EGR3,0.8539794119652461,0.024994780171790843,-0.15784819325319677,7397
PBX2,0.8540458985097635,0.02559291961957843,-0.15777034131020362,7397
ERF,0.80551488717224,0.02567760371958129,-0.21627359463367413,7397
HNF1A,1.1547532629780546,0.025755534860763547,0.1438866960254338,7397
TCF7,1.132566771364237,0.026040114194948703,0.1244865358990423,7397
REL,0.944637291603784,0.026716474597261782,-0.056954243574226945,7397
ARID1B,1.182741994458648,0.02706303056906141,0.16783546692337506,7397
PIAS1,1.1888556872715321,0.02793097472700518,0.17299123714764805,7397
TBX6,0.8073229114435826,0.02845496350577239,-0.21403155264995022,7397
SMAD7,0.8870263844073246,0.029117886418678903,-0.11988055144716694,7397
EHF,1.1265217937151033,0.02982457873839939,0.11913482709903117,7397
TBP,0.8807231825681158,0.030404058299834568,-0.12701191062842165,7397
RARA,0.9094960577229324,0.03129455575534826,-0.0948646155875793,7397
GLI1,0.9011095100042564,0.031698342122273446,-0.10412848602449508,7397
NEUROG3,1.2690151186314622,0.031829494095427874,0.23824110247646077,7397
NR0B1,0.7832853587162096,0.03200966587504938,-0.244258206579617,7397
IRF6,0.863150105472512,0.032379644521579716,-0.14716666852470503,7397
NR2E1,1.1537927550997196,0.033641474447454064,0.143054563656195,7397
HIVEP1,0.8738380683610384,0.03383586860863978,-0.1348601969671924,7397
PPARGC1B,0.8278351501606966,0.034602361089177164,-0.18894123842754104,7397
RFX3,0.7363411758425739,0.037185796315387966,-0.30606171352735484,7397
GABPA,0.8749268463018395,0.038239921714770815,-0.1336150003460199,7397
FOXA1,0.9066984797895395,0.03833173673554116,-0.0979453209726047,7397
E4F1,0.8356994129762015,0.0389555034833712,-0.17948628440863984,7397
GFI1B,0.879362517269819,0.0396175112457411,-0.12855804621657166,7397
ATOH1,1.2006609776689285,0.03984788313633362,0.1828722198753137,7397
OVOL1,0.8753112529672098,0.0403443946540456,-0.1331757382002446,7397
DEAF1,1.2158700271523515,0.04184656713678135,0.1954598922658057,7397
HOXD8,1.2208739331441714,0.04264349195002557,0.1995669409398649,7397
USF2,0.9046238628592201,0.04461439001460182,-0.10023604282665316,7397
NR6A1,1.3273455846454318,0.044682303510798674,0.28318114695045854,7397
YBX1,0.8995617699657079,0.04498658330439849,-0.10584755650329075,7397
TSC22D1,0.8618753533502737,0.04522552779073247,-0.14864462045609228,7397
ZNF423,0.8280308925969141,0.04645997083548168,-0.18870481539321965,7397
MYRF,0.8296223311004066,0.04868152892619021,-0.186784704516363,7397
TBPL1,1.1726377638924173,0.04881567744412409,0.15925571029327215,7397
FOXP2,1.1814547378758664,0.04919569596401788,0.16674650787662407,7397
FOXO6,0.8436096445933158,0.05198518190175095,-0.1700653977812817,7397
ESRRA,0.8910629135412383,0.05211864663820365,-0.115340243969039,7397
HMGA2,1.0976355492900363,0.05221474365746979,0.09315836566656095,7397
NFKBIZ,1.0890604897943381,0.052682600925059914,0.08531538859215648,7397
E2F6,0.8521382706857561,0.05370198092089628,-0.1600064757830712,7397
ZIC1,0.8449620934067323,0.05390158154173638,-0.16846351250488703,7397
EGR1,0.9506147988550041,0.0541765642492269,-0.05064634701366109,7397
TBX5,0.8914284576162392,0.055019346969268294,-0.11493009434807576,7397
GBX2,0.8331361895585657,0.05736079984909976,-0.18255815731137082,7397
BACH2,0.8882825623083134,0.05804134159053593,-0.11846538580745371,7397
PML,0.8500704064597645,0.058945057134880637,-0.1624361017989487,7397
ZFHX3,0.8729218784573557,0.059066826374577025,-0.13590921344981652,7397
KLF2,0.903172960894176,0.05980469989708343,-0.10184120360302562,7397
POU5F1,1.137310260260027,0.060386468805622366,0.12866605376259677,7397
CTBP1,0.8918749249629321,0.0640562341147382,-0.11442937488510324,7397
BARX2,0.8923413043567677,0.06598351142169259,-0.11390659138297657,7397
GRHL2,1.0839411143732276,0.06707617147054774,0.08060357900800924,7397
SOX17,1.145905823835923,0.06892688000196072,0.13619543676209353,7397
NKX6-3,1.2322188547767836,0.06949009761972295,0.20881649119915285,7397
NRF1,1.1638770143559258,0.07021974207027726,0.15175668595724753,7397
NFYC,0.8927712781854542,0.07242958199534484,-0.11342485836377461,7397
NPM1,1.1891688533682168,0.07358568289405931,0.1732546205510933,7397
KLF11,0.8932241061975593,0.07496770760640424,-0.11291777080266677,7397
NRL,0.8038949729334721,0.07505624049346303,-0.21828664901586212,7397
REST,0.9466742173862535,0.07562797629700525,-0.0548002604145645,7397
VSX2,1.158220069029353,0.07862036728635412,0.14688440343472864,7397
NSD2,0.8770421587821792,0.08056747033751516,-0.1312002161779223,7397
TCF7L2,0.9176983506784455,0.08305022997905484,-0.08588653639268941,7397
GATA6,0.9155808955927738,0.08411199809423271,-0.0881965565727294,7397
SIN3A,0.8920047508832976,0.08534566052030984,-0.11428382031395982,7397
JUND,1.0705536250446845,0.085901430553098,0.06817592124899928,7397
HNF4G,0.8441469234826805,0.0860893135488088,-0.16942871958055467,7397
EOMES,1.1245468076490988,0.08742087288364879,0.11738011685025643,7397
NR0B2,0.8835076412353619,0.08887452780986768,-0.1238553384365136,7397
ASXL1,0.9210289241985792,0.08931671462248691,-0.08226383800977975,7397
FOXM1,1.0953903548663517,0.08955605771598063,0.09111078820397113,7397
NFKB1,0.9711015180456872,0.09156399175610956,-0.02932426616022364,7397
FOXH1,1.1956191970195742,0.09246613239533566,0.1786642076884841,7397
NFATC1,0.9409039813793364,0.09433408202271565,-0.060914183519833784,7397
RELA,0.9729094887944,0.0960664144672126,-0.027464223944811305,7397
ETV1,0.9119714800892323,0.09988170339976116,-0.0921465612287617,7397
RBPJ,0.9068474847456106,0.104915676386447,-0.09778099653934495,7397
NFE2L3,0.9331163026375905,0.10658071980427242,-0.06922543141521129,7397
HESX1,1.177456792976776,0.10740038207633548,0.16335685237258898,7397
ZNF24,1.11973907303711,0.11114371325464734,0.1130956876625796,7397
MTF1,0.8898625123171784,0.11326663303398513,-0.11668830873179568,7397
ELK1,1.0917739523014542,0.11661746311069296,0.08780385250760835,7397
MYOD1,1.094209425425514,0.11926229457402691,0.09003211659834605,7397
POU2F1,1.1137410478178154,0.1236665789141102,0.10772466189656278,7397
OLIG1,1.1201029760300143,0.12796865083426,0.11342062396445671,7397
KDM5C,0.8275209042955834,0.1317605024237246,-0.18932091006137725,7397
HOXB1,1.1149915972708175,0.13215400915151837,0.10884686880370141,7397
ZNF202,0.8669985578296301,0.1352194524140793,-0.14271796560594283,7397
ATF5,0.9160836411167526,0.137074978020155,-0.08764760721379612,7397
MSC,0.9054207178663884,0.14165224702080353,-0.09935556168587507,7397
MEF2D,0.8872382652349251,0.1431586566831232,-0.11964171353913511,7397
MKX,0.8905476227912832,0.14383067278510442,-0.11591869897232433,7397
HIVEP2,1.0661112044002115,0.14410268855619884,0.0640176396275467,7397
NR1H3,0.93296465598808,0.147450169677776,-0.06938796096586484,7397
GATA5,1.1323063719664856,0.14804173000386123,0.12425658977630655,7397
ZBTB38,1.1441664598290295,0.1511319659580052,0.1346763892160694,7397
GSC,0.8910937350698388,0.15507829079504395,-0.11530565494609589,7397
NR4A2,0.9013115525238043,0.15751820784939602,-0.10390429587870222,7397
VSX1,0.7293289467565945,0.16128259736197675,-0.3156304186283892,7397
ETV4,1.04247598321825,0.16286247434683765,0.04159863674511217,7397
LEF1,1.0720794305946415,0.16324062998733718,0.06960015560761573,7397
SP1,0.9758928423257771,0.16690646313617755,-0.024402491295703033,7397
CREB1,0.9543790903123689,0.17070189782356654,-0.046694317163944926,7397
IRF1,0.9739057071347237,0.17077683448264436,-0.02644078994926666,7397
CREB3L1,1.118626501006173,0.1753201786700987,0.11210159435140556,7397
VENTX,1.1009673529014579,0.17724622281694263,0.09618920507698142,7397
SMARCC1,0.8635256209347084,0.17739545851471195,-0.14673171080522873,7397
BARX1,0.9349709394973827,0.17913654763751505,-0.06723983092792896,7397
NONO,1.097429866664135,0.1800400671448807,0.09297096111359548,7397
TEAD4,1.0940958678661898,0.18480973834175707,0.08992833075112072,7397
LRRFIP1,1.1185115910932666,0.18537971094033923,0.11199886496387867,7397
POU3F2,1.0965359971986126,0.18713221814405567,0.09215611751944135,7397
CREM,1.108237268642442,0.19178858089861311,0.10277070677414597,7397
FOXQ1,1.1129586521599568,0.1939425219812374,0.10702192170212638,7397
MAF,0.9466675133300824,0.19397535588792436,-0.05480734213263191,7397
ZEB1,0.9362670221000762,0.19805388753908337,-0.06585456316770391,7397
ABL1,1.088926230587666,0.19893575905048433,0.08519210114913779,7397
LHX4,1.1091865512292913,0.19996065573740476,0.10362690993777576,7397
IRF7,1.0543955232960496,0.2043652989652247,0.05296763902117596,7397
MAFB,0.9396262209160288,0.2111881810191676,-0.062273120120145395,7397
HNF4A,0.930382565550429,0.21159880280744925,-0.07215941661358326,7397
TBX3,0.9252273491705609,0.21229830799630348,-0.0777157887822845,7397
FOSL1,1.0653485573010975,0.2192974158967872,0.06330202946650736,7397
PHOX2A,1.1135437275899203,0.22284722094606207,0.10754747734379244,7397
ATF6,0.9208290740099899,0.223353537160952,-0.08248084734444938,7397
PDX1,1.0940357566114989,0.22464975672390605,0.08987338775405994,7397
HOXD3,0.9436647752776243,0.22529215409511028,-0.05798428683817535,7397
MYT1,0.8600864470807206,0.22851685545041345,-0.15072237492506343,7397
MECOM,0.916558746744731,0.23095224434233633,-0.08712911474437703,7397
FEV,0.9309924048764154,0.23534991576475892,-0.07150415976582764,7397
PKNOX1,1.093847180829867,0.23546564720448682,0.08970100578711679,7397
IRF3,0.959074043428432,0.23717082556213942,-0.0417869980818378,7397
KLF5,1.0484963515080499,0.23863188926023737,0.04735709162850903,7397
APEX1,0.9312931937687522,0.24271131630711423,-0.07118112779353382,7397
HOXC13,0.9315856433126389,0.24580700050786566,-0.07086715187575761,7397
NACC1,0.8630359363722673,0.25281597297073105,-0.1472989475463674,7397
EWSR1,0.9164191503166008,0.25402325715553414,-0.08728143128744484,7397
TCF15,0.9148948424063673,0.25659988278985896,-0.0889461466429916,7397
MBD1,1.08916712997239,0.26203546258055066,0.08541330322437345,7397
NR3C1,0.9596245969935688,0.2671144906288419,-0.041213115796576286,7397
NR3C2,0.9537154805034125,0.2741703863317859,-0.04738989048181082,7397
SOX11,1.104149153417436,0.27514510482963594,0.09907504146253591,7397
CEBPE,1.0403197692763944,0.27848953755840045,0.03952813635199858,7397
INSM1,1.115342887901077,0.2791707503885208,0.10916188041787844,7397
HIF3A,0.9426289497791369,0.28644378394942865,-0.05908255227673827,7397
FHL2,0.8843801272317937,0.28849566317649633,-0.12286830059075397,7397
NFIL3,1.0517688856537475,0.2978503362621595,0.05047339973683187,7397
TGIF1,1.0668611729889628,0.30081205509182274,0.06472085419104222,7397
PBRM1,1.10059557197981,0.30204467651509487,0.09585146235704338,7397
NFKB,0.982852529888559,0.3161576621490977,-0.017296190548413377,7397
IRF9,1.03722269166869,0.31777515759413033,0.03654665225706516,7397
ZKSCAN7,1.1183095754131422,0.3189251521644774,0.11181823748797787,7397
HSF2,0.9373040815829595,0.3209794837779109,-0.06474752262170301,7397
FOXN4,1.108285723483954,0.32400120247190267,0.10281442826198234,7397
ZMYND8,0.9590521283127164,0.3243277847884767,-0.04180984862841756,7397
CEBPA,0.9767342974361858,0.32754552881543125,-0.02354062151487157,7397
NFX1,0.8776486390228082,0.3309568022952333,-0.13050894878706537,7397
NR2F6,1.0965238236630033,0.3333797092245651,0.0921450156466207,7397
HOXD1,0.8835497579481661,0.33631548018906077,-0.1238076696818578,7397
LMX1A,0.9058164298648027,0.339055718169862,-0.09891860951182545,7397
POU4F1,0.9177791965756952,0.3434724385830723,-0.08579844389880646,7397
HOXD10,1.1073202358463892,0.3440777649196538,0.10194289449975179,7397
HOXB7,0.9423627577566871,0.3467396723595564,-0.05936498537514937,7397
NUPR1,1.101775403949556,0.35215339790494093,0.09692288229083806,7397
NEUROD1,0.9200357871962513,0.3521620629388148,-0.08334271056924232,7397
ZGPAT,0.9226046053738056,0.35728153327217704,-0.08055451613685692,7397
PROX1,1.0768262029097238,0.3595295329066549,0.07401801366660775,7397
SPIB,0.9522354813902645,0.36024279864405695,-0.048942920376289584,7397
TFAP4,0.9378916961979986,0.3676785212004289,-0.06412079911769843,7397
SMAD9,1.0864444413705778,0.3729164440199856,0.08291038399094414,7397
KDM5B,0.9478949500493368,0.3751299846916578,-0.053511595051482896,7397
RARB,1.0459610203930123,0.3801795143355695,0.04493609954970905,7397
ATF3,1.0484636051133285,0.38467740079842505,0.04732585937286144,7397
EBF1,0.9622404801777894,0.3900689946450724,-0.03849088016128192,7397
NHLH1,0.936120946253231,0.403325545142444,-0.06601059476971217,7397
KLF12,0.9340233057999462,0.4061593314917601,-0.06825388838800533,7397
SIX1,0.945073678816829,0.4116975242154155,-0.056492387525727494,7397
TBX18,0.938067018862225,0.41452342012177434,-0.0639338838478373,7397
TFE3,0.957197459906693,0.41748805132752753,-0.043745576621839824,7397
NFYB,0.9633368830901665,0.419872904552825,-0.037352101681873036,7397
CIITA,1.0230649772197007,0.4245054687875336,0.02280300129620539,7397
JDP2,0.959003321322112,0.42482839211218226,-0.04186074078653971,7397
SCX,1.0366814062310143,0.4288366749836834,0.036024655651229254,7397
SIRT1,0.9434677485268902,0.429192960749906,-0.05819309755916563,7397
ESRRG,0.9367438374741917,0.4299708567419147,-0.06534541995374074,7397
RFXANK,0.983167121796803,0.43083513165612075,-0.01697616128455608,7397
SP7,0.9680745726693875,0.4309034829647711,-0.032446156791226595,7397
ELF2,0.9694642970692946,0.435311061649986,-0.031011631105126197,7397
TOX,0.9158727139495945,0.4451425499198264,-0.08787788253395516,7397
ENO1,1.0662648581270602,0.4491152038251962,0.06416175466411532,7397
ZNF395,1.063076511623954,0.4510350552154542,0.061167073838216325,7397
BHLHE40,1.0650992634873997,0.45334195426106594,0.06306799997054606,7397
NFIX,1.065784333198554,0.45367658165756,0.06371099120274906,7397
HOXB6,0.9472278112670692,0.4614402595536101,-0.054215653726143544,7397
ETV3,0.9470780856075699,0.4656550004928608,-0.05437373343233901,7397
SNAI2,1.030076421392293,0.46797356045536986,0.02963299501569048,7397
SMAD6,0.9465809094027923,0.47564852715465755,-0.054898829257417715,7397
MESP2,1.0889355343258078,0.47930758136713414,0.08520064506895104,7397
ETV7,1.029162052946706,0.48173904007912616,0.028744930309174056,7397
EPAS1,1.0294669311837132,0.48526597136374794,0.029041125730093872,7397
POU2F2,1.0289912930796579,0.4854814790080295,0.028578995280309646,7397
TWIST2,1.0312563372393408,0.48987853915583224,0.0307778038496571,7397
MTA1,1.0399468902537163,0.49394069398770646,0.03916964478558002,7397
KLF1,1.0411301774440267,0.4947629762431849,0.040306832193192955,7397
VDR,1.0338967733424587,0.4967329530638843,0.03333493874526593,7397
KDM5D,1.060801716722797,0.49772512610200625,0.05902495877657998,7397
YBX3,1.0533758582165336,0.5019353358964371,0.052000109840352124,7397
NR5A1,0.9529922208315853,0.5021401071673274,-0.04814853818225268,7397
NEUROG1,0.9299301394511924,0.5107225274892098,-0.07264581452608464,7397
CEBPG,0.9837258011227858,0.5255721535692148,-0.016408078157612544,7397
NKX2-2,1.0620352806836793,0.5336768880999666,0.06018714325069121,7397
BCOR,1.037897434227406,0.5421836570844697,0.03719696890531667,7397
HSF1,0.9719793918227896,0.5430458264899263,-0.028420676574865647,7397
NKRF,1.040703848377969,0.5478845349924208,0.039897261529317156,7397
ZNF160,1.0626242598642104,0.5501114836324866,0.060741565438696105,7397
POU4F3,1.0704791090378547,0.5637161366924539,0.0681063137127168,7397
TBX1,0.9510065319638802,0.56661761574512,-0.050234347938904717,7397
DNMT3B,0.9496463341768919,0.5687666221990155,-0.05166564351468156,7397
SP3,0.9836701855099782,0.5826880259518641,-0.01646461544161676,7397
SON,0.9626482896763843,0.5829790394674771,-0.03806715749108597,7397
HIF1A,1.0140287573416098,0.5856035450393922,0.013931265064291404,7397
PPARD,1.0229581296943053,0.5870791691082695,0.02269855719180459,7397
MEIS2,1.029834511982842,0.5955920169563313,0.029398121355239025,7397
FGF2,1.021894948140637,0.597023276439161,0.021658696029166296,7397
KLF17,1.0338945821393788,0.6054956775477571,0.03333281937952422,7397
SOX18,0.973907239418503,0.6091410211911734,-0.026439216611557816,7397
ID1,0.9703727703898968,0.6107814481551509,-0.030074981937771156,7397
NANOG,1.0488712638591122,0.6183617693333432,0.04771459915585772,7397
FOXC2,1.0321661526705066,0.6190417176996931,0.03165965474987298,7397
MNX1,0.9589138288323074,0.6208886568416842,-0.04195406336813551,7397
LMO2,0.979138399569143,0.6210024363833758,-0.021082278139666812,7397
IRF2,1.015905026720709,0.6231501360532462,0.015779867149886134,7397
PPARG,0.983803244768562,0.625082441386718,-0.016329356426944594,7397
PIN1,0.9668242114222175,0.627239335801788,-0.03373858762171562,7397
PBX1,1.0474089455279267,0.6309687246121753,0.046319443525582156,7397
DLX3,0.9674510988752869,0.6330503749209604,-0.03309039915373403,7397
BHLHE41,0.9613000367292207,0.6351908995409442,-0.039468705702502264,7397
NR2E3,0.9596339427864012,0.6360717380746086,-0.04120337683474408,7397
RCOR2,0.9449092460386727,0.6413577027582374,-0.056666392038052814,7397
RFXAP,0.9907814829674554,0.6483788383366291,-0.009261270512652148,7397
FOXE1,1.0248224397217647,0.6485259103234446,0.024519368044660067,7397
CDX1,1.0376038199716855,0.651978474695021,0.03691403555889227,7397
ZNF436,0.9303803748525875,0.6528660338202036,-0.07216177123683361,7397
KDM2A,0.9568849862714547,0.6545325825887249,-0.04407207628609219,7397
ZNF350,1.0344883019247404,0.6717920783670303,0.03390691018857349,7397
STAT4,0.9824541807844898,0.6766631150089512,-0.017701571660034405,7397
ONECUT1,0.976023554624198,0.6771372018061994,-0.02426855902399251,7397
FOXI1,1.0341386720047332,0.6942288244585579,0.03356887928426582,7397
TLX2,0.9674454427982278,0.6991819127406713,-0.033096245540801636,7397
LMX1B,0.9745197142698432,0.7068734192619632,-0.02581053010077638,7397
IRF8,1.0136781722514137,0.7156096619857519,0.013585470424471299,7397
ATOH7,1.0518120599250926,0.7240596637637452,0.050514448094340636,7397
TSHZ3,1.0427089952785522,0.7293201943955976,0.04182212968571462,7397
MEOX1,0.9706640653355268,0.7328991093772319,-0.029774838280056344,7397
PRDM1,0.9762976439488059,0.7373297782517255,-0.023987775998526143,7397
KAT2B,0.9647341443462465,0.739182743978565,-0.03590271368651166,7397
NR1H2,0.9766955024370042,0.7415808971579967,-0.023580341395452058,7397
MYF5,1.0302010221623095,0.7440860347879594,0.029753950346787527,7397
IRX1,0.969378993238268,0.7465728652571786,-0.031099625665086793,7397
ZNF362,0.9793054596364184,0.7540956494969336,-0.020911673231187797,7397
SREBF1,0.9899098286876814,0.7560546978260116,-0.010141422135386002,7397
PPARA,0.9898992144982466,0.7565785351125762,-0.010152144572957947,7397
PAX2,1.0226380796649888,0.7629777029873528,0.022385641054725545,7397
TFEB,0.9759357265898724,0.7632979119893794,-0.024358548641327405,7397
CEBPD,0.9917042582732155,0.7649952151714394,-0.008330342886585634,7397
YY1,0.9707920999094463,0.7674466242064136,-0.0296429428745385,7397
DMAP1,1.0230385691591055,0.7863958611127476,0.02277718827159718,7397
SOX5,0.9876276460655927,0.797474863603829,-0.012449528721876768,7397
PEG3,0.9820705260169422,0.8027162031913194,-0.01809215445199074,7397
ZNF384,0.9875860115532332,0.8052004267836655,-0.012491685692799957,7397
SRY,1.0175587869077838,0.8061287702604413,0.01740641249639963,7397
ELF1,1.0092489227041277,0.8104090446184811,0.009206413328126653,7397
HES1,0.9851914647254612,0.8122049375114091,-0.014919276267536323,7397
IKZF2,0.9834147038667456,0.8151492503102188,-0.016724372044952866,7397
CEBPZ,1.0118879019443836,0.8172749763548692,0.011817795900293542,7397
HOXA11,1.0308050560533397,0.8212544523156964,0.030340104764000578,7397
ASCL1,0.9861242425428564,0.8273041663226579,-0.013972925681913984,7397
RXRA,0.9869785719420737,0.8410256984485056,-0.013106950076045896,7397
FOXD3,0.981904421872703,0.843492845553758,-0.018261305433080157,7397
DLX5,0.9923024162417002,0.8632303389528799,-0.0077273630737738205,7397
FOSL2,1.012449471317547,0.8681876943965491,0.012372613881709078,7397
ELF4,0.9916371053405343,0.8691708898135626,-0.008398059855473473,7397
ASCL2,1.0103457646723817,0.8738645099141057,0.010292613527553259,7397
CTBP2,1.011350116004093,0.8865193240459134,0.011286186719183782,7397
ZXDC,0.9924055555413943,0.8925690711840856,-0.0076234290933059464,7397
AIRE,0.9914375787226141,0.8985268820877265,-0.008599289410968224,7397
ELF3,1.0070373321513495,0.9017436720493216,0.007012685692101451,7397
MTA2,0.9887615493889372,0.9031888711486202,-0.011302079170579626,7397
MYF6,1.007550340448084,0.9349477287663265,0.007521979295750928,7397
ZNF217,0.9957499521176192,0.9415639481430274,-0.004259105007134144,7397
LYL1,0.9941217944149487,0.9454012850414378,-0.005895550239196622,7397
TCF12,0.9951002165293283,0.9497214193100304,-0.004911826765497788,7397
RFX5,0.9986945480768388,0.9529120852154503,-0.0013063047678357122,7397
NKX3-2,0.9966040373458099,0.9567583176452985,-0.0034017420234219477,7397
ERG,1.0015708022012104,0.9697188647650019,0.0015695697818553487,7397
RUNX2,1.0012017712862018,0.9720641728372967,0.0012010497371230044,7397
NOTO,1.001882505784401,0.9723454464320002,0.0018807360910107532,7397
SP4,1.002091119386215,0.9780248323491804,0.0020889360393008755,7397
NFIB,0.9998546363234506,0.9982300755700424,-0.00014537424287254953,7397
